/*
SQLyog Community v11.52 (64 bit)
MySQL - 10.1.21-MariaDB : Database - cartinho_live
*********************************************************************
*/

/*!40101 SET NAMES utf8 */;

/*!40101 SET SQL_MODE=''*/;

/*!40014 SET @OLD_UNIQUE_CHECKS=@@UNIQUE_CHECKS, UNIQUE_CHECKS=0 */;
/*!40014 SET @OLD_FOREIGN_KEY_CHECKS=@@FOREIGN_KEY_CHECKS, FOREIGN_KEY_CHECKS=0 */;
/*!40101 SET @OLD_SQL_MODE=@@SQL_MODE, SQL_MODE='NO_AUTO_VALUE_ON_ZERO' */;
/*!40111 SET @OLD_SQL_NOTES=@@SQL_NOTES, SQL_NOTES=0 */;
CREATE DATABASE /*!32312 IF NOT EXISTS*/`cartinho_live` /*!40100 DEFAULT CHARACTER SET latin1 */;

USE `cartinho_live`;

/*Table structure for table `appbanners_list` */

DROP TABLE IF EXISTS `appbanners_list`;

CREATE TABLE `appbanners_list` (
  `id` int(11) NOT NULL AUTO_INCREMENT,
  `img1` varchar(250) DEFAULT NULL,
  `create_at` datetime DEFAULT NULL,
  `status` int(11) DEFAULT '1',
  PRIMARY KEY (`id`)
) ENGINE=InnoDB AUTO_INCREMENT=5 DEFAULT CHARSET=latin1;

/*Data for the table `appbanners_list` */

insert  into `appbanners_list`(`id`,`img1`,`create_at`,`status`) values (1,'1.png','2017-10-13 10:24:05',1),(2,'2.png','2017-10-13 10:24:05',1),(3,'3.png','2017-10-13 10:24:05',1),(4,'honor.png','2017-10-13 10:24:05',1);

/*Table structure for table `assign_orders` */

DROP TABLE IF EXISTS `assign_orders`;

CREATE TABLE `assign_orders` (
  `delivery_id` int(11) NOT NULL AUTO_INCREMENT,
  `deliveryboy_id` int(11) NOT NULL,
  `order_id` int(250) NOT NULL,
  `pickup_time` datetime NOT NULL,
  `delivered_time` datetime NOT NULL,
  `delivery_drop` varchar(250) NOT NULL,
  `payment_mode` varchar(250) NOT NULL,
  `status` varchar(150) NOT NULL,
  `created_at` datetime NOT NULL,
  `updated_at` datetime NOT NULL,
  PRIMARY KEY (`delivery_id`)
) ENGINE=InnoDB DEFAULT CHARSET=latin1;

/*Data for the table `assign_orders` */

/*Table structure for table `backupsubcategories` */

DROP TABLE IF EXISTS `backupsubcategories`;

CREATE TABLE `backupsubcategories` (
  `subcategory_id` int(11) NOT NULL AUTO_INCREMENT,
  `category_id` int(11) NOT NULL,
  `subcategory_name` varchar(500) NOT NULL,
  `subcategory_image` varchar(500) DEFAULT NULL,
  `commission` int(11) DEFAULT NULL,
  `created_at` datetime NOT NULL,
  `updated_at` datetime NOT NULL,
  `yes` int(11) DEFAULT '0',
  `status` int(11) DEFAULT '1',
  `created_by` int(11) DEFAULT NULL,
  `document` varchar(250) DEFAULT NULL,
  PRIMARY KEY (`subcategory_id`)
) ENGINE=InnoDB AUTO_INCREMENT=68 DEFAULT CHARSET=latin1;

/*Data for the table `backupsubcategories` */

insert  into `backupsubcategories`(`subcategory_id`,`category_id`,`subcategory_name`,`subcategory_image`,`commission`,`created_at`,`updated_at`,`yes`,`status`,`created_by`,`document`) values (31,20,'Printers','gaming.png',12,'2017-09-18 16:05:15','2017-09-18 16:05:15',0,1,12,'Electronicprinters.xlsx'),(32,20,'head phones','smart-wearable-tech.png',12,'2017-09-18 16:05:03','2017-09-18 16:05:03',0,1,12,'Electronicheadphone.xlsx'),(35,20,'computer speakers','tablets.png',12,'2017-09-18 16:04:09','2017-09-18 16:04:09',0,1,12,'Electroniccomputerspeakers.xlsx'),(36,20,'Dslr','routers.png',12,'2017-09-18 16:03:59','2017-09-18 16:03:59',0,1,12,'Electronicdslr.xlsx'),(38,20,'Camera Accessories','computer-accessories.png',12,'2017-09-18 16:00:41','2017-09-18 16:00:41',0,1,12,'Electroniccameraaccessories.xlsx'),(39,20,'Laptops','Laptops.png',12,'2017-09-18 16:06:45','2017-09-18 16:06:45',0,1,12,'Electroniclaptops.xlsx'),(40,20,'Mobiles','mobiles_Cat.png',12,'2017-09-18 16:06:39','2017-09-18 16:06:39',0,1,12,'Electroniccategoryfilemobiles.xlsx'),(41,21,'Fruits & Vegetables','Fruits-&-Vegetables.png',12,'2017-09-18 15:55:05','2017-09-18 15:55:05',0,1,12,'grocerycategoryfile.xlsx'),(42,21,'Grocery & Staples','Grocery-&-Staples.png',12,'2017-09-18 15:56:47','2017-09-18 15:56:47',0,1,12,'grocerycategoryfile.xlsx'),(43,21,'Bread Dairy & Eggs','Bread-Dairy-&-Eggs.png',12,'2017-09-18 15:56:59','2017-09-18 15:56:59',0,1,12,'grocerycategoryfile.xlsx'),(44,21,'Beverages','Beverages.png',12,'2017-11-22 15:21:25','2017-11-22 15:21:25',0,1,12,'grocerycategoryfile.xlsx'),(45,21,'Branded Foods','Branded-Foods.png',12,'2017-09-18 15:57:22','2017-09-18 15:57:22',0,1,12,'grocerycategoryfile.xlsx'),(55,22,'Men T-shirts,Shirts & More','0.09978400 15094487245.jpeg',10,'2017-12-04 11:09:52','2017-12-04 11:09:52',0,1,12,'clothcategoryfile.xlsx'),(56,22,'Men Ethnic Wear','0.02786200 15094491041.jpeg',10,'2017-12-04 13:00:08','2017-12-04 13:00:08',0,1,12,'clothcategoryfile.xlsx'),(57,22,'Women Western Wear','0.02786200 15094491041.jpeg',10,'2017-12-04 13:00:39','2017-12-04 13:00:39',0,1,12,'clothcategoryfile.xlsx'),(58,22,'women winter wear','0.02786200 15094491041.jpeg',10,'2017-12-04 13:00:56','2017-12-04 13:00:56',0,1,12,'clothcategoryfile.xlsx'),(59,22,'Men Innerwear & Nightwear','0.02786200 15094491041.jpeg',10,'2017-12-04 13:01:13','2017-12-04 13:01:13',0,1,12,'clothcategoryfile.xlsx'),(60,22,'Men Sports & Active Wear','0.02786200 15094491041.jpeg',10,'2017-12-04 13:01:29','2017-12-04 13:01:29',0,1,12,'clothcategoryfile.xlsx'),(61,22,'women Lingerie & Sleepwear','0.02786200 15094491041.jpeg',10,'2017-12-04 13:01:51','2017-12-04 13:01:51',0,1,12,'clothcategoryfile.xlsx'),(62,22,'Men Jeans, Trousers & More','0.02786200 15094491041.jpeg',10,'2017-12-04 14:22:05','2017-12-04 14:22:05',0,1,12,'clothcategoryfile62.xlsx'),(63,22,'women ethnic wear','0.02786200 15094491041.jpeg',10,'2017-12-04 14:27:02','2017-12-04 14:27:02',0,1,12,'clothcategoryfile63.xlsx'),(64,22,'kids clothing','0.02786200 15094491041.jpeg',10,'2017-12-04 14:27:25','2017-12-04 14:27:25',0,1,12,'clothcategoryfile64.xlsx'),(65,23,'Women Bags','0.07213200 15094490251.jpeg',10,'2017-12-05 11:12:11','2017-12-05 11:12:11',0,1,12,'bagscategoryfile.xlsx'),(66,23,'Men Bags','0.07213200 15094490251.jpeg',10,'2017-12-05 11:12:26','2017-12-05 11:12:26',0,1,12,'bagscategoryfile.xlsx'),(67,24,'shoes','0.02786200 15094491041.jpeg',10,'2017-12-06 13:08:57','2017-12-06 13:08:57',0,1,12,'footwareshoe.xlsx');

/*Table structure for table `billing_address` */

DROP TABLE IF EXISTS `billing_address`;

CREATE TABLE `billing_address` (
  `billing_id` int(11) NOT NULL AUTO_INCREMENT,
  `cust_id` int(11) DEFAULT NULL,
  `order_id` int(11) DEFAULT NULL,
  `name` varchar(250) DEFAULT NULL,
  `emal_id` varchar(250) DEFAULT NULL,
  `mobile` varchar(45) DEFAULT NULL,
  `address1` varchar(250) DEFAULT NULL,
  `address2` varbinary(250) DEFAULT NULL,
  `landmark` varchar(250) DEFAULT NULL,
  `pincode` varchar(250) DEFAULT NULL,
  `city` varchar(250) DEFAULT NULL,
  `state` varchar(250) DEFAULT NULL,
  `area` int(11) DEFAULT NULL,
  `create-at` datetime DEFAULT NULL,
  PRIMARY KEY (`billing_id`)
) ENGINE=InnoDB AUTO_INCREMENT=386 DEFAULT CHARSET=latin1;

/*Data for the table `billing_address` */

insert  into `billing_address`(`billing_id`,`cust_id`,`order_id`,`name`,`emal_id`,`mobile`,`address1`,`address2`,`landmark`,`pincode`,`city`,`state`,`area`,`create-at`) values (37,13,75,'vasu reddy','vasu@gmail.com','8500050944','Sanjeevareddy Nagar Road, Ameerpet','Hyderabad',NULL,NULL,NULL,NULL,NULL,'2017-09-27 17:59:03'),(38,13,76,'vasu reddy','vasu@gmail.com','8500050944','kukatpalli','venkatarao',NULL,NULL,NULL,NULL,NULL,'2017-09-27 18:46:51'),(39,13,77,'vasu reddy','vasu@gmail.com','8500050944','kukatpalli','venkatarao',NULL,NULL,NULL,NULL,1,'2017-09-28 10:09:24'),(40,13,78,'vasu reddy','vasu@gmail.com','8500050944','kukatpalli','venkatarao',NULL,NULL,NULL,NULL,1,'2017-09-28 13:16:30'),(41,13,79,'vasu reddy','vasu@gmail.com','8500050944','kukatpalli','venkatarao',NULL,NULL,NULL,NULL,2,'2017-09-28 13:25:39'),(42,13,80,'vasu reddy','vasu@gmail.com','8500050944','kukatpalli','venkatarao',NULL,NULL,NULL,NULL,2,'2017-09-28 13:27:32'),(43,13,81,'vasu reddy','vasu@gmail.com','8500050944','HITEC City','Hyderabad',NULL,NULL,NULL,NULL,6,'2017-09-28 13:41:39'),(44,13,82,'vasu reddy','vasu@gmail.com','8500050944','Alwyn Cross Roads, Indra Reddy Alwyn Colony, Miyapur','Hyderabad',NULL,NULL,NULL,NULL,3,'2017-09-28 13:43:08'),(45,13,83,'vasu reddy','vasu@gmail.com','8500050944','Sanjeev Reddy Nagar','Hyderabad',NULL,NULL,NULL,NULL,4,'2017-09-28 13:45:04'),(46,13,84,'vasu reddy','vasu@gmail.com','8500050944','kukatpalli','venkatarao',NULL,NULL,NULL,NULL,2,'2017-09-28 13:48:37'),(47,13,85,'vasu reddy','vasu@gmail.com','8500050944','Sanjeev Reddy Nagar','Hyderabad',NULL,NULL,NULL,NULL,4,'2017-09-28 14:36:18'),(48,13,86,'vasu reddy','vasu@gmail.com','8500050944','Alwyn Cross Roads, Indra Reddy Alwyn Colony, Miyapur','Hyderabad',NULL,NULL,NULL,NULL,3,'2017-09-28 14:37:06'),(49,13,87,'vasu reddy','vasu@gmail.com','8500050944','kukatpalli','Hyderabad',NULL,NULL,NULL,NULL,2,'2017-09-28 14:38:03'),(50,13,88,'jg','vasu@gmail.com','5677436573','bmbn','bnbn',NULL,NULL,NULL,NULL,NULL,'2017-10-06 16:11:27'),(51,13,89,'vasu','vasu@gmail.com','8500050944','kukatpalli','venkatarao',NULL,'500072','hyderabad','ts',NULL,'2017-10-06 18:45:00'),(53,13,91,'vasu','vasu@gmail.com','8500050944','kukatpalli','venkatarao',NULL,'500072','hyderabad','ts',NULL,'2017-10-07 11:09:05'),(54,13,93,'vasu','vasu@gmail.com','8500050944','kukatpalli','venkatarao',NULL,'500072','hyderabad','ts',NULL,'2017-10-07 11:46:15'),(55,13,94,'vasu','vasu@gmail.com','8500050944','kukatpalli','venkatarao',NULL,'500072','hyderabad','ts',NULL,'2017-10-07 11:51:01'),(56,13,95,'vasu','vasu@gmail.com','8500050944','kukatpalli','venkatarao',NULL,'500072','hyderabad','ts',NULL,'2017-10-07 11:51:18'),(57,13,96,'vasu','vasu@gmail.com','8500050944','kukatpalli','venkatarao',NULL,'500072','hyderabad','ts',NULL,'2017-10-07 12:01:40'),(58,13,97,'vasu','vasu@gmail.com','8500050944','kukatpalli','venkatarao',NULL,'500072','hyderabad','ts',NULL,'2017-10-07 12:03:35'),(59,13,98,'vasu','vasu@gmail.com','8500050944','kukatpalli','venkatarao',NULL,'500072','hyderabad','ts',NULL,'2017-10-07 12:07:07'),(60,13,99,'vasu','vasu@gmail.com','8500050944','kukatpalli','venkatarao',NULL,'500072','hyderabad','ts',NULL,'2017-10-07 12:14:55'),(61,13,102,'vaausdevareddy','vasu@gmail.com','8500050944','kukatpalli','hyd',NULL,'500072','hyd','ts',NULL,'2017-10-07 19:31:01'),(62,13,103,'vaausdevareddy','vasu@gmail.com','8500050944','kukatpalli','hyd',NULL,'500072','hyd','ts',NULL,'2017-10-07 19:31:34'),(63,13,104,'vaausdevareddy','vasu@gmail.com','8500050944','kukatpalli','hyd',NULL,'500072','hyd','ts',NULL,'2017-10-07 19:41:39'),(64,13,105,'vasu','vasu@gmail.com','8500050944','kukatpalli','venkatarao',NULL,'500072','hyd','ta',NULL,'2017-10-07 19:43:10'),(65,13,106,'vasu','vasu@gmail.com','8500050944','kukatpalli','venkatarao',NULL,'500072','hyderabad','ts',NULL,'2017-10-08 15:06:42'),(66,13,107,'vasu','vasu@gmail.com','8500050944','kukatpalli','venkatarao',NULL,'500072','ghfdgh','ghfdg',NULL,'2017-10-08 16:54:37'),(67,13,110,'vasu','vasu@gmail.com','8500050944','kukatpalli','venkatarao',NULL,'500072','hyderabad','ts',NULL,'2017-10-08 17:17:58'),(68,13,111,'vasu','vasu@gmail.com','8500050944','kukatpalli','venkatarao',NULL,'500072','hyderabad','ts',NULL,'2017-10-08 17:40:50'),(69,13,112,'vasu','vasu@gmail.com','8500050944','kukatpalli','venkatarao',NULL,'500072','hyderabad','ts',NULL,'2017-10-08 17:41:17'),(70,13,113,'vasu','vasu@gmail.com','8500050944','kukatpalli','venkatarao',NULL,'500072','hyderabad','ts',NULL,'2017-10-08 19:56:43'),(71,13,114,'vasu','vasu@gmail.com','8500050944','kukatpalli','venkatarao',NULL,'500072','hyderabad','ts',NULL,'2017-10-08 19:59:45'),(72,13,115,'vasu','vasu@gmail.com','8500050944','kukatpalli','venkatarao',NULL,'500072','hyderabad','ts',NULL,'2017-10-08 20:06:55'),(73,13,116,'vasu','vasu@gmail.com','8500050944','kukatpalli','venkatarao',NULL,'500072','hyderabad','ts',NULL,'2017-10-09 16:32:12'),(74,13,117,'vasu','vasu@gmail.com','8500050944','kukatpalli','venkatarao',NULL,'500072','hyderabad','ts',NULL,'2017-10-09 16:34:49'),(75,13,118,'vasu','vasu@gmail.com','8500050944','kukatpalli','venkatarao',NULL,'500072','hyderabad','ts',NULL,'2017-10-09 16:34:54'),(76,13,119,'vasu','vasu@gmail.com','8500050944','kukatpalli','venkatarao',NULL,'500072','hyderabad','ts',NULL,'2017-10-09 16:35:07'),(77,13,120,'vasu','vasu@gmail.com','8500050944','kukatpalli','venkatarao',NULL,'500072','hyderabad','ts',NULL,'2017-10-09 17:13:15'),(78,13,121,'vasu','vasu@gmail.com','8500050944','kukatpalli','venkatarao',NULL,'500072','hyderabad','ts',NULL,'2017-10-09 17:16:11'),(79,13,122,'vasudevareddy','vasu@gmail.com','8500050944','kukatpalli','venkatarao',NULL,'500072','hyd','ts',NULL,'2017-10-11 09:07:51'),(80,67,123,'gshshs','fais.riz@gmail.com','7098765432','hdjsjsjss','hsususu',NULL,'hsuusj','hshsjs','hsususi',NULL,'2017-10-11 10:22:01'),(81,13,124,'vaausdevareddy','vasu@gmail.com','8500050944','kukatpalli','hyd',NULL,'500072','hyd','ts',NULL,'2017-10-11 10:34:09'),(82,13,125,'vaausdevareddy','vasu@gmail.com','8500050944','kukatpalli','hyd',NULL,'500072','hyd','ts',NULL,'2017-10-11 10:38:57'),(83,13,126,'vaausdevareddy','vasu@gmail.com','8500050944','kukatpalli','hyd',NULL,'500072','hyd','ts',NULL,'2017-10-11 10:39:01'),(84,13,127,'vaausdevareddy','vasu@gmail.com','8500050944','kukatpalli','hyd',NULL,'500072','hyd','ts',NULL,'2017-10-11 10:39:07'),(85,13,128,'vaausdevareddy','vasu@gmail.com','8500050944','kukatpalli','hyd',NULL,'500072','hyd','ts',NULL,'2017-10-11 10:39:11'),(86,13,129,'vaausdevareddy','vasu@gmail.com','8500050944','kukatpalli','hyd',NULL,'500072','hyd','ts',NULL,'2017-10-11 10:39:18'),(87,13,130,'vaausdevareddy','vasu@gmail.com','8500050944','kukatpalli','hyd',NULL,'500072','hyd','ts',NULL,'2017-10-11 10:39:21'),(88,13,131,'vaausdevareddy','vasu@gmail.com','8500050944','kukatpalli','hyd',NULL,'500072','hyd','ts',NULL,'2017-10-11 10:39:42'),(89,13,132,'vaausdevareddy','vasu@gmail.com','8500050944','kukatpalli','hyd',NULL,'500072','hyd','ts',NULL,'2017-10-11 10:39:45'),(90,13,133,'vaausdevareddy','vasu@gmail.com','8500050944','kukatpalli','hyd',NULL,'500072','hyd','ts',NULL,'2017-10-11 10:39:50'),(91,13,134,'vaausdevareddy','vasu@gmail.com','8500050944','kukatpalli','hyd',NULL,'500072','hyd','ts',NULL,'2017-10-11 10:39:59'),(92,13,135,'vaausdevareddy','vasu@gmail.com','8500050944','kukatpalli','hyd',NULL,'500072','hyd','ts',NULL,'2017-10-11 10:41:57'),(93,13,136,'vaausdevareddy','vasu@gmail.com','8500050944','kukatpalli','hyd',NULL,'500072','hyd','ts',NULL,'2017-10-11 10:42:07'),(94,13,137,'vaausdevareddy','vasu@gmail.com','8500050944','kukatpalli','hyd',NULL,'500072','hyd','ts',NULL,'2017-10-11 10:42:10'),(95,13,138,'vaausdevareddy','vasu@gmail.com','8500050944','kukatpalli','hyd',NULL,'500072','hyd','ts',NULL,'2017-10-11 10:42:18'),(96,13,139,'vaausdevareddy','vasu@gmail.com','8500050944','kukatpalli','hyd',NULL,'500072','hyd','ts',NULL,'2017-10-11 10:42:23'),(97,13,140,'vaausdevareddy','vasu@gmail.com','8500050944','kukatpalli','hyd',NULL,'500072','hyd','ts',NULL,'2017-10-11 10:42:26'),(98,13,141,'vaausdevareddy','vasu@gmail.com','8500050944','kukatpalli','hyd',NULL,'500072','hyd','ts',NULL,'2017-10-11 10:42:30'),(99,13,142,'vaausdevareddy','vasu@gmail.com','8500050944','kukatpalli','hyd',NULL,'500072','hyd','ts',NULL,'2017-10-11 10:42:36'),(100,13,143,'vaausdevareddy','vasu@gmail.com','8500050944','kukatpalli','hyd',NULL,'500072','hyd','ts',NULL,'2017-10-11 10:44:27'),(101,13,144,'vaausdevareddy','vasu@gmail.com','8500050944','kukatpalli','hyd',NULL,'500072','hyd','ts',NULL,'2017-10-11 10:44:30'),(102,13,145,'vaausdevareddy','vasu@gmail.com','8500050944','kukatpalli','hyd',NULL,'500072','hyd','ts',NULL,'2017-10-11 10:44:32'),(103,13,146,'vaausdevareddy','vasu@gmail.com','8500050944','kukatpalli','hyd',NULL,'500072','hyd','ts',NULL,'2017-10-11 10:44:37'),(104,13,147,'vaausdevareddy','vasu@gmail.com','8500050944','kukatpalli','hyd',NULL,'500072','hyd','ts',NULL,'2017-10-11 10:44:40'),(105,13,148,'vaausdevareddy','vasu@gmail.com','8500050944','kukatpalli','hyd',NULL,'500072','hyd','ts',NULL,'2017-10-11 10:47:57'),(106,67,149,'some','fais.riz@gmail.com','8908908900','gshshhsgsysh','gshs',NULL,'hshshs','ysyshs','hshsh',NULL,'2017-10-11 10:48:27'),(107,13,150,'null','vasu@gmail.com','8500050944','kukatpalli','hyd',NULL,'500072','hyd','ts',NULL,'2017-10-11 11:25:05'),(108,13,151,'null','vasu@gmail.com','8500050944','kukatpalli','hyd',NULL,'500072','hyd','ts',NULL,'2017-10-11 11:25:43'),(109,67,152,'bantupslli','fais.riz@gmail.com','7095235504','qwerty','qwerty',NULL,'345678','guntur','Ap',NULL,'2017-10-11 11:42:49'),(110,67,153,'faisal','fais.riz@gmail.com','9916296306','add1','add2',NULL,'500072','Hyderabad','Telangana',NULL,'2017-10-11 12:51:58'),(111,68,154,'fggh','Faisal.rizz@gmail.com','dhdhffhhf','dhfhfj','jfnvnc',NULL,'hfhfb','ccb','vnvn',NULL,'2017-10-11 13:07:04'),(112,17,155,'rty','reddem@gmail.com','8907654323','Sardar Patel Nagar Road','Sardar Patel Nagar, Bhagat Singh Nagar, Kukatpally Housing Board Colony, Kukatpally',NULL,'500085','Hyderabad','India',NULL,'2017-10-11 14:00:05'),(113,17,156,'chcbcbc','reddem@gmail.com','cjcncjvjgg','Sardar Patel Nagar Road','Sardar Patel Nagar, Bhagat Singh Nagar, Kukatpally Housing Board Colony, Kukatpally',NULL,'500085','Hyderabad','India',NULL,'2017-10-11 14:11:01'),(114,13,157,'vasu','vasu@gmail.com','8500050944','kukatpalli','venkatarao',NULL,'500072','hyderabad','ts',0,'2017-10-11 14:12:55'),(115,13,158,'vasu','vasu@gmail.com','8500050944','kukatpalli','venkatarao',NULL,'500072','hyderabad','telangana',0,'2017-10-11 14:14:45'),(116,75,159,'hfhuf','','4567778876','Sardar Patel Nagar Road','Sardar Patel Nagar, Bhagat Singh Nagar, Kukatpally Housing Board Colony, Kukatpally',NULL,'500085','Hyderabad','India',NULL,'2017-10-11 14:55:24'),(117,76,160,'gshs','','hdjsusu','320, 7th Road','Bhagat Singh Nagar, Kukatpally Housing Board Colony, Kukatpally',NULL,'500085','Hyderabad','India',NULL,'2017-10-12 05:22:48'),(118,13,161,'hhvhvjv','vasu@gmail.com','7789876789','India(IN)_Andhra Pradesh_Hyderabad','cychchc',NULL,'cyhchh','Hyderabad','India',NULL,'2017-10-12 06:01:41'),(119,78,162,'ggg fufuf','','3456787654','ycug','ufug',NULL,'fgigi','vjbkk','gigh',NULL,'2017-10-12 06:03:35'),(120,13,163,'vasu','vasu@gmail.com','8500050944','kukatpalli','venkatarao',NULL,'500072','hyderabad','ts',NULL,'2017-10-12 06:35:02'),(121,78,164,'ggg fufuf','','3456787654','ycug','ufug',NULL,'fgigi','vjbkk','gigh',NULL,'2017-10-12 07:02:19'),(122,67,165,'cyc','fais.riz@gmail.com','1234567890','jucu','hcuc',NULL,'467543','hccu','hcyc',NULL,'2017-10-12 07:40:38'),(123,80,166,'rigijg','','7098765456','Sardar Patel Nagar Road','Sardar Patel Nagar, Bhagat Singh Nagar, Kukatpally Housing Board Colony, Kukatpally',NULL,'500085','Hyderabad','India',NULL,'2017-10-12 09:43:55'),(124,80,167,'rigijg','','7098765456','Sardar Patel Nagar Road','Sardar Patel Nagar, Bhagat Singh Nagar, Kukatpally Housing Board Colony, Kukatpally',NULL,'500085','Hyderabad','India',NULL,'2017-10-12 09:45:15'),(125,67,168,'faisal','fais.riz@gmail.com','9916296306','add1','add2',NULL,'500072','Hyderabad','Telangana',NULL,'2017-10-12 09:56:59'),(126,67,169,'faisal','fais.riz@gmail.com','9916296306','add1','add2',NULL,'500072','Hyderabad','Telangana',NULL,'2017-10-12 10:07:47'),(127,13,170,'vasu','vasu@gmail.com','8500050944','kukatpalli','kukatpalli venkatarao nagar',NULL,'500072','hyderabad','ts',0,'2017-10-12 10:19:22'),(128,80,171,'rigijg',NULL,'7098765456','Sardar Patel Nagar Road','Sardar Patel Nagar, Bhagat Singh Nagar, Kukatpally Housing Board Colony, Kukatpally',NULL,'500085','Hyderabad','India',NULL,'2017-10-12 11:02:51'),(129,80,172,'rigijg',NULL,'7098765456','Sardar Patel Nagar Road','Sardar Patel Nagar, Bhagat Singh Nagar, Kukatpally Housing Board Colony, Kukatpally',NULL,'500085','Hyderabad','India',NULL,'2017-10-12 11:40:49'),(130,67,173,'faisal','fais.riz@gmail.com','9916296306','add1','add2',NULL,'500072','Hyderabad','Telangana',NULL,'2017-10-13 04:54:00'),(131,13,174,'hsjsjs','vasu@gmail.com','7898765432','shhejs','hshsjs',NULL,'ehhejs','hshs','shushs',NULL,'2017-10-13 07:51:10'),(132,13,175,'hsjsjs','vasu@gmail.com','9090909090','hshsu','gshsh',NULL,'hsjs','ysusu','shhsjs',NULL,'2017-10-13 07:52:00'),(133,67,176,'faisal','fais.riz@gmail.com','9916296306','add1','add2',NULL,'500072','Hyderabad','Telangana',NULL,'2017-10-14 04:53:29'),(134,67,177,'faisal','fais.riz@gmail.com','9916296306','add1','add2',NULL,'500072','Hyderabad','Telangana',NULL,'2017-10-14 05:43:01'),(135,13,178,'vaausdevareddy','vasu@gmail.com','8500050944','kukatpalli','hyd',NULL,'500072','hyd','ts',NULL,'2017-10-14 06:35:45'),(136,13,179,'vaausdevareddy','vasu@gmail.com','8500050944','kukatpalli','hyd',NULL,'500072','hyd','ts',NULL,'2017-10-14 06:54:47'),(137,67,180,'faisal','fais.riz@gmail.com','9916296306','add1','add2',NULL,'500072','Hyderabad','Telangana',NULL,'2017-10-14 08:38:58'),(138,67,181,'faisal','fais.riz@gmail.com','9916296306','add1','add2',NULL,'500072','Hyderabad','Telangana',NULL,'2017-10-14 16:19:08'),(139,67,182,'gshshs','fais.riz@gmail.com','7098765432','hdjsjsjss','hsususu',NULL,'hsuusj','hshsjs','hsususi',NULL,'2017-10-14 16:20:32'),(140,67,183,'tgttv','fais.riz@gmail.com','9916296306','yhby','ybyyny',NULL,'7!6!6','gyy','gh',NULL,'2017-10-14 16:39:00'),(141,67,184,'faisal','fais.riz@gmail.com','9916296306','add1','add2',NULL,'500072','Hyderabad','Telangana',NULL,'2017-10-14 16:54:14'),(142,90,185,'Shiva','','9010121117','kukatpally','kphb',NULL,'500012','Hyderabad','telangana',NULL,'2017-10-16 15:16:07'),(143,90,186,'shiva','','9010121117','16-2-227/248/401, 8th Rd, Sardar Patel Nagar, Hydernagar, Kukatpally Housing Board Colony, Kukatpally, Hyderabad, Telangana 500085, India','nndjduddj',NULL,'500085','Hyderabad','India',NULL,'2017-10-16 15:19:27'),(144,67,187,'faisal','fais.riz@gmail.com','9916296306','add1','add2',NULL,'500072','Hyderabad','Telangana',NULL,'2017-10-16 17:44:20'),(145,67,188,'faisal','fais.riz@gmail.com','9916296306','add1','add2',NULL,'500072','Hyderabad','Telangana',NULL,'2017-10-16 18:17:47'),(146,67,189,'faisal','fais.riz@gmail.com','9916296306','add1','add2',NULL,'500072','Hyderabad','Telangana',NULL,'2017-10-16 18:30:29'),(147,67,190,'faisal','fais.riz@gmail.com','9916296306','add1','add2',NULL,'500072','Hyderabad','Telangana',NULL,'2017-10-16 18:33:33'),(148,96,191,'faisal','','9916296306','ad','add',NULL,'adgfhh','chhjj','vhhhh',NULL,'2017-10-17 11:03:45'),(149,98,192,'fais','','9916283779','jju','hhj',NULL,'QWERTY','hhh','yyy',NULL,'2017-10-17 11:44:52'),(150,98,193,'fais','','9916283779','jju','hhj',NULL,'QWERTY','hhh','yyy',NULL,'2017-10-17 12:14:10'),(151,98,194,'fais','','9916283779','jju','hhj',NULL,'QWERTY','hhh','yyy',NULL,'2017-10-17 12:22:47'),(152,13,195,'ddffd','vasu@gmail.com','gfdgfdgdgdf','fdgggffgf','ggfgfggf',NULL,'fgghhgh','jhhh','hhjjjh',NULL,'2017-10-17 15:20:22'),(153,90,196,'nagender','','9010121117','16-2-227/248/401, 8th Rd, Sardar Patel Nagar, Hydernagar, Kukatpally Housing Board Colony, Kukatpally, Hyderabad, Telangana 500085, India','xyz',NULL,'500085','Hyderabad','India',NULL,'2017-10-20 16:34:25'),(154,90,197,'nagender','','9010121117','16-2-227/248/401, 8th Rd, Sardar Patel Nagar, Hydernagar, Kukatpally Housing Board Colony, Kukatpally, Hyderabad, Telangana 500085, India','xyz',NULL,'500085','Hyderabad','India',NULL,'2017-10-21 12:23:38'),(155,89,198,'asdf','ghhhjj@gmail.com','1234567890','qwerty','gmasidfl',NULL,'500072','hyderabad','Telangana',NULL,'2017-10-23 11:25:35'),(156,90,208,'Shiva',NULL,'9010121117','kukatpally','kphb',NULL,'500012','Hyderabad','telangana',NULL,'2017-10-23 15:14:13'),(157,90,209,'nagender2',NULL,'9876543210','something somewhere ','something somewhere ',NULL,'789654','Hyderabad ','Telangana',NULL,'2017-10-23 15:22:35'),(158,100,210,'vasu','vasu@gmail.com','8500050944','kukatpalli ','venkatarao nagar',NULL,'500072','hyderabad','telangana',0,'2017-10-23 15:52:52'),(159,100,211,'vasu','vasu@gmail.com','8500050944','kukatpalli ','venkatarao nagar',NULL,'500072','hyderabad','telangana',0,'2017-10-23 15:55:59'),(160,100,212,'vasu','vasu@gmail.com','8500050944','kukatpalli ','venkatarao nagar',NULL,'500072','hyderabad','telangana',0,'2017-10-23 15:59:50'),(161,100,213,'vasu','vasu@gmail.com','8500050944','kukatpalli ','venkatarao nagar',NULL,'500072','hyderabad','telangana',0,'2017-10-23 16:02:29'),(162,100,214,'vasu','vasu@gmail.com','8500050944','kukatpalli ','venkatarao nagar',NULL,'500072','hyderabad','telangana',0,'2017-10-23 16:27:37'),(163,100,215,'vasu','vasu@gmail.com','8500050944','kukatpalli ','venkatarao nagar',NULL,'500072','hyderabad','telangana',0,'2017-10-23 16:55:06'),(164,99,216,'Faisal','fais.riz@gmail.com','9916296306','Anjayya nAgar','Add2',NULL,'500072','eeewe','weerwer',0,'2017-10-23 16:58:10'),(165,103,217,'vankodoth','pushkar.avi@gmail.com','9494422779','Sri vani nilayam','Sardar patel nagar',NULL,'500085','Hyderabad','Telangana',0,'2017-10-23 17:21:10'),(166,90,218,'Shiva',NULL,'9010121117','kukatpally','kphb',NULL,'500012','Hyderabad','telangana',NULL,'2017-10-23 18:24:08'),(167,90,219,'Shiva',NULL,'9010121117','kukatpally','kphb',NULL,'500012','Hyderabad','telangana',NULL,'2017-10-23 18:25:19'),(168,99,220,'Faisal','fais.riz@gmail.com','9916296306','Anjayya Nagar','Moospaet',NULL,'500018','Hyderabad','Telangana',0,'2017-10-24 10:30:25'),(169,104,221,'bayapureddy','bayapureddy004@gmail.com','8500226782','5/92','kphp',NULL,'500072','hyderabad','tg',0,'2017-10-24 10:37:01'),(170,104,222,'bayapureddy','bayapureddy004@gmail.com','8500226782','5/92','kphp',NULL,'500072','hyderabad','tg',0,'2017-10-24 10:43:56'),(171,104,223,'bayapureddy','bayapureddy004@gmail.com','8500226782','5/92','kphp',NULL,'500072','hyderabad','tg',0,'2017-10-24 10:51:55'),(172,104,224,'bayapureddy','bayapureddy004@gmail.com','8500226782','5/92','kphp',NULL,'500072','hyderabad','tg',0,'2017-10-24 10:56:15'),(173,100,225,'vasu','vasu@gmail.com','8500050944','kukatpalli ','venkatarao nagar',NULL,'500072','hyderabad','telangana',0,'2017-10-24 10:58:30'),(174,104,226,'bayapureddy','bayapureddy004@gmail.com','8500226782','5/92','kphp',NULL,'500072','hyderabad','tg',0,'2017-10-24 11:00:52'),(175,104,227,'bayapureddy','bayapureddy004@gmail.com','8500226782','5/92','kphp',NULL,'500072','hyderabad','tg',0,'2017-10-24 11:02:03'),(176,104,228,'bayapureddy','bayapureddy004@gmail.com','8500226782','5/92','kphp',NULL,'500072','hyderabad','tg',0,'2017-10-24 11:03:18'),(177,104,229,'bayapureddy','bayapureddy004@gmail.com','8500226782','5/92','kphp',NULL,'500072','hyderabad','tg',0,'2017-10-24 11:06:57'),(178,104,230,'bayapureddy','bayapureddy004@gmail.com','8500226782','5/92','kphp',NULL,'500072','hyderabad','tg',0,'2017-10-24 11:10:23'),(179,104,231,'bayapureddy','bayapureddy004@gmail.com','8500226782','5/92','kphp',NULL,'500072','hyderabad','tg',0,'2017-10-24 11:11:11'),(180,104,232,'bayapureddy','bayapureddy004@gmail.com','8500226782','5/92','kphp',NULL,'500072','hyderabad','tg',0,'2017-10-24 11:14:15'),(181,104,233,'bayapureddy','bayapureddy004@gmail.com','8500226782','5/92','kphp',NULL,'500072','hyderabad','tg',0,'2017-10-24 11:15:38'),(182,104,234,'bayapureddy','bayapureddy004@gmail.com','8500226782','5/92','kphp',NULL,'500072','hyderabad','tg',0,'2017-10-24 11:25:45'),(183,104,235,'bayapureddy','bayapureddy004@gmail.com','8500226782','5/92','kphp',NULL,'500072','hyderabad','tg',0,'2017-10-24 11:27:32'),(184,104,236,'bayapureddy','bayapureddy004@gmail.com','8500226782','5/92','kphp',NULL,'500072','hyderabad','tg',0,'2017-10-24 11:36:17'),(185,104,237,'bayapureddy','bayapureddy004@gmail.com','8500226782','5/92','kphp',NULL,'500072','hyderabad','tg',0,'2017-10-24 11:37:36'),(186,104,238,'bayapureddy','bayapureddy004@gmail.com','8500226782','5/92','kphp',NULL,'500072','hyderabad','tg',0,'2017-10-24 11:39:53'),(187,104,239,'bayapureddy','bayapureddy004@gmail.com','8500226782','5/92','kphp',NULL,'500072','hyderabad','tg',0,'2017-10-24 11:42:03'),(188,104,240,'bayapureddy','bayapureddy004@gmail.com','8500226782','5/92','kphp',NULL,'500072','hyderabad','tg',0,'2017-10-24 12:03:41'),(189,104,241,'bayapureddy','bayapureddy004@gmail.com','8500226782','5/92','kphp',NULL,'500072','hyderabad','tg',0,'2017-10-24 12:17:16'),(190,104,242,'bayapureddy','bayapureddy004@gmail.com','8500226782','5/92','kphp',NULL,'500072','hyderabad','tg',0,'2017-10-24 12:18:50'),(191,104,243,'bayapureddy','bayapureddy004@gmail.com','8500226782','5/92','kphp',NULL,'500072','hyderabad','tg',0,'2017-10-24 13:16:38'),(192,104,244,'bayapureddy','bayapureddy004@gmail.com','8500226782','5/92','kphp',NULL,'500072','hyderabad','tg',0,'2017-10-24 13:23:25'),(193,100,245,'vasu','vasu@gmail.com','8500050944','kukatpalli ','venkatarao nagar',NULL,'500072','hyderabad','telangana',0,'2017-10-24 13:28:05'),(194,104,246,'bayapureddy','bayapureddy004@gmail.com','8500226782','5/92','kphp',NULL,'500072','hyderabad','tg',0,'2017-10-24 13:33:15'),(195,104,247,'bayapureddy','bayapureddy004@gmail.com','8500226782','5/92','kphp',NULL,'500072','hyderabad','tg',0,'2017-10-24 13:39:48'),(196,104,248,'bayapureddy','bayapureddy004@gmail.com','8500226782','5/92','kphp',NULL,'500072','hyderabad','tg',0,'2017-10-24 13:45:46'),(197,104,249,'bayapureddy','bayapureddy004@gmail.com','8500226782','5/92','kphp',NULL,'500072','hyderabad','tg',0,'2017-10-24 14:12:44'),(198,100,250,'vasu','vasu@gmail.com','8500050944','kukatpalli ','venkatarao nagar',NULL,'500072','hyderabad','telangana',0,'2017-10-24 14:16:58'),(199,100,251,'vasu','vasu@gmail.com','8500050944','kukatpalli ','venkatarao nagar',NULL,'500072','hyderabad','telangana',0,'2017-10-24 14:31:39'),(200,100,252,'vasu','vasu@gmail.com','8500050944','kukatpalli ','venkatarao nagar',NULL,'500072','hyderabad','telangana',0,'2017-10-24 14:42:55'),(201,104,253,'bayapureddy','bayapureddy004@gmail.com','8500226782','5/92','kphp',NULL,'500072','hyderabad','tg',0,'2017-10-24 14:53:39'),(202,104,254,'bayapureddy','bayapureddy004@gmail.com','8500226782','5/92','kphp',NULL,'500072','hyderabad','tg',0,'2017-10-24 15:00:59'),(203,104,255,'bayapureddy','bayapureddy004@gmail.com','8500226782','5/92','kphp',NULL,'500072','hyderabad','tg',0,'2017-10-24 15:06:14'),(204,104,256,'bayapureddy','bayapureddy004@gmail.com','8500226782','5/92','kphp',NULL,'500072','hyderabad','tg',0,'2017-10-24 15:15:19'),(205,100,257,'vasu','vasu@gmail.com','8500050944','kukatpalli ','venkatarao nagar',NULL,'500072','hyderabad','telangana',0,'2017-10-24 15:59:12'),(206,104,258,'bayapureddy','bayapureddy004@gmail.com','8500226782','5/92','kphp',NULL,'500072','hyderabad','tg',0,'2017-10-24 16:08:36'),(207,104,259,'bayapureddy','bayapureddy004@gmail.com','8500226782','5/92','kphp',NULL,'500072','hyderabad','tg',0,'2017-10-24 16:18:11'),(208,104,260,'bayapureddy','bayapureddy004@gmail.com','8500226782','5/92','kphp',NULL,'500072','hyderabad','tg',0,'2017-10-24 16:24:08'),(209,104,261,'bayapureddy','bayapureddy004@gmail.com','8500226782','5/92','kphp',NULL,'500072','hyderabad','tg',0,'2017-10-24 16:32:51'),(210,104,262,'bayapureddy','bayapureddy004@gmail.com','8500226782','5/92','kphp',NULL,'500072','hyderabad','tg',0,'2017-10-24 16:37:22'),(211,104,263,'bayapureddy','bayapureddy004@gmail.com','8500226782','5/92','kphp',NULL,'500072','hyderabad','tg',0,'2017-10-24 16:45:20'),(212,100,264,'vasu','vasu@gmail.com','8500050944','kukatpalli ','venkatarao nagar',NULL,'500072','hyderabad','telangana',0,'2017-10-24 17:53:44'),(213,90,265,'nagender',NULL,'9010121117','16-2-227/248/401, 8th Rd, Sardar Patel Nagar, Hydernagar, Kukatpally Housing Board Colony, Kukatpally, Hyderabad, Telangana 500085, India','xyz',NULL,'500085','Hyderabad','India',NULL,'2017-10-24 18:22:20'),(214,99,266,'Faisal','fais.riz@gmail.com','9916296306','Anjayya Nagar','Moospaet',NULL,'500018','Hyderabad','Telangana',0,'2017-10-24 18:42:01'),(215,112,267,'vasu','vasudevareddy549@gmail.com','9639638521','venkatarao nagar,',' kukatpalli',NULL,'500082','hyderabad','ts',0,'2017-10-25 11:14:38'),(216,NULL,268,NULL,NULL,NULL,NULL,NULL,NULL,NULL,NULL,NULL,NULL,'2017-10-25 11:14:39'),(217,99,269,'Faisal','fais.riz@gmail.com','9916296306','Anjayyya Nagar, Moosapet','Anjayyya Nagar, Moosapet',NULL,'500018','hyderabad','telangana',0,'2017-10-25 12:23:36'),(218,99,270,'Faisal','fais.riz@gmail.com','9916296306','Anjayyya Nagar, Moosapet','Anjayyya Nagar, Moosapet',NULL,'500018','hyderabad','telangana',0,'2017-10-25 13:14:13'),(219,90,271,'two',NULL,'three','four','six',NULL,'5','seven','eight',NULL,'2017-10-25 14:01:57'),(220,90,272,'shiva',NULL,'9010121117','16-2-227/248/401, 8th Rd, Sardar Patel Nagar, Hydernagar, Kukatpally Housing Board Colony, Kukatpally, Hyderabad, Telangana 500085, India','nndjduddj',NULL,'500085','Hyderabad','India',NULL,'2017-10-25 14:05:49'),(221,99,273,'Faisal','fais.riz@gmail.com','9916296306','Anjayyya Nagar, Moosapet','Anjayyya Nagar, Moosapet',NULL,'500018','hyderabad','telangana',0,'2017-10-25 15:44:26'),(222,99,274,'Faisal','fais.riz@gmail.com','9916296306','Anjayyya Nagar, Moosapet','Anjayyya Nagar, Moosapet',NULL,'500018','hyderabad','telangana',0,'2017-10-25 15:44:30'),(223,90,275,'shiva',NULL,'9010121117','16-2-227/248/401, 8th Rd, Sardar Patel Nagar, Hydernagar, Kukatpally Housing Board Colony, Kukatpally, Hyderabad, Telangana 500085, India','nndjduddj',NULL,'500085','Hyderabad','India',NULL,'2017-10-25 18:42:11'),(224,114,276,'raghu','','9581758358','India(IN)_Andhra Pradesh_Hyderabad','ews 390, 3 floor ',NULL,'500072','Hyderabad','India',NULL,'2017-10-25 22:36:02'),(225,99,277,'Faisal','fais.riz@gmail.com','9916296306','Anjayyya Nagar, Moosapet','Anjayyya Nagar, Moosapet',NULL,'500018','hyderabad','telangana',NULL,'2017-10-26 10:09:31'),(226,112,278,'vasu','vasudevareddy549@gmail.com','9639638521','venkatarao nagar,',' kukatpalli',NULL,'500082','hyderabad','ts',0,'2017-10-26 10:48:32'),(227,112,279,'vasu','vasudevareddy549@gmail.com','9639638521','venkatarao nagar,',' kukatpalli',NULL,'500082','hyderabad','ts',0,'2017-10-26 10:50:29'),(228,112,280,'vasu','vasudevareddy549@gmail.com','9639638521','venkatarao nagar,',' kukatpalli',NULL,'500082','hyderabad','ts',0,'2017-10-26 13:21:13'),(229,112,281,'vasu','vasudevareddy549@gmail.com','9639638521','venkatarao nagar,',' kukatpalli',NULL,'500082','hyderabad','ts',0,'2017-10-26 13:22:34'),(230,99,282,'Faisal','fais.riz@gmail.com','9916296306','Anjayyya Nagar, Moosapet','Anjayyya Nagar, Moosapet',NULL,'500018','hyderabad','telangana',0,'2017-10-26 13:25:04'),(231,112,283,'vasu','vasudevareddy549@gmail.com','9639638521','venkatarao nagar,',' kukatpalli',NULL,'500082','hyderabad','ts',0,'2017-10-26 14:33:22'),(232,112,284,'vasu','vasudevareddy549@gmail.com','9639638521','venkatarao nagar,',' kukatpalli',NULL,'500082','hyderabad','ts',0,'2017-10-26 14:35:59'),(233,90,285,'shiva',NULL,'9010121117','16-2-227/248/401, 8th Rd, Sardar Patel Nagar, Hydernagar, Kukatpally Housing Board Colony, Kukatpally, Hyderabad, Telangana 500085, India','nndjduddj',NULL,'500085','Hyderabad','India',NULL,'2017-10-26 14:54:04'),(234,90,286,'nagender',NULL,'9010121117','16-2-227/248/401, 8th Rd, Sardar Patel Nagar, Hydernagar, Kukatpally Housing Board Colony, Kukatpally, Hyderabad, Telangana 500085, India','xyz',NULL,'500085','Hyderabad','India',NULL,'2017-10-26 14:58:18'),(235,112,287,'vasu','vasudevareddy549@gmail.com','9639638521','venkatarao nagar,',' kukatpalli',NULL,'500082','hyderabad','ts',0,'2017-10-26 14:59:50'),(236,112,288,'vasu','vasudevareddy549@gmail.com','9639638521','venkatarao nagar,',' kukatpalli',NULL,'500082','hyderabad','ts',0,'2017-10-26 15:02:58'),(237,112,289,'vasu','vasudevareddy549@gmail.com','9639638521','venkatarao nagar,',' kukatpalli',NULL,'500082','hyderabad','ts',0,'2017-10-26 15:04:50'),(238,90,290,'Shiva',NULL,'9010121117','kukatpally','kphb',NULL,'500012','Hyderabad','telangana',NULL,'2017-10-26 15:17:23'),(239,90,291,'k shiv',NULL,'1234567890','Begum bazar ','something somewhere ',NULL,'500012','Hyderabad ','telangana',NULL,'2017-10-26 15:20:39'),(240,90,292,'nagender2',NULL,'9876543210','something somewhere ','something somewhere ',NULL,'789654','Hyderabad ','Telangana',NULL,'2017-10-26 15:21:44'),(241,99,293,'Faisal','fais.riz@gmail.com','9916296306','Anjayyya Nagar, Moosapet','Anjayyya Nagar, Moosapet',NULL,'500018','hyderabad','telangana',0,'2017-10-26 15:24:16'),(242,99,294,'Faisal','fais.riz@gmail.com','9916296306','Anjayyya Nagar, Moosapet','Anjayyya Nagar, Moosapet',NULL,'500018','hyderabad','telangana',0,'2017-10-26 15:24:22'),(243,112,295,'vasu','vasudevareddy549@gmail.com','9639638521','venkatarao nagar,',' kukatpalli',NULL,'500082','hyderabad','ts',0,'2017-10-26 15:26:02'),(244,99,296,'Faisal','fais.riz@gmail.com','9916296306','Anjayyya Nagar, Moosapet','Anjayyya Nagar, Moosapet',NULL,'500018','hyderabad','telangana',NULL,'2017-10-26 15:35:10'),(245,112,297,'vasu','vasudevareddy549@gmail.com','9639638521','venkatarao nagar,',' kukatpalli',NULL,'500082','hyderabad','ts',0,'2017-10-26 15:35:17'),(246,100,298,'vasu','vasu@gmail.com','8500050944','kukatpalli ','venkatarao nagar',NULL,'500072','hyderabad','telangana',0,'2017-10-26 16:20:41'),(247,99,299,'Faisal','fais.riz@gmail.com','9916296306','Anjayyya Nagar, Moosapet','Anjayyya Nagar, Moosapet',NULL,'500018','hyderabad','telangana',0,'2017-10-26 16:20:50'),(248,99,300,'Faisal','fais.riz@gmail.com','9916296306','Anjayyya Nagar, Moosapet','Anjayyya Nagar, Moosapet',NULL,'500018','hyderabad','telangana',0,'2017-10-26 16:23:02'),(249,100,301,'vasu','vasu@gmail.com','8500050944','kukatpalli ','venkatarao nagar',NULL,'500072','hyderabad','telangana',0,'2017-10-26 16:23:11'),(250,100,302,'vasu','vasu@gmail.com','8500050944','kukatpalli ','venkatarao nagar',NULL,'500072','hyderabad','telangana',0,'2017-10-26 16:27:59'),(251,99,303,'Faisal','fais.riz@gmail.com','9916296306','Anjayyya Nagar, Moosapet','Anjayyya Nagar, Moosapet',NULL,'500018','hyderabad','telangana',0,'2017-10-26 16:28:07'),(252,99,304,'Faisal','fais.riz@gmail.com','9916296306','Anjayyya Nagar, Moosapet','Anjayyya Nagar, Moosapet',NULL,'500018','hyderabad','telangana',0,'2017-10-26 16:31:35'),(253,99,305,'Faisal','fais.riz@gmail.com','9916296306','Anjayyya Nagar, Moosapet','Anjayyya Nagar, Moosapet',NULL,'500018','hyderabad','telangana',0,'2017-10-26 16:39:43'),(254,112,306,'vasu','vasudevareddy549@gmail.com','9639638521','venkatarao nagar,',' kukatpalli',NULL,'500082','hyderabad','ts',0,'2017-10-26 16:41:47'),(255,112,307,'vasu','vasudevareddy549@gmail.com','9639638521','venkatarao nagar,',' kukatpalli',NULL,'500082','hyderabad','ts',0,'2017-10-26 16:43:51'),(256,100,308,'vasu','vasu@gmail.com','8500050944','kukatpalli ','venkatarao nagar',NULL,'500072','hyderabad','telangana',0,'2017-10-26 16:44:55'),(257,115,309,'Fais','sahil.ansari54@gmail.com','9916296305','Anjayya Nagar','Moospaet',NULL,'500018','Hyderabad','Telangana',0,'2017-10-26 16:54:20'),(258,99,310,'Faisal','fais.riz@gmail.com','9916296306','Anjayyya Nagar, Moosapet','Anjayyya Nagar, Moosapet',NULL,'500018','hyderabad','telangana',0,'2017-10-26 17:04:21'),(259,99,311,'Faisal','fais.riz@gmail.com','9916296306','Anjayyya Nagar, Moosapet','Anjayyya Nagar, Moosapet',NULL,'500018','hyderabad','telangana',0,'2017-10-26 17:05:55'),(260,90,312,'nagender',NULL,'9010121117','16-2-227/248/401, 8th Rd, Sardar Patel Nagar, Hydernagar, Kukatpally Housing Board Colony, Kukatpally, Hyderabad, Telangana 500085, India','xyz',NULL,'500085','Hyderabad','India',NULL,'2017-10-26 17:06:15'),(261,90,313,'nagender2',NULL,'9876543210','something somewhere ','something somewhere ',NULL,'789654','Hyderabad ','Telangana',NULL,'2017-10-26 17:19:28'),(262,90,314,'nagender2',NULL,'9876543210','something somewhere ','something somewhere ',NULL,'789654','Hyderabad ','Telangana',NULL,'2017-10-26 17:26:36'),(263,90,315,'Shiva',NULL,'9010121117','kukatpally','kphb',NULL,'500012','Hyderabad','telangana',NULL,'2017-10-26 17:31:38'),(264,90,316,'Shiva',NULL,'9010121117','kukatpally','kphb',NULL,'500012','Hyderabad','telangana',NULL,'2017-10-26 17:33:05'),(265,90,317,'Shiva',NULL,'9010121117','kukatpally','kphb',NULL,'500012','Hyderabad','telangana',NULL,'2017-10-26 17:33:57'),(266,112,318,'vasu','vasudevareddy549@gmail.com','9639638521','venkatarao nagar,',' kukatpalli',NULL,'500082','hyderabad','ts',0,'2017-10-26 17:34:58'),(267,115,319,'Faisal Rizwan','sahil.ansari54@gmail.com','9916296305','Anjayya Nagar','Moospaet',NULL,'500018','Hyderabad','Telangana',0,'2017-10-26 18:08:11'),(268,99,320,'Faisal','fais.riz@gmail.com','9916296306','Anjayyya Nagar, Moosapet','Anjayyya Nagar, Moosapet',NULL,'500018','hyderabad','telangana',0,'2017-10-26 18:10:43'),(269,99,321,'Faisal','fais.riz@gmail.com','9916296306','Anjayyya Nagar, Moosapet','Anjayyya Nagar, Moosapet',NULL,'500018','hyderabad','telangana',0,'2017-10-26 18:19:43'),(270,100,322,'vasu','vasu@gmail.com','8500050944','kukatpalli ','venkatarao nagar',NULL,'500072','hyderabad','telangana',0,'2017-10-26 18:29:52'),(271,100,323,'vasu','vasu@gmail.com','8500050944','kukatpalli ','venkatarao nagar',NULL,'500072','hyderabad','telangana',0,'2017-10-26 18:31:18'),(272,99,324,'Faisal','fais.riz@gmail.com','9916296306','Anjayyya Nagar, Moosapet','Anjayyya Nagar, Moosapet',NULL,'500018','hyderabad','telangana',0,'2017-10-26 18:34:28'),(273,100,325,'vasu','vasu@gmail.com','8500050944','kukatpalli ','venkatarao nagar',NULL,'500072','hyderabad','telangana',0,'2017-10-26 18:34:36'),(274,100,327,'vasu','vasu@gmail.com','8500050944','kukatpalli ','venkatarao nagar',NULL,'500072','hyderabad','telangana',0,'2017-10-26 18:45:01'),(275,100,331,'vasu','vasu@gmail.com','8500050944','kukatpalli ','venkatarao nagar',NULL,'500072','hyderabad','telangana',0,'2017-10-26 18:53:54'),(276,112,332,'vasu','vasudevareddy549@gmail.com','9639638521','venkatarao nagar,',' kukatpalli',NULL,'500082','hyderabad','ts',NULL,'2017-10-26 19:01:54'),(277,112,333,'vasu','vasudevareddy549@gmail.com','9639638521','venkatarao nagar,',' kukatpalli',NULL,'500082','hyderabad','ts',NULL,'2017-10-26 19:02:19'),(278,112,334,'vasu','vasudevareddy549@gmail.com','9639638521','venkatarao nagar,',' kukatpalli',NULL,'500082','hyderabad','ts',NULL,'2017-10-26 19:02:36'),(279,112,335,'vasu','vasudevareddy549@gmail.com','9639638521','venkatarao nagar,',' kukatpalli',NULL,'500082','hyderabad','ts',NULL,'2017-10-26 19:02:40'),(280,101,336,'bantupalli','boy@gmail.com','7095235504','rajesh.henceforth7@gmail.com','guntur',NULL,'522616','guntur','andhrapradsh',NULL,'2017-10-26 19:19:54'),(281,101,337,'bantupalli','boy@gmail.com','7095235504','rajesh.henceforth7gmail.com','guntur',NULL,'522616','guntur','andhrapradsh',NULL,'2017-10-26 19:21:27'),(282,101,338,'bantupalli','boy@gmail.com','7095235504','rajesh.henceforth7gmail.com','guntur',NULL,'522616','guntur','andhrapradsh',NULL,'2017-10-26 19:22:12'),(283,101,339,'bantupalli','boy@gmail.com','7095235504','rajesh.henceforth7gmail.com','guntur',NULL,'522616','guntur','andhrapradsh',NULL,'2017-10-26 19:23:10'),(284,101,340,'bantupalli','boy@gmail.com','7095235504','gunur','guntur',NULL,'522616','guntur','andhrapradsh',NULL,'2017-10-26 19:26:01'),(285,116,341,'bantupalli','rajesh.henceforth7@gmail.com','7095235504','rajesh.henceforth7@gmail.com','guntur',NULL,'522616','guntur','andhrapradsh',NULL,'2017-10-26 19:27:58'),(286,112,342,'vasu','vasudevareddy549@gmail.com','9639638521','venkatarao nagar,',' kukatpalli',NULL,'500082','hyderabad','ts',0,'2017-10-26 19:49:38'),(287,103,343,'pushkar','pushkar.avi@gmail.com','9494422779','India(IN)_Andhra Pradesh_Hyderabad','kphb',NULL,'500072','Hyderabad','India',NULL,'2017-10-26 19:49:46'),(288,112,344,'vasu','vasudevareddy549@gmail.com','9639638521','venkatarao nagar,',' kukatpalli',NULL,'500082','hyderabad','ts',0,'2017-10-26 19:51:19'),(289,103,345,'vankodoth','pushkar.avi@gmail.com','9494422779','Sri vani nilayam','Sardar patel nagar',NULL,'500085','Hyderabad','Telangana',NULL,'2017-10-26 19:59:14'),(290,100,346,'vasu','vasudevareddy548@gmail.com','8500050944','kukatpalli ','venkatarao nagar',NULL,'500072','hyderabad','telangana',NULL,'2017-10-27 08:57:41'),(291,99,347,'Faisal','fais.riz@gmail.com','9916296306','Anjayyya Nagar, Moosapet','Anjayyya Nagar, Moosapet',NULL,'500018','hyderabad','telangana',NULL,'2017-10-27 11:48:47'),(292,100,349,'vasu','vasu@gmail.com','8500050944','kukatpalli ','venkatarao nagar',NULL,'500072','hyderabad','telangana',0,'2017-10-27 17:34:05'),(293,117,350,'bayapu','bayapureddy004@gmail.com','8500226782','dsfafsda','fdsafds',NULL,'500078','hyderabad','tg',0,'2017-10-27 17:38:02'),(294,117,351,'bayapu','bayapureddy004@gmail.com','8500226782','dsfafsda','fdsafds',NULL,'500078','hyderabad','tg',0,'2017-10-27 17:50:08'),(295,117,352,'bayapu','bayapureddy004@gmail.com','8500226782','dsfafsda','fdsafds',NULL,'500078','hyderabad','tg',0,'2017-10-27 17:56:19'),(296,90,353,'Shiva',NULL,'9010121117','kukatpally','kphb',NULL,'500012','Hyderabad','telangana',NULL,'2017-10-27 18:48:05'),(297,90,354,'Shiva',NULL,'9010121117','kukatpally','kphb',NULL,'500012','Hyderabad','telangana',NULL,'2017-10-27 18:48:05'),(298,90,355,'Shiva',NULL,'9010121117','kukatpally','kphb',NULL,'500012','Hyderabad','telangana',NULL,'2017-10-27 18:48:05'),(299,90,356,'Shiva',NULL,'9010121117','kukatpally','kphb',NULL,'500012','Hyderabad','telangana',NULL,'2017-10-27 18:48:06'),(300,90,357,'Shiva',NULL,'9010121117','kukatpally','kphb',NULL,'500012','Hyderabad','telangana',NULL,'2017-10-27 18:48:06'),(301,90,358,'Shiva',NULL,'9010121117','kukatpally','kphb',NULL,'500012','Hyderabad','telangana',NULL,'2017-10-27 18:48:06'),(302,117,359,'bayapu','bayapureddy004@gmail.com','8500226782','dsfafsda','fdsafds',NULL,'500078','hyderabad','tg',0,'2017-10-27 19:49:14'),(303,117,360,'bayapu','bayapureddy004@gmail.com','8500226782','dsfafsda','fdsafds',NULL,'500078','hyderabad','tg',0,'2017-10-27 19:59:49'),(304,117,361,'bayapu','bayapureddy004@gmail.com','8500226782','Dharma Reddy Colony Phase II ','Kukatpally',NULL,'500090','Hyderabad','Telangana ',0,'2017-10-27 20:03:44'),(305,117,362,'bayapu','bayapureddy004@gmail.com','8500226782','Dharma Reddy Colony Phase II ','Kukatpally',NULL,'500090','Hyderabad','Telangana ',0,'2017-10-27 20:25:37'),(306,118,363,'vasu','vasudevareddy549@gmail.com','8500050944','venkatarao nagar,','hyderbad',NULL,'500072','hyderabad','hyderabad',0,'2017-10-27 20:50:12'),(307,118,364,'vasu','vasudevareddy549@gmail.com','8500050944','venkatarao nagar,','hyderbad',NULL,'500072','hyderabad','hyderabad',0,'2017-10-27 21:33:55'),(308,118,365,'vasu','vasudevareddy549@gmail.com','8500050944','venkatarao nagar,','hyderbad',NULL,'500072','hyderabad','hyderabad',0,'2017-10-27 21:36:35'),(309,118,366,'vasu','vasudevareddy549@gmail.com','8500050944','venkatarao nagar,','hyderbad',NULL,'500072','hyderabad','hyderabad',0,'2017-10-27 21:42:52'),(310,118,367,'vasu','vasudevareddy549@gmail.com','8500050944','venkatarao nagar,','hyderbad',NULL,'500072','hyderabad','hyderabad',NULL,'2017-10-27 22:12:12'),(311,118,368,'vasu','vasudevareddy549@gmail.com','8500050944','venkatarao nagar,','hyderbad',NULL,'500072','hyderabad','hyderabad',0,'2017-10-27 22:21:30'),(312,118,369,'vasu','vasudevareddy549@gmail.com','8500050944','venkatarao nagar,','hyderbad',NULL,'500072','hyderabad','ts',0,'2017-10-27 22:22:40'),(313,118,371,'vasu','vasudevareddy549@gmail.com','8500050944','venkatarao nagar,','hyderbad',NULL,'500072','hyderabad','hyderabad',0,'2017-10-28 10:18:02'),(314,90,372,'shiva',NULL,'9010121117','16-2-227/248/401, 8th Rd, Sardar Patel Nagar, Hydernagar, Kukatpally Housing Board Colony, Kukatpally, Hyderabad, Telangana 500085, India','nndjduddj',NULL,'500085','Hyderabad','India',NULL,'2017-10-28 10:19:05'),(315,90,373,'shiva',NULL,'9010121117','16-2-227/248/401, 8th Rd, Sardar Patel Nagar, Hydernagar, Kukatpally Housing Board Colony, Kukatpally, Hyderabad, Telangana 500085, India','nndjduddj',NULL,'500085','Hyderabad','India',NULL,'2017-10-28 10:19:06'),(316,99,374,'Faisal','fais.riz@gmail.com','9916296306','Anjayyya Nagar, Moosapet','Anjayyya Nagar, Moosapet',NULL,'500018','hyderabad','telangana',0,'2017-10-28 10:21:32'),(317,119,376,'bantupalli','','7095235504','Sardar Patel Nagar Rd, Sardar Patel Nagar, Bhagat Singh Nagar, Kukatpally Housing Board Colony, Kukatpally, Hyderabad, Telangana 500085, India','gshshjsj',NULL,'500085','Hyderabad','India',NULL,'2017-10-28 14:54:21'),(318,99,377,'Faisal','fais.riz@gmail.com','9916296306','Anjayyya Nagar, Moosapet','Anjayyya Nagar, Moosapet',NULL,'500018','hyderabad','telangana',0,'2017-10-28 16:51:24'),(319,99,378,'Faisal','fais.riz@gmail.com','9916296306','Anjayyya Nagar, Moosapet','Anjayyya Nagar, Moosapet',NULL,'500018','hyderabad','telangana',0,'2017-10-28 17:38:41'),(320,99,379,'Faisal','fais.riz@gmail.com','9916296306','Anjayyya Nagar, Moosapet','Anjayyya Nagar, Moosapet',NULL,'500018','hyderabad','telangana',0,'2017-10-28 17:43:57'),(321,99,380,'Faisal','fais.riz@gmail.com','9916296306','Anjayyya Nagar, Moosapet','Anjayyya Nagar, Moosapet',NULL,'500018','hyderabad','telangana',0,'2017-10-28 17:44:04'),(322,99,381,'Faisal','fais.riz@gmail.com','9916296306','Anjayyya Nagar, Moosapet','Anjayyya Nagar, Moosapet',NULL,'500018','hyderabad','telangana',0,'2017-10-28 17:44:30'),(323,99,382,'Faisal','fais.riz@gmail.com','9916296306','Anjayyya Nagar, Moosapet','Anjayyya Nagar, Moosapet',NULL,'500018','hyderabad','telangana',0,'2017-10-28 17:55:21'),(324,99,383,'Faisal','fais.riz@gmail.com','9916296306','Anjayyya Nagar, Moosapet','Anjayyya Nagar, Moosapet',NULL,'500018','hyderabad','telangana',0,'2017-10-28 18:09:17'),(325,90,384,'shiva',NULL,'9010121117','16-2-227/248/401, 8th Rd, Sardar Patel Nagar, Hydernagar, Kukatpally Housing Board Colony, Kukatpally, Hyderabad, Telangana 500085, India','nndjduddj',NULL,'500085','Hyderabad','India',NULL,'2017-10-28 18:38:28'),(326,90,385,'shiva',NULL,'9010121117','16-2-227/248/401, 8th Rd, Sardar Patel Nagar, Hydernagar, Kukatpally Housing Board Colony, Kukatpally, Hyderabad, Telangana 500085, India','nndjduddj',NULL,'500085','Hyderabad','India',NULL,'2017-10-28 18:38:29'),(327,118,386,'vasu','vasudevareddy549@gmail.com','8500050944','venkatarao nagar,','hyderbad',NULL,'500072','hyderabad','hyderabad',0,'2017-10-28 18:57:05'),(328,100,387,'vasu','vasu@gmail.com','8500050944','kukatpalli ','venkatarao nagar',NULL,'500072','hyderabad','telangana',0,'2017-10-28 19:11:25'),(329,118,388,'vasu','vasudevareddy549@gmail.com','8500050944','venkatarao nagar,','hyderbad',NULL,'500072','hyderabad','hyderabad',0,'2017-10-28 19:13:08'),(330,118,389,'vasu','vasudevareddy549@gmail.com','8500050944','venkatarao nagar,','hyderbad',NULL,'500072','hyderabad','hyderabad',0,'2017-10-28 19:18:09'),(331,118,390,'vasu','vasudevareddy549@gmail.com','8500050944','venkatarao nagar,','hyderbad',NULL,'500072','hyderabad','hyderabad',0,'2017-10-28 19:22:50'),(332,118,391,'vasu','vasudevareddy549@gmail.com','8500050944','venkatarao nagar,','hyderbad',NULL,'500072','hyderabad','ts',0,'2017-10-28 19:28:34'),(333,118,392,'vasu','vasudevareddy549@gmail.com','8500050944','venkatarao nagar,','hyderbad',NULL,'500072','hyderabad','ts',0,'2017-10-28 19:31:35'),(334,118,393,'vasu','vasudevareddy549@gmail.com','8500050944','venkatarao nagar,','hyderbad',NULL,'500072','hyderabad','ts',0,'2017-10-28 19:37:34'),(335,118,394,'vasu','vasudevareddy549@gmail.com','8500050944','venkatarao nagar,','hyderbad',NULL,'500072','hyderabad','ts',0,'2017-10-28 19:53:40'),(336,118,395,'vasu','vasudevareddy549@gmail.com','8500050944','venkatarao nagar,','hyderbad',NULL,'500072','hyderabad','hyderabad',0,'2017-10-28 20:05:32'),(337,118,396,'vasu','vasudevareddy549@gmail.com','8500050944','venkatarao nagar,','hyderbad',NULL,'500072','hyderabad','ts',0,'2017-10-28 20:11:58'),(338,118,397,'vasu','vasudevareddy549@gmail.com','8500050944','venkatarao nagar,','hyderbad',NULL,'500072','hyderabad','ts',0,'2017-10-28 20:46:49'),(339,99,398,'Faisal','fais.riz@gmail.com','9916296306','Anjayyya Nagar, Moosapet','Anjayyya Nagar, Moosapet',NULL,'500018','hyderabad','telangana',0,'2017-10-30 13:03:02'),(340,99,399,'Faisal','fais.riz@gmail.com','9916296306','Anjayyya Nagar, Moosapet','Anjayyya Nagar, Moosapet',NULL,'500018','hyderabad','telangana',0,'2017-10-30 17:02:16'),(341,99,400,'Faisal','fais.riz@gmail.com','9916296306','Anjayyya Nagar, Moosapet','Anjayyya Nagar, Moosapet',NULL,'500018','hyderabad','telangana',0,'2017-10-30 18:12:46'),(342,99,401,'Faisal','fais.riz@gmail.com','9916296306','Anjayyya Nagar, Moosapet','Anjayyya Nagar, Moosapet',NULL,'500018','hyderabad','telangana',0,'2017-10-30 18:12:58'),(343,99,402,'Faisal','fais.riz@gmail.com','9916296306','Anjayyya Nagar, Moosapet','Anjayyya Nagar, Moosapet',NULL,'500018','hyderabad','telangana',0,'2017-10-30 18:47:08'),(344,99,403,'Faisal','fais.riz@gmail.com','9916296306','Anjayyya Nagar, Moosapet','Anjayyya Nagar, Moosapet',NULL,'500018','hyderabad','telangana',0,'2017-10-30 18:51:56'),(345,99,404,'Faisal','fais.riz@gmail.com','9916296306','Anjayyya Nagar, Moosapet','Anjayyya Nagar, Moosapet',NULL,'500018','hyderabad','telangana',0,'2017-10-30 19:05:32'),(346,99,405,'Faisal','fais.riz@gmail.com','9916296306','Anjayyya Nagar, Moosapet','Anjayyya Nagar, Moosapet',NULL,'500018','hyderabad','telangana',0,'2017-10-31 13:04:32'),(347,118,406,'vasu','vasudevareddy549@gmail.com','8500050944','venkatarao nagar,','hyderbad',NULL,'500018','hyderabad','ts',0,'2017-10-31 15:32:32'),(348,99,407,'Faisal','fais.riz@gmail.com','9916296306','Anjayyya Nagar, Moosapet','Anjayyya Nagar, Moosapet',NULL,'500018','hyderabad','telangana',0,'2017-10-31 15:38:01'),(349,99,408,'Faisal','fais.riz@gmail.com','9916296306','Anjayyya Nagar, Moosapet','Anjayyya Nagar, Moosapet',NULL,'500018','hyderabad','telangana',0,'2017-10-31 15:45:30'),(350,99,409,'Faisal','fais.riz@gmail.com','9916296306','Anjayyya Nagar, Moosapet','Anjayyya Nagar, Moosapet',NULL,'500018','hyderabad','telangana',0,'2017-10-31 15:51:34'),(351,99,410,'Faisal','fais.riz@gmail.com','9916296306','Anjayyya Nagar, Moosapet','Anjayyya Nagar, Moosapet',NULL,'500018','hyderabad','telangana',NULL,'2017-10-31 18:13:42'),(352,99,411,'Faisal','fais.riz@gmail.com','9916296306','Anjayyya Nagar, Moosapet','Anjayyya Nagar, Moosapet',NULL,'500018','hyderabad','telangana',NULL,'2017-10-31 18:13:42'),(353,99,412,'Faisal','fais.riz@gmail.com','9916296306','Anjayyya Nagar, Moosapet','Anjayyya Nagar, Moosapet',NULL,'500018','hyderabad','telangana',NULL,'2017-10-31 18:14:53'),(354,99,413,'Faisal','fais.riz@gmail.com','9916296306','Anjayyya Nagar, Moosapet','Anjayyya Nagar, Moosapet',NULL,'500018','hyderabad','telangana',NULL,'2017-10-31 23:15:16'),(355,99,414,'Faisal','fais.riz@gmail.com','9916296306','Anjayyya Nagar, Moosapet','Anjayyya Nagar, Moosapet',NULL,'500018','hyderabad','telangana',NULL,'2017-10-31 23:15:16'),(356,99,415,'Faisal','fais.riz@gmail.com','9916296306','Anjayyya Nagar, Moosapet','Anjayyya Nagar, Moosapet',NULL,'500018','hyderabad','telangana',NULL,'2017-10-31 23:15:16'),(357,99,416,'Faisal','fais.riz@gmail.com','9916296306','Anjayyya Nagar, Moosapet','Anjayyya Nagar, Moosapet',NULL,'500018','hyderabad','telangana',NULL,'2017-10-31 23:15:17'),(358,99,417,'Faisal','fais.riz@gmail.com','9916296306','Anjayyya Nagar, Moosapet','Anjayyya Nagar, Moosapet',NULL,'500018','hyderabad','telangana',NULL,'2017-10-31 23:15:17'),(359,90,418,'Shiva',NULL,'9010121117','kukatpally','kphb',NULL,'500012','Hyderabad','telangana',NULL,'2017-11-01 12:26:41'),(360,90,419,'Shiva',NULL,'9010121117','kukatpally','kphb',NULL,'500012','Hyderabad','telangana',NULL,'2017-11-01 12:26:41'),(361,90,420,'Shiva',NULL,'9010121117','kukatpally','kphb',NULL,'500012','Hyderabad','telangana',NULL,'2017-11-01 12:26:41'),(362,90,421,'Shiva',NULL,'9010121117','kukatpally','kphb',NULL,'500012','Hyderabad','telangana',NULL,'2017-11-01 12:26:41'),(363,90,422,'Shiva',NULL,'9010121117','kukatpally','kphb',NULL,'500012','Hyderabad','telangana',NULL,'2017-11-01 12:30:48'),(364,90,423,'Shiva',NULL,'9010121117','kukatpally','kphb',NULL,'500012','Hyderabad','telangana',NULL,'2017-11-01 12:30:49'),(365,90,424,'nagender',NULL,'9010121117','16-2-227/248/401, 8th Rd, Sardar Patel Nagar, Hydernagar, Kukatpally Housing Board Colony, Kukatpally, Hyderabad, Telangana 500085, India','xyz',NULL,'500085','Hyderabad','India',NULL,'2017-11-01 22:09:03'),(366,90,425,'nagender',NULL,'9010121117','16-2-227/248/401, 8th Rd, Sardar Patel Nagar, Hydernagar, Kukatpally Housing Board Colony, Kukatpally, Hyderabad, Telangana 500085, India','xyz',NULL,'500085','Hyderabad','India',NULL,'2017-11-01 22:09:04'),(367,90,426,'nagender',NULL,'9010121117','16-2-227/248/401, 8th Rd, Sardar Patel Nagar, Hydernagar, Kukatpally Housing Board Colony, Kukatpally, Hyderabad, Telangana 500085, India','xyz',NULL,'500085','Hyderabad','India',NULL,'2017-11-01 22:09:04'),(368,90,427,'nagender',NULL,'9010121117','16-2-227/248/401, 8th Rd, Sardar Patel Nagar, Hydernagar, Kukatpally Housing Board Colony, Kukatpally, Hyderabad, Telangana 500085, India','xyz',NULL,'500085','Hyderabad','India',NULL,'2017-11-01 22:09:05'),(369,90,428,'nagender',NULL,'9010121117','16-2-227/248/401, 8th Rd, Sardar Patel Nagar, Hydernagar, Kukatpally Housing Board Colony, Kukatpally, Hyderabad, Telangana 500085, India','xyz',NULL,'500085','Hyderabad','India',NULL,'2017-11-01 22:09:07'),(370,90,429,'nagender',NULL,'9010121117','16-2-227/248/401, 8th Rd, Sardar Patel Nagar, Hydernagar, Kukatpally Housing Board Colony, Kukatpally, Hyderabad, Telangana 500085, India','xyz',NULL,'500085','Hyderabad','India',NULL,'2017-11-01 22:09:07'),(371,90,430,'nagender',NULL,'9010121117','16-2-227/248/401, 8th Rd, Sardar Patel Nagar, Hydernagar, Kukatpally Housing Board Colony, Kukatpally, Hyderabad, Telangana 500085, India','xyz',NULL,'500085','Hyderabad','India',NULL,'2017-11-01 22:09:08'),(372,90,431,'nagender',NULL,'9010121117','16-2-227/248/401, 8th Rd, Sardar Patel Nagar, Hydernagar, Kukatpally Housing Board Colony, Kukatpally, Hyderabad, Telangana 500085, India','xyz',NULL,'500085','Hyderabad','India',NULL,'2017-11-01 22:09:08'),(373,90,432,'nagender',NULL,'9010121117','16-2-227/248/401, 8th Rd, Sardar Patel Nagar, Hydernagar, Kukatpally Housing Board Colony, Kukatpally, Hyderabad, Telangana 500085, India','xyz',NULL,'500085','Hyderabad','India',NULL,'2017-11-01 22:09:08'),(374,90,433,'nagender',NULL,'9010121117','16-2-227/248/401, 8th Rd, Sardar Patel Nagar, Hydernagar, Kukatpally Housing Board Colony, Kukatpally, Hyderabad, Telangana 500085, India','xyz',NULL,'500085','Hyderabad','India',NULL,'2017-11-01 22:09:09'),(375,90,434,'nagender',NULL,'9010121117','16-2-227/248/401, 8th Rd, Sardar Patel Nagar, Hydernagar, Kukatpally Housing Board Colony, Kukatpally, Hyderabad, Telangana 500085, India','xyz',NULL,'500085','Hyderabad','India',NULL,'2017-11-01 22:09:09'),(376,90,435,'nagender',NULL,'9010121117','16-2-227/248/401, 8th Rd, Sardar Patel Nagar, Hydernagar, Kukatpally Housing Board Colony, Kukatpally, Hyderabad, Telangana 500085, India','xyz',NULL,'500085','Hyderabad','India',NULL,'2017-11-01 22:09:09'),(377,90,436,'nagender',NULL,'9010121117','16-2-227/248/401, 8th Rd, Sardar Patel Nagar, Hydernagar, Kukatpally Housing Board Colony, Kukatpally, Hyderabad, Telangana 500085, India','xyz',NULL,'500085','Hyderabad','India',NULL,'2017-11-01 22:09:09'),(378,151,438,'vasu','vasudevareddy549@gmail.com','8500050944','venkatarao  nagar','kukatpalli',NULL,'500072','hyderabad','telangana',0,'2017-11-02 14:46:58'),(379,118,446,'vasu','vasudevareddy549@gmail.com','8500050944','venkatarao nagar,','hyderbad','community hall','500072','hyderabad','telangana',0,'2017-11-08 14:54:51'),(380,118,447,'vasu','vasudevareddy549@gmail.com','8500050944','venkatarao nagar,','hyderbad','community hall','500072','hyderabad','telangana ',0,'2017-11-08 15:09:08'),(381,118,448,'vasu','vasudevareddy549@gmail.com','8500050944','venkatarao nagar,','kukatpalli','community hall','500072','hyderabad','telangana',0,'2017-11-08 15:22:55'),(382,142,449,'vasu',NULL,'8500050944','kukatpalli','cominity hall',NULL,'500072','hyd','ts',NULL,'2017-11-24 20:34:15'),(383,161,450,'vasu',NULL,'8500050944','kukatpalli','cominity hall',NULL,'500072','hyd','ts',NULL,'2017-11-24 20:37:17'),(384,161,451,'vasu',NULL,'8500050944','kukatpalli','cominity hall',NULL,'500072','hyd','ts',NULL,'2017-11-24 20:37:41'),(385,161,452,'vasu',NULL,'8500050944','kukatpalli','cominity hall',NULL,'500072','hyd','ts',NULL,'2017-11-24 20:38:50');

/*Table structure for table `brands` */

DROP TABLE IF EXISTS `brands`;

CREATE TABLE `brands` (
  `bid` int(11) unsigned NOT NULL AUTO_INCREMENT,
  `category_id` int(11) DEFAULT NULL,
  `brand` varchar(250) DEFAULT NULL,
  `image` varchar(250) DEFAULT NULL,
  `create_at` datetime DEFAULT NULL,
  `added_by` int(11) DEFAULT NULL,
  `status` int(11) DEFAULT '1',
  PRIMARY KEY (`bid`)
) ENGINE=MyISAM AUTO_INCREMENT=15 DEFAULT CHARSET=latin1;

/*Data for the table `brands` */

insert  into `brands`(`bid`,`category_id`,`brand`,`image`,`create_at`,`added_by`,`status`) values (12,20,'vasu','1513852751.jpg','2017-12-21 16:09:11',12,1),(11,21,'tea','1513852745.jpg','2017-12-21 16:09:04',12,1),(10,21,'allu','1513852732.jpg','2017-12-21 16:08:51',12,1),(13,20,'moto','1513852760.png','2017-12-21 16:09:19',12,1),(14,20,'nokia','1513852772.jpg','2017-12-21 16:09:32',12,1);

/*Table structure for table `brandwise_filters` */

DROP TABLE IF EXISTS `brandwise_filters`;

CREATE TABLE `brandwise_filters` (
  `id` int(11) NOT NULL AUTO_INCREMENT,
  `ip_address` varchar(250) DEFAULT NULL,
  `category_id` varchar(250) DEFAULT NULL,
  `group` varchar(250) DEFAULT NULL,
  `minimum_price` varchar(250) DEFAULT NULL,
  `maximum_price` varchar(250) DEFAULT NULL,
  `offer` varchar(250) DEFAULT NULL,
  `brand` varchar(250) DEFAULT NULL,
  `discount` varchar(250) DEFAULT NULL,
  `colour` varchar(250) DEFAULT NULL,
  `size` varchar(250) DEFAULT NULL,
  `ram` varchar(250) DEFAULT NULL,
  `os` varchar(250) DEFAULT NULL,
  `sim_type` varchar(250) DEFAULT NULL,
  `camera` varchar(250) DEFAULT NULL,
  `internal_memeory` varchar(250) DEFAULT NULL,
  `screen_size` varchar(250) DEFAULT NULL,
  `Processor` varchar(250) DEFAULT NULL,
  `printer_type` varchar(250) DEFAULT NULL,
  `type` varbinary(250) DEFAULT NULL,
  `max_copies` varchar(250) DEFAULT NULL,
  `paper_size` varchar(250) DEFAULT NULL,
  `headphone_jack` varchar(250) DEFAULT NULL,
  `noise_reduction` varchar(250) DEFAULT NULL,
  `usb_port` varchar(250) DEFAULT NULL,
  `compatible_for` varchar(250) DEFAULT NULL,
  `scanner_type` varchar(250) DEFAULT NULL,
  `resolution` varchar(250) DEFAULT NULL,
  `f_stop` varchar(250) DEFAULT NULL,
  `minimum_focusing_distance` varchar(250) DEFAULT NULL,
  `aperture_withmaxfocal_length` varchar(250) DEFAULT NULL,
  `picture_angle` varchar(250) DEFAULT NULL,
  `weight` varchar(250) DEFAULT NULL,
  `occasion` varchar(250) DEFAULT NULL,
  `material` varchar(250) DEFAULT NULL,
  `collar_type` varchar(250) DEFAULT NULL,
  `gender` varchar(250) DEFAULT NULL,
  `sleeve` varchar(250) DEFAULT NULL,
  `look` varchar(250) DEFAULT NULL,
  `style_code` varchar(250) DEFAULT NULL,
  `inner_material` varchar(250) DEFAULT NULL,
  `waterproof` varchar(250) DEFAULT NULL,
  `create_at` datetime DEFAULT NULL,
  PRIMARY KEY (`id`)
) ENGINE=InnoDB AUTO_INCREMENT=59 DEFAULT CHARSET=latin1;

/*Data for the table `brandwise_filters` */

/*Table structure for table `cart` */

DROP TABLE IF EXISTS `cart`;

CREATE TABLE `cart` (
  `id` int(11) NOT NULL AUTO_INCREMENT,
  `cust_id` int(11) DEFAULT NULL,
  `item_id` int(11) DEFAULT NULL,
  `qty` int(11) DEFAULT NULL,
  `item_qty` int(11) DEFAULT NULL,
  `unit` varchar(250) DEFAULT NULL,
  `item_price` varchar(250) DEFAULT NULL,
  `total_price` varchar(250) DEFAULT NULL,
  `delivery_amount` varchar(250) DEFAULT NULL,
  `delivery_type` int(11) DEFAULT '2',
  `commission_price` decimal(10,2) DEFAULT NULL,
  `seller_id` int(11) DEFAULT NULL,
  `category_id` int(11) DEFAULT NULL,
  `color` varchar(250) DEFAULT NULL,
  `size` varchar(250) DEFAULT NULL,
  `uksize` varchar(250) DEFAULT NULL,
  `create_at` datetime DEFAULT NULL,
  PRIMARY KEY (`id`)
) ENGINE=InnoDB AUTO_INCREMENT=465 DEFAULT CHARSET=latin1;

/*Data for the table `cart` */

insert  into `cart`(`id`,`cust_id`,`item_id`,`qty`,`item_qty`,`unit`,`item_price`,`total_price`,`delivery_amount`,`delivery_type`,`commission_price`,`seller_id`,`category_id`,`color`,`size`,`uksize`,`create_at`) values (447,137,870,1,100,NULL,'11490','11490','0',2,'1378.80',140,20,'black','16GB','','2017-11-02 13:19:54'),(448,151,873,1,100,NULL,'17990','17990',NULL,2,'2158.80',140,20,'','','','2017-11-02 14:44:01'),(449,103,851,2,50,NULL,'9650.34','19300.68','0',2,'2316.08',140,20,'','','','2017-11-06 13:04:14'),(450,103,853,1,87,NULL,'9650.34','9650.34',NULL,2,'1158.04',140,20,'','','','2017-11-07 16:25:04'),(463,118,972,8,0,'200g','150','1200','0',2,'144.00',140,21,'','','','2017-11-28 11:55:15'),(464,118,889,2,0,NULL,'3199','6398','0',2,'767.76',140,20,'','','','2017-11-28 11:58:06');

/*Table structure for table `category` */

DROP TABLE IF EXISTS `category`;

CREATE TABLE `category` (
  `category_id` int(11) NOT NULL AUTO_INCREMENT,
  `seller_id` int(11) DEFAULT NULL,
  `category_name` varchar(50) NOT NULL,
  `category_image` varchar(250) DEFAULT NULL,
  `documetfile` varchar(250) DEFAULT NULL,
  `status` int(11) DEFAULT '0',
  `created_at` datetime NOT NULL,
  `updated_at` datetime NOT NULL,
  `first_time` int(11) DEFAULT '0',
  PRIMARY KEY (`category_id`)
) ENGINE=InnoDB AUTO_INCREMENT=36 DEFAULT CHARSET=latin1;

/*Data for the table `category` */

insert  into `category`(`category_id`,`seller_id`,`category_name`,`category_image`,`documetfile`,`status`,`created_at`,`updated_at`,`first_time`) values (18,NULL,'Home & Kitchen','HOME-&-KITCHEN.png','',1,'2017-12-14 16:16:46','2017-12-14 16:16:46',0),(19,NULL,'Men\'s Fashion','MEN-FASHION.png','',1,'2017-12-14 16:15:23','2017-12-14 16:15:23',0),(20,NULL,'Mobiles & Tablets','elenics.png','',1,'2017-12-13 17:42:47','2017-12-13 17:42:47',0),(21,NULL,'Grocery','grossy.png','',1,'2017-12-12 11:22:47','2017-12-12 11:22:47',0),(22,NULL,'Computers, Laptops & Accessories.','COMPUTERS,-LAPTOPS-&-ACC.png',NULL,1,'2017-12-14 16:57:31','2017-12-14 16:57:31',0),(23,NULL,'TVs, ACs & Appliances','TVS,-ACS-&-APPLIANCES.png','',1,'2017-12-14 16:14:59','2017-12-14 16:14:59',0),(24,NULL,'Women\'s Fashion','WOMEN-FASHION.png','',1,'2017-12-14 16:15:33','2017-12-14 16:15:33',0),(28,NULL,'Car & Bike Accessories ','car-bike.png','',1,'2017-12-14 16:06:39','2017-12-14 16:06:39',0),(29,NULL,'Books & Stationary','STATIONERY.png','',1,'2017-12-14 16:11:12','2017-12-14 16:11:12',0),(30,NULL,'Kids Store','KIDS-STORE.png','',1,'2017-12-14 16:14:25','2017-12-14 16:14:25',0),(31,NULL,'Sports & Fitness','SPORTS-&-FITNESS.png','',1,'2017-12-14 16:27:09','2017-12-14 16:27:09',0),(32,NULL,'Furniture & Home-Living','FURNITURE-&-HOME-LIVING.png','',1,'2017-12-14 17:42:06','2017-12-14 17:42:06',0),(34,NULL,'Gifts Store','GIFT-STORE.png','',1,'2017-12-15 16:11:04','2017-12-15 16:11:04',0),(35,NULL,'Bags & Outdoor','BAGS-&-OUTDOOR.png','',1,'2017-12-15 16:45:35','2017-12-15 16:45:35',0);

/*Table structure for table `category_banners` */

DROP TABLE IF EXISTS `category_banners`;

CREATE TABLE `category_banners` (
  `baneer_id` int(11) unsigned NOT NULL AUTO_INCREMENT,
  `category_id` int(11) DEFAULT NULL,
  `subcategory_id` int(11) DEFAULT NULL,
  `subitem_id` int(11) DEFAULT NULL,
  `item_id` int(11) DEFAULT NULL,
  `position` int(11) DEFAULT NULL,
  `name` varchar(250) DEFAULT NULL,
  `link` varchar(11) DEFAULT NULL,
  `selected_id` varchar(250) DEFAULT NULL,
  `seller_id` int(11) DEFAULT NULL,
  `expirydate` varchar(250) DEFAULT NULL,
  `created_at` datetime DEFAULT NULL,
  `status` int(11) DEFAULT '1',
  `admin_status` int(11) DEFAULT '0',
  PRIMARY KEY (`baneer_id`)
) ENGINE=InnoDB AUTO_INCREMENT=75 DEFAULT CHARSET=latin1;

/*Data for the table `category_banners` */

insert  into `category_banners`(`baneer_id`,`category_id`,`subcategory_id`,`subitem_id`,`item_id`,`position`,`name`,`link`,`selected_id`,`seller_id`,`expirydate`,`created_at`,`status`,`admin_status`) values (65,20,226,272,0,1,'1513947023.jpg','3','272',142,'2018-01-05 18:20:23','2017-12-22 18:20:23',1,1),(66,20,226,0,269,1,'1513947035.jpg','4','269',142,'2017-12-29 18:20:35','2017-12-22 18:20:35',1,1),(67,0,0,0,0,1,'1513947087.jpg','5','1106',142,'2017-12-29 18:21:27','2017-12-22 18:21:27',1,1),(68,21,96,0,0,2,'1513947732.jpg','2','96',NULL,'2018-01-05 18:32:12','2017-12-22 18:32:12',1,1),(70,21,96,182,0,2,'1513947831.jpg','3','182',NULL,'2018-01-05 18:33:51','2017-12-22 18:33:51',1,1),(71,21,41,0,35,5,'1513948060.jpg','4','35',NULL,'2018-01-05 18:37:39','2017-12-22 18:37:39',1,1),(72,21,96,182,0,5,'1513948070.jpg','3','182',NULL,'2018-01-05 18:37:50','2017-12-22 18:37:50',1,1),(73,0,0,0,0,5,'1513948080.jpg','5','1102',NULL,'2018-01-05 18:38:00','2017-12-22 18:38:00',1,1);

/*Table structure for table `ci_sessions` */

DROP TABLE IF EXISTS `ci_sessions`;

CREATE TABLE `ci_sessions` (
  `id` varchar(128) NOT NULL,
  `ip_address` varchar(45) NOT NULL,
  `timestamp` int(10) unsigned NOT NULL DEFAULT '0',
  `data` blob NOT NULL,
  PRIMARY KEY (`id`),
  KEY `ci_sessions_timestamp` (`timestamp`)
) ENGINE=InnoDB DEFAULT CHARSET=latin1;

/*Data for the table `ci_sessions` */

insert  into `ci_sessions`(`id`,`ip_address`,`timestamp`,`data`) values ('01b7c1175f2b94b3f6306bca04e117194eb0d74b','::1',1513836662,'__ci_last_regenerate|i:1513836396;id|N;HA::CONFIG|a:2:{s:14:\"php_session_id\";s:48:\"s:40:\"fdd3e010a95b6b3d204820c3fcfb85f74f380bec\";\";s:7:\"version\";s:12:\"s:5:\"2.6.0\";\";}redirect_urls|s:58:\"http://localhost/cartinhour/category/subcategory/MjE=/NDE=\";'),('064deca8292841492f56b7d08b5a2cf1422ce793','::1',1513849876,'__ci_last_regenerate|i:1513849659;id|N;HA::CONFIG|a:2:{s:14:\"php_session_id\";s:48:\"s:40:\"fdd3e010a95b6b3d204820c3fcfb85f74f380bec\";\";s:7:\"version\";s:12:\"s:5:\"2.6.0\";\";}redirect_urls|s:58:\"http://localhost/cartinhour/category/subcategory/MjE=/NDE=\";'),('06f5582b02563b984cd2acd2a4a3dfa132d03069','::1',1513771205,'__ci_last_regenerate|i:1513770911;id|N;'),('08769ea7e4e18f430c407c09fae74b48c95c8501','::1',1513834113,'__ci_last_regenerate|i:1513834025;admin_id|s:2:\"12\";admin_email|s:19:\"inventory@gmail.com\";loggedin|b:1;userdetails|a:22:{s:11:\"customer_id\";s:2:\"12\";s:7:\"role_id\";s:1:\"5\";s:14:\"cust_firstname\";s:9:\"inventory\";s:13:\"cust_lastname\";s:10:\"management\";s:10:\"cust_email\";s:19:\"inventory@gmail.com\";s:13:\"cust_password\";s:32:\"e10adc3949ba59abbe56e057f20f883e\";s:11:\"cust_mobile\";s:10:\"3214656852\";s:11:\"cust_propic\";N;s:8:\"address1\";s:4:\"test\";s:7:\"pincode\";N;s:8:\"address2\";N;s:8:\"landmark\";N;s:4:\"city\";N;s:5:\"state\";N;s:4:\"area\";s:1:\"1\";s:6:\"status\";s:1:\"1\";s:9:\"create_at\";s:19:\"2017-07-12 08:30:14\";s:19:\"forgot_verification\";N;s:9:\"subscribe\";s:1:\"0\";s:28:\"deliveryboy_current_location\";N;s:4:\"bike\";N;s:13:\"active_status\";s:1:\"1\";}success|s:23:\"Item Successfully Added\";__ci_vars|a:1:{s:7:\"success\";s:3:\"old\";}'),('0abae0b0b80310813469639c399e9632263f2f6a','::1',1513842211,'__ci_last_regenerate|i:1513841900;id|N;HA::CONFIG|a:2:{s:14:\"php_session_id\";s:48:\"s:40:\"fdd3e010a95b6b3d204820c3fcfb85f74f380bec\";\";s:7:\"version\";s:12:\"s:5:\"2.6.0\";\";}redirect_urls|s:58:\"http://localhost/cartinhour/category/subcategory/MjE=/NDE=\";'),('0af6cfef32dabd36fcdf76682b0be4e4fed741c0','::1',1513922444,'__ci_last_regenerate|i:1513922312;'),('0e2345af9c3c355ff20b43b8102e27bfc499b37c','::1',1513922989,'__ci_last_regenerate|i:1513922749;'),('15c898dd6f0d573e6b571e4ed677578f979d9f0d','::1',1513946893,'__ci_last_regenerate|i:1513946600;seller_id|s:3:\"142\";seller_name|s:6:\"Faisal\";seller_address|N;seller_rand_id|s:9:\"SEL637544\";loggedin|b:1;'),('17b83748e150fe0bec0152c565ec5305fe75c31b','::1',1513852718,'__ci_last_regenerate|i:1513852718;id|N;HA::CONFIG|a:2:{s:14:\"php_session_id\";s:48:\"s:40:\"fdd3e010a95b6b3d204820c3fcfb85f74f380bec\";\";s:7:\"version\";s:12:\"s:5:\"2.6.0\";\";}redirect_urls|s:58:\"http://localhost/cartinhour/category/subcategory/MjE=/NDE=\";'),('188108098c518594f99137c63fbd18730fa7ec66','::1',1513864177,'__ci_last_regenerate|i:1513864089;id|N;HA::CONFIG|a:2:{s:14:\"php_session_id\";s:48:\"s:40:\"fdd3e010a95b6b3d204820c3fcfb85f74f380bec\";\";s:7:\"version\";s:12:\"s:5:\"2.6.0\";\";}redirect_urls|s:58:\"http://localhost/cartinhour/category/subcategory/MjE=/NDE=\";'),('19937d1fbd0090cdcb87ac9d34a5a84a88559f0c','::1',1513860181,'__ci_last_regenerate|i:1513860078;id|N;HA::CONFIG|a:2:{s:14:\"php_session_id\";s:48:\"s:40:\"fdd3e010a95b6b3d204820c3fcfb85f74f380bec\";\";s:7:\"version\";s:12:\"s:5:\"2.6.0\";\";}redirect_urls|s:58:\"http://localhost/cartinhour/category/subcategory/MjE=/NDE=\";'),('1ef59082f19cc0abc0f627388465a002d80d65f2','::1',1513837901,'__ci_last_regenerate|i:1513837882;id|N;HA::CONFIG|a:2:{s:14:\"php_session_id\";s:48:\"s:40:\"fdd3e010a95b6b3d204820c3fcfb85f74f380bec\";\";s:7:\"version\";s:12:\"s:5:\"2.6.0\";\";}redirect_urls|s:58:\"http://localhost/cartinhour/category/subcategory/MjE=/NDE=\";'),('20661f3301d5722ea12efcfaf8198e31f590d473','::1',1513854775,'__ci_last_regenerate|i:1513854636;id|N;HA::CONFIG|a:2:{s:14:\"php_session_id\";s:48:\"s:40:\"fdd3e010a95b6b3d204820c3fcfb85f74f380bec\";\";s:7:\"version\";s:12:\"s:5:\"2.6.0\";\";}redirect_urls|s:58:\"http://localhost/cartinhour/category/subcategory/MjE=/NDE=\";'),('21e4296149fdf50933ed105022c69530e1a34c7e','192.168.1.12',1513836064,'__ci_last_regenerate|i:1513836064;'),('231a8c377dcd4bd819dde55e7d92c80e2b1a3429','::1',1513766454,'__ci_last_regenerate|i:1513766183;id|N;'),('241795994a4628ed8fd7c58e8cf7be0e9a3db453','::1',1513847110,'__ci_last_regenerate|i:1513846870;id|N;HA::CONFIG|a:2:{s:14:\"php_session_id\";s:48:\"s:40:\"fdd3e010a95b6b3d204820c3fcfb85f74f380bec\";\";s:7:\"version\";s:12:\"s:5:\"2.6.0\";\";}redirect_urls|s:58:\"http://localhost/cartinhour/category/subcategory/MjE=/NDE=\";'),('24962fc0a7d8133564f3551986547c91b5165550','::1',1513846053,'__ci_last_regenerate|i:1513845823;id|N;HA::CONFIG|a:2:{s:14:\"php_session_id\";s:48:\"s:40:\"fdd3e010a95b6b3d204820c3fcfb85f74f380bec\";\";s:7:\"version\";s:12:\"s:5:\"2.6.0\";\";}redirect_urls|s:58:\"http://localhost/cartinhour/category/subcategory/MjE=/NDE=\";'),('2631511e88c29319bc3d0174c31cd21b83734d9a','::1',1513863580,'__ci_last_regenerate|i:1513863468;id|N;HA::CONFIG|a:2:{s:14:\"php_session_id\";s:48:\"s:40:\"fdd3e010a95b6b3d204820c3fcfb85f74f380bec\";\";s:7:\"version\";s:12:\"s:5:\"2.6.0\";\";}redirect_urls|s:58:\"http://localhost/cartinhour/category/subcategory/MjE=/NDE=\";'),('263f145dabea9cd6e14c0aa515732e9bbe75d364','::1',1513772222,'__ci_last_regenerate|i:1513771975;id|N;'),('2886adde3b98d650553adbeb63dafd0c9ccdcca6','::1',1513941460,'__ci_last_regenerate|i:1513941231;'),('2b03e604b9a32dd4e4ef4f242bd3e02b4772f935','::1',1513846777,'__ci_last_regenerate|i:1513846544;id|N;HA::CONFIG|a:2:{s:14:\"php_session_id\";s:48:\"s:40:\"fdd3e010a95b6b3d204820c3fcfb85f74f380bec\";\";s:7:\"version\";s:12:\"s:5:\"2.6.0\";\";}redirect_urls|s:58:\"http://localhost/cartinhour/category/subcategory/MjE=/NDE=\";'),('364028077212ac1d93a78e1038a78cbe5fd78c0e','::1',1513770468,'__ci_last_regenerate|i:1513770468;id|N;'),('39a29293cbaec0b5170568eea54507dc36661408','::1',1513947087,'__ci_last_regenerate|i:1513947014;seller_id|s:3:\"142\";seller_name|s:6:\"Faisal\";seller_address|N;seller_rand_id|s:9:\"SEL637544\";loggedin|b:1;success|s:26:\"Banner successfully Added!\";__ci_vars|a:1:{s:7:\"success\";s:3:\"old\";}'),('3b23af5edccd451f08e9116d8a3bb8d2891bccbe','::1',1513851145,'__ci_last_regenerate|i:1513850884;id|N;HA::CONFIG|a:2:{s:14:\"php_session_id\";s:48:\"s:40:\"fdd3e010a95b6b3d204820c3fcfb85f74f380bec\";\";s:7:\"version\";s:12:\"s:5:\"2.6.0\";\";}redirect_urls|s:58:\"http://localhost/cartinhour/category/subcategory/MjE=/NDE=\";'),('3b3734f7e52c8db35d077d9bc9e68ee20f9cd0e4','::1',1513771576,'__ci_last_regenerate|i:1513771291;id|N;'),('3ca3b4bf20e7ccc621c24d359b08f88d78e915a5','::1',1513924269,'__ci_last_regenerate|i:1513923959;id|N;'),('3da70c25621fb30b74872199abb447401072184e','::1',1513943825,'__ci_last_regenerate|i:1513943806;seller_id|s:3:\"142\";seller_name|s:6:\"Faisal\";seller_address|N;seller_rand_id|s:9:\"SEL637544\";loggedin|b:1;'),('4129e74cd9e7948fb835409a6da25edbe6e14116','::1',1513924308,'__ci_last_regenerate|i:1513924270;id|N;'),('446511c5f73073a096354e19a3db78c1380260fe','::1',1513848691,'__ci_last_regenerate|i:1513848691;id|N;HA::CONFIG|a:2:{s:14:\"php_session_id\";s:48:\"s:40:\"fdd3e010a95b6b3d204820c3fcfb85f74f380bec\";\";s:7:\"version\";s:12:\"s:5:\"2.6.0\";\";}redirect_urls|s:58:\"http://localhost/cartinhour/category/subcategory/MjE=/NDE=\";'),('44867575e01d597217b6f385697d06251709451f','::1',1513921749,'__ci_last_regenerate|i:1513921716;id|N;'),('465a3f568dcaa1eedac944fb540cc1065ae4a794','::1',1513770668,'__ci_last_regenerate|i:1513770469;id|N;'),('474684dd59b43411d0eb1f6aab86cf88fee3ecef','::1',1513847661,'__ci_last_regenerate|i:1513847574;id|N;HA::CONFIG|a:2:{s:14:\"php_session_id\";s:48:\"s:40:\"fdd3e010a95b6b3d204820c3fcfb85f74f380bec\";\";s:7:\"version\";s:12:\"s:5:\"2.6.0\";\";}redirect_urls|s:58:\"http://localhost/cartinhour/category/subcategory/MjE=/NDE=\";'),('47d88399eafbbe51632c1bf0985b331deb94f183','::1',1513920188,'__ci_last_regenerate|i:1513919907;id|N;'),('490fb86fb11a91deac82b425325e044a3c3ccd74','::1',1513948080,'__ci_last_regenerate|i:1513948051;admin_id|s:2:\"12\";admin_email|s:19:\"inventory@gmail.com\";loggedin|b:1;userdetails|a:22:{s:11:\"customer_id\";s:2:\"12\";s:7:\"role_id\";s:1:\"5\";s:14:\"cust_firstname\";s:9:\"inventory\";s:13:\"cust_lastname\";s:10:\"management\";s:10:\"cust_email\";s:19:\"inventory@gmail.com\";s:13:\"cust_password\";s:32:\"e10adc3949ba59abbe56e057f20f883e\";s:11:\"cust_mobile\";s:10:\"3214656852\";s:11:\"cust_propic\";N;s:8:\"address1\";s:4:\"test\";s:7:\"pincode\";N;s:8:\"address2\";N;s:8:\"landmark\";N;s:4:\"city\";N;s:5:\"state\";N;s:4:\"area\";s:1:\"1\";s:6:\"status\";s:1:\"1\";s:9:\"create_at\";s:19:\"2017-07-12 08:30:14\";s:19:\"forgot_verification\";N;s:9:\"subscribe\";s:1:\"0\";s:28:\"deliveryboy_current_location\";N;s:4:\"bike\";N;s:13:\"active_status\";s:1:\"1\";}success|s:26:\"Banner successfully Added!\";__ci_vars|a:1:{s:7:\"success\";s:3:\"old\";}'),('49c437d722d6403ea4030c891e3eeea762232ee1','::1',1513853486,'__ci_last_regenerate|i:1513853307;id|N;HA::CONFIG|a:2:{s:14:\"php_session_id\";s:48:\"s:40:\"fdd3e010a95b6b3d204820c3fcfb85f74f380bec\";\";s:7:\"version\";s:12:\"s:5:\"2.6.0\";\";}redirect_urls|s:58:\"http://localhost/cartinhour/category/subcategory/MjE=/NDE=\";'),('4a55e7473688b5dd042f9d01eb9c0573a5139cee','::1',1513942577,'__ci_last_regenerate|i:1513942283;'),('4b5a730e9f2150e89b8c38c8d3eed253fddec68d','::1',1513836709,'__ci_last_regenerate|i:1513836709;id|N;HA::CONFIG|a:2:{s:14:\"php_session_id\";s:48:\"s:40:\"fdd3e010a95b6b3d204820c3fcfb85f74f380bec\";\";s:7:\"version\";s:12:\"s:5:\"2.6.0\";\";}redirect_urls|s:58:\"http://localhost/cartinhour/category/subcategory/MjE=/NDE=\";'),('4b8460e2463da99ef5c949d87f3b5562b7363ecb','::1',1513776464,'__ci_last_regenerate|i:1513776179;id|N;'),('4c2dbf6a60eccbba2dd4d44933f9b527eb806ae2','::1',1513853982,'__ci_last_regenerate|i:1513853847;id|N;HA::CONFIG|a:2:{s:14:\"php_session_id\";s:48:\"s:40:\"fdd3e010a95b6b3d204820c3fcfb85f74f380bec\";\";s:7:\"version\";s:12:\"s:5:\"2.6.0\";\";}redirect_urls|s:58:\"http://localhost/cartinhour/category/subcategory/MjE=/NDE=\";'),('4c7bb565ab84d74df0a2d7e9ae44935bf1ae573e','::1',1513927228,'__ci_last_regenerate|i:1513927033;id|N;'),('4fdbcb1f190152b677335bcd11947b9d47b0757e','::1',1513921542,'__ci_last_regenerate|i:1513921239;id|N;'),('52d13f54f04f6a66d2636740f91b3122aee0cc77','::1',1513946333,'__ci_last_regenerate|i:1513946035;id|N;'),('5bc7ee7cfe233dc073c70bbb4b53774e24e32cc6','::1',1513774890,'__ci_last_regenerate|i:1513774661;id|N;'),('5c2c848d7cd498751553212e7146b54ee6b77fa1','::1',1513854435,'__ci_last_regenerate|i:1513854191;id|N;HA::CONFIG|a:2:{s:14:\"php_session_id\";s:48:\"s:40:\"fdd3e010a95b6b3d204820c3fcfb85f74f380bec\";\";s:7:\"version\";s:12:\"s:5:\"2.6.0\";\";}redirect_urls|s:58:\"http://localhost/cartinhour/category/subcategory/MjE=/NDE=\";'),('5c6a173d2d02ccad35b472bf75bee90f3a4653e8','::1',1513852692,'__ci_last_regenerate|i:1513852405;admin_id|s:2:\"12\";admin_email|s:19:\"inventory@gmail.com\";loggedin|b:1;userdetails|a:22:{s:11:\"customer_id\";s:2:\"12\";s:7:\"role_id\";s:1:\"5\";s:14:\"cust_firstname\";s:9:\"inventory\";s:13:\"cust_lastname\";s:10:\"management\";s:10:\"cust_email\";s:19:\"inventory@gmail.com\";s:13:\"cust_password\";s:32:\"e10adc3949ba59abbe56e057f20f883e\";s:11:\"cust_mobile\";s:10:\"3214656852\";s:11:\"cust_propic\";N;s:8:\"address1\";s:4:\"test\";s:7:\"pincode\";N;s:8:\"address2\";N;s:8:\"landmark\";N;s:4:\"city\";N;s:5:\"state\";N;s:4:\"area\";s:1:\"1\";s:6:\"status\";s:1:\"1\";s:9:\"create_at\";s:19:\"2017-07-12 08:30:14\";s:19:\"forgot_verification\";N;s:9:\"subscribe\";s:1:\"0\";s:28:\"deliveryboy_current_location\";N;s:4:\"bike\";N;s:13:\"active_status\";s:1:\"1\";}success|s:30:\"brand Logo successfully Added!\";__ci_vars|a:1:{s:7:\"success\";s:3:\"old\";}'),('61319e89d1329d592b0d18418d3c3a75d134c71b','::1',1513850483,'__ci_last_regenerate|i:1513850211;id|N;HA::CONFIG|a:2:{s:14:\"php_session_id\";s:48:\"s:40:\"fdd3e010a95b6b3d204820c3fcfb85f74f380bec\";\";s:7:\"version\";s:12:\"s:5:\"2.6.0\";\";}redirect_urls|s:58:\"http://localhost/cartinhour/category/subcategory/MjE=/NDE=\";'),('62151beaacf4871df4a9d11b08dc908c79dff152','::1',1513943864,'__ci_last_regenerate|i:1513943566;id|N;'),('621bb75e2e33354ce1ee4d016b4e9fbfc4da1b3b','::1',1513945119,'__ci_last_regenerate|i:1513944843;seller_id|s:3:\"142\";seller_name|s:6:\"Faisal\";seller_address|N;seller_rand_id|s:9:\"SEL637544\";loggedin|b:1;'),('624569e48d0db306ff0ca1b3182f1aa690511cf9','::1',1513841220,'__ci_last_regenerate|i:1513841220;id|N;HA::CONFIG|a:2:{s:14:\"php_session_id\";s:48:\"s:40:\"fdd3e010a95b6b3d204820c3fcfb85f74f380bec\";\";s:7:\"version\";s:12:\"s:5:\"2.6.0\";\";}redirect_urls|s:58:\"http://localhost/cartinhour/category/subcategory/MjE=/NDE=\";'),('639d84828b84f339ef0a38fa9290edbe1d962b0a','::1',1513774420,'__ci_last_regenerate|i:1513773824;id|N;'),('65720c2e0b9e02ae042330a297ca54f3562498f3','::1',1513846462,'__ci_last_regenerate|i:1513846166;id|N;HA::CONFIG|a:2:{s:14:\"php_session_id\";s:48:\"s:40:\"fdd3e010a95b6b3d204820c3fcfb85f74f380bec\";\";s:7:\"version\";s:12:\"s:5:\"2.6.0\";\";}redirect_urls|s:58:\"http://localhost/cartinhour/category/subcategory/MjE=/NDE=\";'),('662eaa2704b7b4cfcd1af765862741970729da99','::1',1513945618,'__ci_last_regenerate|i:1513945334;id|N;'),('66ce8a14eb30f27aa6da9f7ba91a4ad9c1bb85da','::1',1513864812,'__ci_last_regenerate|i:1513864667;id|N;HA::CONFIG|a:2:{s:14:\"php_session_id\";s:48:\"s:40:\"fdd3e010a95b6b3d204820c3fcfb85f74f380bec\";\";s:7:\"version\";s:12:\"s:5:\"2.6.0\";\";}redirect_urls|s:58:\"http://localhost/cartinhour/category/subcategory/MjE=/NDE=\";'),('675f0c31565a270ee8eb0cda5c4462303beb6967','::1',1513861166,'__ci_last_regenerate|i:1513861133;id|N;HA::CONFIG|a:2:{s:14:\"php_session_id\";s:48:\"s:40:\"fdd3e010a95b6b3d204820c3fcfb85f74f380bec\";\";s:7:\"version\";s:12:\"s:5:\"2.6.0\";\";}redirect_urls|s:58:\"http://localhost/cartinhour/category/subcategory/MjE=/NDE=\";'),('68b2b91581b479066c3db1ddf77284187813c5b2','::1',1513943051,'__ci_last_regenerate|i:1513942919;'),('6b73f611f26834738e4292ea24333363a9e93319','::1',1513770468,'__ci_last_regenerate|i:1513770468;id|N;'),('6ec1d14e183185a31f640331e4142cc2ffd862c4','::1',1513773197,'__ci_last_regenerate|i:1513773017;id|N;'),('6fca2542071e4dd7c4c454ef266240b7e4e73493','::1',1513775498,'__ci_last_regenerate|i:1513775212;id|N;'),('70fb3c581a5bba118daee7fa2d2c3889a582f292','::1',1513840910,'__ci_last_regenerate|i:1513840811;id|N;HA::CONFIG|a:2:{s:14:\"php_session_id\";s:48:\"s:40:\"fdd3e010a95b6b3d204820c3fcfb85f74f380bec\";\";s:7:\"version\";s:12:\"s:5:\"2.6.0\";\";}redirect_urls|s:58:\"http://localhost/cartinhour/category/subcategory/MjE=/NDE=\";'),('75a5f7def7c0e64751a2cce20ff14a9a0ff23b93','::1',1513772973,'__ci_last_regenerate|i:1513772700;id|N;'),('787cd759a431b2f96645e37fc9f75164084a741f','::1',1513850786,'__ci_last_regenerate|i:1513850513;id|N;HA::CONFIG|a:2:{s:14:\"php_session_id\";s:48:\"s:40:\"fdd3e010a95b6b3d204820c3fcfb85f74f380bec\";\";s:7:\"version\";s:12:\"s:5:\"2.6.0\";\";}redirect_urls|s:58:\"http://localhost/cartinhour/category/subcategory/MjE=/NDE=\";'),('79ee200cf3bebe7ae2828f1aad5f4724762de1f0','::1',1513937967,'__ci_last_regenerate|i:1513937949;'),('7a17b758384ba890c21181a92212fbf038f66dea','::1',1513849650,'__ci_last_regenerate|i:1513849349;id|N;HA::CONFIG|a:2:{s:14:\"php_session_id\";s:48:\"s:40:\"fdd3e010a95b6b3d204820c3fcfb85f74f380bec\";\";s:7:\"version\";s:12:\"s:5:\"2.6.0\";\";}redirect_urls|s:58:\"http://localhost/cartinhour/category/subcategory/MjE=/NDE=\";'),('7bc59436b380b3bbc67c67130bc4d6c47264d25d','::1',1513851960,'__ci_last_regenerate|i:1513851868;admin_id|s:2:\"12\";admin_email|s:19:\"inventory@gmail.com\";loggedin|b:1;userdetails|a:22:{s:11:\"customer_id\";s:2:\"12\";s:7:\"role_id\";s:1:\"5\";s:14:\"cust_firstname\";s:9:\"inventory\";s:13:\"cust_lastname\";s:10:\"management\";s:10:\"cust_email\";s:19:\"inventory@gmail.com\";s:13:\"cust_password\";s:32:\"e10adc3949ba59abbe56e057f20f883e\";s:11:\"cust_mobile\";s:10:\"3214656852\";s:11:\"cust_propic\";N;s:8:\"address1\";s:4:\"test\";s:7:\"pincode\";N;s:8:\"address2\";N;s:8:\"landmark\";N;s:4:\"city\";N;s:5:\"state\";N;s:4:\"area\";s:1:\"1\";s:6:\"status\";s:1:\"1\";s:9:\"create_at\";s:19:\"2017-07-12 08:30:14\";s:19:\"forgot_verification\";N;s:9:\"subscribe\";s:1:\"0\";s:28:\"deliveryboy_current_location\";N;s:4:\"bike\";N;s:13:\"active_status\";s:1:\"1\";}success|s:30:\"brand Logo successfully Added!\";__ci_vars|a:1:{s:7:\"success\";s:3:\"old\";}'),('7e684ecf6a0e7a869750c096298a0ba9e1ec9072','::1',1513772631,'__ci_last_regenerate|i:1513772370;id|N;'),('7fd0e6814891025c069ea7ed01c10833c336b628','::1',1513946031,'__ci_last_regenerate|i:1513945732;id|N;'),('82bc054a350ee41e046c3d809c54131dc00fe434','::1',1513835193,'__ci_last_regenerate|i:1513835192;id|N;HA::CONFIG|a:2:{s:14:\"php_session_id\";s:48:\"s:40:\"fdd3e010a95b6b3d204820c3fcfb85f74f380bec\";\";s:7:\"version\";s:12:\"s:5:\"2.6.0\";\";}redirect_urls|s:58:\"http://localhost/cartinhour/category/subcategory/MjE=/NDE=\";'),('84b080220b7eb11e967f48392392dd64cd14734e','::1',1513947689,'__ci_last_regenerate|i:1513947680;seller_id|s:3:\"142\";seller_name|s:6:\"Faisal\";seller_address|N;seller_rand_id|s:9:\"SEL637544\";loggedin|b:1;'),('8667fac53b1c8ea8256deb3dc846a8f49eb4182b','::1',1513835290,'__ci_last_regenerate|i:1513835193;id|N;HA::CONFIG|a:2:{s:14:\"php_session_id\";s:48:\"s:40:\"fdd3e010a95b6b3d204820c3fcfb85f74f380bec\";\";s:7:\"version\";s:12:\"s:5:\"2.6.0\";\";}redirect_urls|s:58:\"http://localhost/cartinhour/category/subcategory/MjE=/NDE=\";'),('882f4ca4809c62bedd2ed420ee2921fd63ab2f91','::1',1513834339,'__ci_last_regenerate|i:1513834263;id|N;HA::CONFIG|a:2:{s:14:\"php_session_id\";s:48:\"s:40:\"fdd3e010a95b6b3d204820c3fcfb85f74f380bec\";\";s:7:\"version\";s:12:\"s:5:\"2.6.0\";\";}redirect_urls|s:58:\"http://localhost/cartinhour/category/subcategory/MjE=/NDE=\";'),('8948912d913d151d10d39f11f62867811b1c49ac','::1',1513939973,'__ci_last_regenerate|i:1513939775;'),('89f69671c4f1ceba07fefb1ad8956d8f04280879','::1',1513777143,'__ci_last_regenerate|i:1513776861;id|N;'),('8b95bad40380c387bfbf724ccefcbe2811a1159b','::1',1513941833,'__ci_last_regenerate|i:1513941578;'),('8c0305507082a25f32398250faad2a32cd3a9623','::1',1513851805,'__ci_last_regenerate|i:1513851554;id|N;HA::CONFIG|a:2:{s:14:\"php_session_id\";s:48:\"s:40:\"fdd3e010a95b6b3d204820c3fcfb85f74f380bec\";\";s:7:\"version\";s:12:\"s:5:\"2.6.0\";\";}redirect_urls|s:58:\"http://localhost/cartinhour/category/subcategory/MjE=/NDE=\";'),('8d50ed77dbffd1c8ee8207b65ffeeb2a9ce1cd3e','::1',1513840428,'__ci_last_regenerate|i:1513840386;id|N;HA::CONFIG|a:2:{s:14:\"php_session_id\";s:48:\"s:40:\"fdd3e010a95b6b3d204820c3fcfb85f74f380bec\";\";s:7:\"version\";s:12:\"s:5:\"2.6.0\";\";}redirect_urls|s:58:\"http://localhost/cartinhour/category/subcategory/MjE=/NDE=\";'),('9069621bb68b0f2f38028fc06b4bb00fbae4a0d1','::1',1513852772,'__ci_last_regenerate|i:1513852724;admin_id|s:2:\"12\";admin_email|s:19:\"inventory@gmail.com\";loggedin|b:1;userdetails|a:22:{s:11:\"customer_id\";s:2:\"12\";s:7:\"role_id\";s:1:\"5\";s:14:\"cust_firstname\";s:9:\"inventory\";s:13:\"cust_lastname\";s:10:\"management\";s:10:\"cust_email\";s:19:\"inventory@gmail.com\";s:13:\"cust_password\";s:32:\"e10adc3949ba59abbe56e057f20f883e\";s:11:\"cust_mobile\";s:10:\"3214656852\";s:11:\"cust_propic\";N;s:8:\"address1\";s:4:\"test\";s:7:\"pincode\";N;s:8:\"address2\";N;s:8:\"landmark\";N;s:4:\"city\";N;s:5:\"state\";N;s:4:\"area\";s:1:\"1\";s:6:\"status\";s:1:\"1\";s:9:\"create_at\";s:19:\"2017-07-12 08:30:14\";s:19:\"forgot_verification\";N;s:9:\"subscribe\";s:1:\"0\";s:28:\"deliveryboy_current_location\";N;s:4:\"bike\";N;s:13:\"active_status\";s:1:\"1\";}success|s:30:\"brand Logo successfully Added!\";__ci_vars|a:1:{s:7:\"success\";s:3:\"old\";}'),('923e916cd3c995e2a8d1fae2f393eb81555a8ece','::1',1513862301,'__ci_last_regenerate|i:1513862029;id|N;HA::CONFIG|a:2:{s:14:\"php_session_id\";s:48:\"s:40:\"fdd3e010a95b6b3d204820c3fcfb85f74f380bec\";\";s:7:\"version\";s:12:\"s:5:\"2.6.0\";\";}redirect_urls|s:58:\"http://localhost/cartinhour/category/subcategory/MjE=/NDE=\";'),('938a4e33deae13c89fcbb4f720d0eaf57654703f','192.168.1.12',1513922379,'__ci_last_regenerate|i:1513922379;'),('955efb02414b6756f387df0df248872ab85dfc37','::1',1513840262,'__ci_last_regenerate|i:1513839969;id|N;HA::CONFIG|a:2:{s:14:\"php_session_id\";s:48:\"s:40:\"fdd3e010a95b6b3d204820c3fcfb85f74f380bec\";\";s:7:\"version\";s:12:\"s:5:\"2.6.0\";\";}redirect_urls|s:58:\"http://localhost/cartinhour/category/subcategory/MjE=/NDE=\";'),('9aeef7ecd03f27084a4c477a7a9988c1a30a4d66','::1',1513944650,'__ci_last_regenerate|i:1513944458;seller_id|s:3:\"142\";seller_name|s:6:\"Faisal\";seller_address|N;seller_rand_id|s:9:\"SEL637544\";loggedin|b:1;success|s:26:\"Banner successfully Added!\";__ci_vars|a:1:{s:7:\"success\";s:3:\"old\";}'),('9d813cbc5ea1ad7a81282a8d6ef105234ea3f316','::1',1513947435,'__ci_last_regenerate|i:1513947147;id|N;'),('9da4eb3108e3c599d002a8f4e31a43d2f2961d63','::1',1513947668,'__ci_last_regenerate|i:1513947471;id|N;'),('a211f131dcdbd05f92fa4954d61c96f157355d66','::1',1513835798,'__ci_last_regenerate|i:1513835541;id|N;HA::CONFIG|a:2:{s:14:\"php_session_id\";s:48:\"s:40:\"fdd3e010a95b6b3d204820c3fcfb85f74f380bec\";\";s:7:\"version\";s:12:\"s:5:\"2.6.0\";\";}redirect_urls|s:58:\"http://localhost/cartinhour/category/subcategory/MjE=/NDE=\";'),('a342ad1c3eb2d56910797b2bf7bed00f316e756e','::1',1513777298,'__ci_last_regenerate|i:1513777251;id|N;'),('a6bbabe45bf7c2d5c4f2985f470d98f43d982e5f','::1',1513835193,'__ci_last_regenerate|i:1513835193;id|N;HA::CONFIG|a:2:{s:14:\"php_session_id\";s:48:\"s:40:\"fdd3e010a95b6b3d204820c3fcfb85f74f380bec\";\";s:7:\"version\";s:12:\"s:5:\"2.6.0\";\";}redirect_urls|s:58:\"http://localhost/cartinhour/category/subcategory/MjE=/NDE=\";'),('a935f49c7e99b7db37fac3cabcf8feb87852aaee','::1',1513834259,'__ci_last_regenerate|i:1513833992;seller_id|s:3:\"142\";seller_name|s:6:\"Faisal\";seller_address|N;seller_rand_id|s:9:\"SEL637544\";loggedin|b:1;addcus|s:25:\"Item Successfully added..\";__ci_vars|a:1:{s:6:\"addcus\";s:3:\"old\";}'),('a9749d43164d627887be14eeb8629f95ed33a7e6','::1',1513839707,'__ci_last_regenerate|i:1513839543;id|N;HA::CONFIG|a:2:{s:14:\"php_session_id\";s:48:\"s:40:\"fdd3e010a95b6b3d204820c3fcfb85f74f380bec\";\";s:7:\"version\";s:12:\"s:5:\"2.6.0\";\";}redirect_urls|s:58:\"http://localhost/cartinhour/category/subcategory/MjE=/NDE=\";'),('abab0263a516aaafc405176c9c9cc99900cd7110','::1',1513944735,'__ci_last_regenerate|i:1513944572;id|N;'),('ace6cdd0e3d5faf5d9cd5e4ba3e8e0265362ad72','::1',1513947831,'__ci_last_regenerate|i:1513947712;admin_id|s:2:\"12\";admin_email|s:19:\"inventory@gmail.com\";loggedin|b:1;userdetails|a:22:{s:11:\"customer_id\";s:2:\"12\";s:7:\"role_id\";s:1:\"5\";s:14:\"cust_firstname\";s:9:\"inventory\";s:13:\"cust_lastname\";s:10:\"management\";s:10:\"cust_email\";s:19:\"inventory@gmail.com\";s:13:\"cust_password\";s:32:\"e10adc3949ba59abbe56e057f20f883e\";s:11:\"cust_mobile\";s:10:\"3214656852\";s:11:\"cust_propic\";N;s:8:\"address1\";s:4:\"test\";s:7:\"pincode\";N;s:8:\"address2\";N;s:8:\"landmark\";N;s:4:\"city\";N;s:5:\"state\";N;s:4:\"area\";s:1:\"1\";s:6:\"status\";s:1:\"1\";s:9:\"create_at\";s:19:\"2017-07-12 08:30:14\";s:19:\"forgot_verification\";N;s:9:\"subscribe\";s:1:\"0\";s:28:\"deliveryboy_current_location\";N;s:4:\"bike\";N;s:13:\"active_status\";s:1:\"1\";}success|s:26:\"Banner successfully Added!\";__ci_vars|a:1:{s:7:\"success\";s:3:\"old\";}'),('ae64adb3f90643ef9a087db9a453afd334ed9a73','::1',1513766785,'__ci_last_regenerate|i:1513766496;id|N;'),('b0dc9b41f34e22b8b71231f13022ae8e68603aef','::1',1513945363,'__ci_last_regenerate|i:1513945249;seller_id|s:3:\"142\";seller_name|s:6:\"Faisal\";seller_address|N;seller_rand_id|s:9:\"SEL637544\";loggedin|b:1;'),('b4a13adbdf28406f0d0ff0d5e6e2f983ed54af5f','::1',1513835193,'__ci_last_regenerate|i:1513835193;id|N;HA::CONFIG|a:2:{s:14:\"php_session_id\";s:48:\"s:40:\"fdd3e010a95b6b3d204820c3fcfb85f74f380bec\";\";s:7:\"version\";s:12:\"s:5:\"2.6.0\";\";}redirect_urls|s:58:\"http://localhost/cartinhour/category/subcategory/MjE=/NDE=\";'),('b4d44014a323d4fe871284a3307a2901f4abc14b','::1',1513838591,'__ci_last_regenerate|i:1513838520;id|N;HA::CONFIG|a:2:{s:14:\"php_session_id\";s:48:\"s:40:\"fdd3e010a95b6b3d204820c3fcfb85f74f380bec\";\";s:7:\"version\";s:12:\"s:5:\"2.6.0\";\";}redirect_urls|s:58:\"http://localhost/cartinhour/category/subcategory/MjE=/NDE=\";'),('b63e9f3f6a1e735f8f98513620ca98cfb6a565ce','::1',1513944096,'__ci_last_regenerate|i:1513943890;id|N;'),('b692d343e018746bdada3d7d5cd99a6d099847db','::1',1513767083,'__ci_last_regenerate|i:1513766884;id|N;'),('b80584eac994f9b5034566ace7e9dce5bfd71b6c','::1',1513925522,'__ci_last_regenerate|i:1513925219;'),('bb96ab465ccbca1e11735386243681db1a273fba','::1',1513936536,'__ci_last_regenerate|i:1513936364;'),('bf62f9576dd99dfc13e83313237a2e6300949e53','::1',1513854955,'__ci_last_regenerate|i:1513854955;id|N;HA::CONFIG|a:2:{s:14:\"php_session_id\";s:48:\"s:40:\"fdd3e010a95b6b3d204820c3fcfb85f74f380bec\";\";s:7:\"version\";s:12:\"s:5:\"2.6.0\";\";}redirect_urls|s:58:\"http://localhost/cartinhour/category/subcategory/MjE=/NDE=\";'),('bfc8ff23a253bff0a918e711ba8aa151774e1a72','::1',1513923844,'__ci_last_regenerate|i:1513923550;'),('c1a10934872f33319b4c59df762b9606b814ea64','::1',1513942211,'__ci_last_regenerate|i:1513941925;'),('c57477ee33b7e63305f0fbcf2170aeb0cfd5ffd9','::1',1513833279,'__ci_last_regenerate|i:1513833270;id|N;'),('c691e458b5230b4fcb933ff075ca5eb24dc700c7','::1',1513926311,'__ci_last_regenerate|i:1513926013;id|N;'),('c9e6695521f7a57a25e205d313aacec92f474a7b','::1',1513920527,'__ci_last_regenerate|i:1513920480;id|N;'),('ca5daf7e632c37ca6605dd9cbd80818d8234cd44','::1',1513776783,'__ci_last_regenerate|i:1513776536;id|N;'),('cabc4fee460c99dc43654e2d4ea90d9e17cdbd71','::1',1513851966,'__ci_last_regenerate|i:1513851900;id|N;HA::CONFIG|a:2:{s:14:\"php_session_id\";s:48:\"s:40:\"fdd3e010a95b6b3d204820c3fcfb85f74f380bec\";\";s:7:\"version\";s:12:\"s:5:\"2.6.0\";\";}redirect_urls|s:58:\"http://localhost/cartinhour/category/subcategory/MjE=/NDE=\";'),('cbcd183b923555a292c86956be5c333e966242d7','::1',1513775961,'__ci_last_regenerate|i:1513775671;id|N;'),('cd22d101f7981dfe15dc0146023ec81747e4740e','::1',1513847530,'__ci_last_regenerate|i:1513847208;id|N;HA::CONFIG|a:2:{s:14:\"php_session_id\";s:48:\"s:40:\"fdd3e010a95b6b3d204820c3fcfb85f74f380bec\";\";s:7:\"version\";s:12:\"s:5:\"2.6.0\";\";}redirect_urls|s:58:\"http://localhost/cartinhour/category/subcategory/MjE=/NDE=\";'),('ceeb398e4d23bb78046884657ef66f249fa85af7','::1',1513946114,'__ci_last_regenerate|i:1513945782;seller_id|s:3:\"142\";seller_name|s:6:\"Faisal\";seller_address|N;seller_rand_id|s:9:\"SEL637544\";loggedin|b:1;'),('d16667d9cdadc165e7a122b9ccf0afbd92c5edeb','::1',1513851526,'__ci_last_regenerate|i:1513851242;id|N;HA::CONFIG|a:2:{s:14:\"php_session_id\";s:48:\"s:40:\"fdd3e010a95b6b3d204820c3fcfb85f74f380bec\";\";s:7:\"version\";s:12:\"s:5:\"2.6.0\";\";}redirect_urls|s:58:\"http://localhost/cartinhour/category/subcategory/MjE=/NDE=\";'),('d230627266be586ebd08cecb414ca9d6d815246e','::1',1513925738,'__ci_last_regenerate|i:1513925524;id|N;'),('d59c3cd65fdec803db04d7650588c1fea54f04dd','::1',1513860483,'__ci_last_regenerate|i:1513860464;id|N;HA::CONFIG|a:2:{s:14:\"php_session_id\";s:48:\"s:40:\"fdd3e010a95b6b3d204820c3fcfb85f74f380bec\";\";s:7:\"version\";s:12:\"s:5:\"2.6.0\";\";}redirect_urls|s:58:\"http://localhost/cartinhour/category/subcategory/MjE=/NDE=\";'),('d6de3d4cf2c332bc13833e85a007a35a73427152','::1',1513926562,'__ci_last_regenerate|i:1513926448;id|N;'),('d7e6ff6eb17754b6938fb6d37111c51bea747062','::1',1513835192,'__ci_last_regenerate|i:1513835189;id|N;HA::CONFIG|a:2:{s:14:\"php_session_id\";s:48:\"s:40:\"fdd3e010a95b6b3d204820c3fcfb85f74f380bec\";\";s:7:\"version\";s:12:\"s:5:\"2.6.0\";\";}redirect_urls|s:58:\"http://localhost/cartinhour/category/subcategory/MjE=/NDE=\";'),('d87e22aaaf340975b47221fca49a0c4616b5cbba','::1',1513923319,'__ci_last_regenerate|i:1513923167;'),('d88d9fceb92b7c5caa2086d45f78d479c531db9a','::1',1513834740,'__ci_last_regenerate|i:1513834740;id|N;HA::CONFIG|a:2:{s:14:\"php_session_id\";s:48:\"s:40:\"fdd3e010a95b6b3d204820c3fcfb85f74f380bec\";\";s:7:\"version\";s:12:\"s:5:\"2.6.0\";\";}redirect_urls|s:58:\"http://localhost/cartinhour/category/subcategory/MjE=/NDE=\";'),('d9590689e39c3f4afa2cf73fa16599f409cc8b4f','::1',1513770468,'__ci_last_regenerate|i:1513770462;id|N;'),('db3fa16bcf7f5af34a55619464927f78d5e324b5','::1',1513773655,'__ci_last_regenerate|i:1513773411;id|N;'),('dca27fccc4cdda87124ee8f1fe8018a23795bdc8','::1',1513845742,'__ci_last_regenerate|i:1513842861;id|N;HA::CONFIG|a:2:{s:14:\"php_session_id\";s:48:\"s:40:\"fdd3e010a95b6b3d204820c3fcfb85f74f380bec\";\";s:7:\"version\";s:12:\"s:5:\"2.6.0\";\";}redirect_urls|s:58:\"http://localhost/cartinhour/category/subcategory/MjE=/NDE=\";'),('df5b9f46c21cca9aeeca91e015d838d4be854612','::1',1513862732,'__ci_last_regenerate|i:1513862506;id|N;HA::CONFIG|a:2:{s:14:\"php_session_id\";s:48:\"s:40:\"fdd3e010a95b6b3d204820c3fcfb85f74f380bec\";\";s:7:\"version\";s:12:\"s:5:\"2.6.0\";\";}redirect_urls|s:58:\"http://localhost/cartinhour/category/subcategory/MjE=/NDE=\";'),('e01d599350404a044c9c4747acd29a61016a4a23','::1',1513939081,'__ci_last_regenerate|i:1513939081;'),('e276d0a67b1959e2cf4fc6c07866058639a87b50','::1',1513948381,'__ci_last_regenerate|i:1513948106;id|N;'),('e3ff9b41d52724dc23f44daaa14bae43821cf1ad','::1',1513936000,'__ci_last_regenerate|i:1513935960;'),('e5f05c6fcdc916086c4e0a9940c7657e182ef463','::1',1513942869,'__ci_last_regenerate|i:1513942604;'),('e95479b9a9c77d827ea7c4d6b0e7d0719fd88fba','::1',1513771899,'__ci_last_regenerate|i:1513771602;id|N;'),('ea74528db60ff109e9a61b8645a256a3e6e4c797','::1',1513946577,'__ci_last_regenerate|i:1513946529;id|N;'),('eb9e8267fd4bbc6d9700037615317a08f8223a3a','::1',1513946132,'__ci_last_regenerate|i:1513946119;seller_id|s:3:\"142\";seller_name|s:6:\"Faisal\";seller_address|N;seller_rand_id|s:9:\"SEL637544\";loggedin|b:1;success|s:26:\"Banner successfully Added!\";__ci_vars|a:1:{s:7:\"success\";s:3:\"old\";}'),('ebdad1ccc98558de1ec47a29b259f7c8bec29495','fe80::a189:274:1a2:c474',1513836063,'__ci_last_regenerate|i:1513836063;'),('ec88cdc150c285b677ed5de0a22fd12ec9fbf85f','::1',1513848677,'__ci_last_regenerate|i:1513847908;id|N;HA::CONFIG|a:2:{s:14:\"php_session_id\";s:48:\"s:40:\"fdd3e010a95b6b3d204820c3fcfb85f74f380bec\";\";s:7:\"version\";s:12:\"s:5:\"2.6.0\";\";}redirect_urls|s:58:\"http://localhost/cartinhour/category/subcategory/MjE=/NDE=\";'),('f34baee930c3f69d69b67cd9af59afaef5080cd5','::1',1513944512,'__ci_last_regenerate|i:1513944249;id|N;'),('f5c77e527934faf37275d67aa29d4f15ff0810cd','::1',1513940711,'__ci_last_regenerate|i:1513940538;'),('fcc38557a84d5b2efabc7306a28743d47b569b92','::1',1513839519,'__ci_last_regenerate|i:1513839223;id|N;HA::CONFIG|a:2:{s:14:\"php_session_id\";s:48:\"s:40:\"fdd3e010a95b6b3d204820c3fcfb85f74f380bec\";\";s:7:\"version\";s:12:\"s:5:\"2.6.0\";\";}redirect_urls|s:58:\"http://localhost/cartinhour/category/subcategory/MjE=/NDE=\";'),('fdd3e010a95b6b3d204820c3fcfb85f74f380bec','::1',1513833976,'__ci_last_regenerate|i:1513833824;id|N;HA::CONFIG|a:2:{s:14:\"php_session_id\";s:48:\"s:40:\"fdd3e010a95b6b3d204820c3fcfb85f74f380bec\";\";s:7:\"version\";s:12:\"s:5:\"2.6.0\";\";}redirect_urls|s:58:\"http://localhost/cartinhour/category/subcategory/MjE=/NDE=\";');

/*Table structure for table `cih` */

DROP TABLE IF EXISTS `cih`;

CREATE TABLE `cih` (
  `cih_id` int(11) NOT NULL AUTO_INCREMENT,
  `category_name` varchar(1000) NOT NULL,
  `cih_fee` varchar(500) NOT NULL,
  `created_at` datetime NOT NULL,
  `updated_at` datetime NOT NULL,
  PRIMARY KEY (`cih_id`)
) ENGINE=InnoDB AUTO_INCREMENT=87 DEFAULT CHARSET=latin1;

/*Data for the table `cih` */

insert  into `cih`(`cih_id`,`category_name`,`cih_fee`,`created_at`,`updated_at`) values (1,'Accessories  electronics, pc, mobile phones, tablets','8%','2017-04-26 12:44:54','2017-04-26 12:44:54'),(2,'Apparel','17%','2017-04-26 12:45:14','2017-05-10 11:21:42'),(3,'Apparel  accessories, innerwear, sleepwear ','13%','2017-04-26 12:45:42','2017-04-26 12:45:42'),(4,'Automotive  accessories','15%','2017-04-26 12:45:59','2017-04-26 12:45:59'),(5,'Automotive  automobiles ','2%','2017-04-26 12:46:27','2017-04-26 12:46:27'),(6,'Automotive  other sub categories ','15%','2017-04-26 12:46:49','2017-04-26 12:46:49'),(8,'Automotive  tyres ','3%','2017-04-26 12:49:01','2017-04-26 12:49:01'),(9,'Baby products ','5%','2017-04-26 12:49:19','2017-04-26 12:49:19'),(10,'Bed and bath linen ','10%','2017-04-26 12:49:41','2017-04-26 12:49:41'),(11,'Beauty','5%','2017-04-26 12:50:00','2017-04-26 12:50:00'),(12,'Beauty  fragrance','12%','2017-04-26 12:50:16','2017-04-26 12:50:16'),(13,'Business industrial & scientific supplies','8%','2017-04-26 12:50:30','2017-04-26 12:50:30'),(14,'Books','12%','2017-04-26 12:50:47','2017-04-26 12:50:47'),(15,'Camera lens','4%','2017-04-26 12:51:04','2017-04-26 12:51:04'),(16,'Camera & camcorder','4%','2017-04-26 12:51:25','2017-04-26 12:51:25'),(17,'Chargers ','12%','2017-04-26 12:51:41','2017-04-26 12:51:41'),(18,'Craft materials','5%','2017-04-26 12:52:24','2017-04-26 12:52:24'),(19,'Clocks ','10%','2017-04-26 12:52:42','2017-04-26 12:52:42'),(20,'Consumable physical gift card','5%','2017-04-26 12:52:58','2017-04-26 12:52:58'),(21,'Desktops','5%','2017-04-26 12:53:16','2017-04-26 12:53:16'),(22,'Educational software','10%','2017-04-26 11:03:41','2017-04-26 11:03:41'),(23,'Bags & sleeves  electronics & pc, wireless','13%','2017-04-26 11:04:16','2017-04-26 11:04:16'),(24,'Electronic devices  except TV, camera,& camcorder, camera lens, gps devices, speakers, mobile phones and tablets','7%','2017-04-26 11:04:36','2017-04-26 11:04:36'),(25,'Cases/cover/skin guard  electronics, pc, wireless','22%','2017-04-26 11:04:57','2017-04-26 11:04:57'),(26,'Cables  electronics, pc, wireless','17%','2017-04-26 11:05:17','2017-04-26 11:05:17'),(27,'Pc  devices (printers & scanners) ','4%','2017-04-26 11:05:36','2017-04-26 11:05:36'),(28,'Electronics  kindle accessories','25%','2017-04-26 11:05:53','2017-04-26 11:05:53'),(29,'Storage devices (except memory cards & pen drives) electronics, pc, wireless','5%','2017-04-26 11:06:09','2017-04-26 11:06:09'),(30,'Eye wear','17%','2017-04-26 11:06:24','2017-04-26 11:06:24'),(31,'Fashion jewellery','18%','2017-04-26 11:06:42','2017-04-26 11:06:42'),(32,'Fine jewellery studded ','7%','2017-04-26 11:06:58','2017-04-26 11:06:58'),(33,'Fine jewellery unstudded ','4%','2017-04-26 11:07:14','2017-04-26 11:07:14'),(34,'Furniture','10%','2017-04-26 11:07:30','2017-04-26 11:07:30'),(35,'Gps devices','4%','2017-04-26 11:07:47','2017-04-26 11:07:47'),(36,'Grocery & gourmet ','5%','2017-04-26 11:08:02','2017-04-26 11:08:02'),(37,'Hand bags','11%','2017-04-26 11:08:16','2017-04-26 11:08:16'),(38,'Health & personal care','5%','2017-04-26 11:08:32','2017-04-26 11:08:32'),(39,'Home  cushions & covers','10%','2017-04-26 11:08:48','2017-04-26 11:08:48'),(40,'Home improvement','8%','2017-04-26 11:09:07','2017-04-26 11:09:07'),(41,'Home small appliances ','3%','2017-04-26 11:09:22','2017-04-26 11:09:22'),(42,'Home others (excluding small appliances & home improvements)','15%','2017-04-26 11:17:47','2017-04-26 11:17:47'),(43,'HPC  body support','10%','2017-04-26 11:18:06','2017-04-26 11:18:06'),(44,'Indoor lightening (expect led bulbs) ','10','2017-04-26 11:18:26','2017-04-26 11:18:26'),(45,'Kitchen  non-appliances','12%','2017-04-26 11:18:50','2017-04-26 11:18:50'),(46,'Laptop battery ','12','2017-04-26 11:19:19','2017-04-26 11:19:19'),(47,'Laptops','3%','2017-04-26 11:19:37','2017-04-26 11:19:37'),(48,'Large appliances','5%','2017-04-26 11:19:55','2017-04-26 11:19:55'),(49,'Lawn & garden','10','2017-04-26 11:20:10','2017-04-26 11:20:10'),(50,'Led bulbs','8%','2017-04-26 11:20:31','2017-04-26 11:20:31'),(51,'Luggage','13%','2017-04-26 11:20:49','2017-04-26 11:20:49'),(52,'Luxury beauty','12%','2017-04-26 11:21:05','2017-04-26 11:21:05'),(53,'Medical equipment','8%','2017-04-27 04:49:27','2017-04-27 04:49:27'),(54,'Memory cards','10%','2017-04-27 04:49:42','2017-04-27 04:49:42'),(55,'Mobile phones and tablets','3.5%','2017-04-27 04:50:01','2017-04-27 04:50:01'),(56,'Modems and networking devices','6%','2017-04-27 04:50:17','2017-04-27 04:50:17'),(57,'Monitors','3%','2017-04-27 04:50:31','2017-04-27 04:50:31'),(58,'Movies ','5%','2017-04-27 04:50:48','2017-04-27 04:50:48'),(59,'Music','5%','2017-04-27 04:51:03','2017-04-27 04:51:03'),(60,'Musical instruments','6%','2017-04-27 04:51:22','2017-04-27 04:51:22'),(61,'Non-educational software','10%','2017-04-27 04:51:48','2017-04-27 04:51:48'),(62,'Nursing and feeding','6%','2017-04-27 04:52:09','2017-04-27 04:52:09'),(63,'Nutrition','8%','2017-04-27 04:52:31','2017-04-27 04:52:31'),(64,'Office products ','7%','2017-04-27 04:52:46','2017-04-27 04:52:46'),(65,'Pantry ','13%','2017-04-27 04:52:59','2017-04-27 04:52:59'),(66,'Pc components (ram, mother board) ','5%','2017-04-27 04:53:13','2017-04-27 04:53:13'),(67,'Personal care appliances','7%','2017-04-27 04:53:33','2017-04-27 04:53:33'),(68,'Pet accessories','10%','2017-04-27 04:53:54','2017-04-27 04:53:54'),(69,'Pet food (dog food)','7%','2017-04-27 04:54:11','2017-04-27 04:54:11'),(70,'Pet food (expect dog food) ','5%','2017-04-27 04:54:24','2017-04-27 04:54:24'),(71,'Selfie sticks','13%','2017-04-27 04:54:38','2017-04-27 04:54:38'),(72,'Shoes','13%','2017-04-27 04:54:51','2017-04-27 04:54:51'),(73,'Speakers','4%','2017-04-27 04:55:04','2017-04-27 04:55:04'),(74,'Sporting goods','10%','2017-04-27 04:55:19','2017-04-27 04:55:19'),(75,'Toys','8%','2017-04-27 04:55:33','2017-04-27 04:55:33'),(76,'TV ','4%','2017-04-27 04:55:53','2017-04-27 04:55:53'),(77,'Usb flash devices (pen drives) ','8%','2017-04-27 04:56:08','2017-04-27 04:56:08'),(78,'Video games ','5%','2017-04-27 04:56:22','2017-04-27 04:56:22'),(79,'Video game  accessories','7%','2017-04-27 04:56:39','2017-04-27 04:56:39'),(80,'Video game consoles','4%','2017-04-27 04:56:54','2017-04-27 04:56:54'),(81,'Wallets & backpacks','15%','2017-04-27 04:57:08','2017-04-27 04:57:08'),(82,'Warranty services','37','2017-04-27 04:57:19','2017-04-27 04:57:19'),(83,'Watches','8%','2017-04-27 04:57:35','2017-04-27 04:57:35'),(84,'Food','15%','2017-04-29 05:45:00','2017-05-09 07:00:48'),(86,'keyboard','6%','2017-05-10 07:28:10','2017-05-10 09:16:24');

/*Table structure for table `closingfee` */

DROP TABLE IF EXISTS `closingfee`;

CREATE TABLE `closingfee` (
  `closing_id` int(11) NOT NULL AUTO_INCREMENT,
  `product_price` varchar(500) NOT NULL,
  `closing_fee` varchar(500) NOT NULL,
  `created_at` datetime NOT NULL,
  `updated_at` datetime NOT NULL,
  PRIMARY KEY (`closing_id`)
) ENGINE=InnoDB AUTO_INCREMENT=7 DEFAULT CHARSET=latin1;

/*Data for the table `closingfee` */

insert  into `closingfee`(`closing_id`,`product_price`,`closing_fee`,`created_at`,`updated_at`) values (1,'100','10','2017-04-28 13:09:11','2017-05-10 11:53:09'),(2,'10000','20','2017-04-28 13:09:25','2017-04-28 13:09:25'),(4,'100000','30','2017-04-28 13:11:17','2017-04-28 13:11:17'),(5,'8000','18','2017-05-10 11:51:19','2017-05-10 11:51:19'),(6,'5222','50','2017-05-10 13:47:52','2017-05-10 13:47:52');

/*Table structure for table `colorslist` */

DROP TABLE IF EXISTS `colorslist`;

CREATE TABLE `colorslist` (
  `color_id` int(11) NOT NULL AUTO_INCREMENT,
  `color_name` varchar(250) DEFAULT NULL,
  `status` int(11) DEFAULT NULL,
  `create_at` datetime DEFAULT NULL,
  PRIMARY KEY (`color_id`)
) ENGINE=MyISAM AUTO_INCREMENT=10 DEFAULT CHARSET=latin1;

/*Data for the table `colorslist` */

insert  into `colorslist`(`color_id`,`color_name`,`status`,`create_at`) values (1,'Red',1,'2017-07-19 13:20:15'),(2,'Green',1,'2017-07-19 13:20:29'),(3,'Yellow',1,'2017-07-19 13:20:39'),(4,'Black',1,'2017-07-19 13:20:51'),(5,'Pink',1,'2017-07-19 13:21:21'),(6,'Brown',1,'2017-07-19 13:21:28'),(7,'Wheat',1,'2017-07-19 13:21:45'),(8,'Blue',1,'2017-07-19 13:22:11'),(9,'Orange',1,'2017-07-19 13:22:20');

/*Table structure for table `contactus` */

DROP TABLE IF EXISTS `contactus`;

CREATE TABLE `contactus` (
  `id` int(11) NOT NULL,
  `first_name` varchar(200) COLLATE utf8_bin NOT NULL,
  `last_name` varchar(200) COLLATE utf8_bin NOT NULL,
  `email` varchar(200) COLLATE utf8_bin NOT NULL,
  `phone_number` varchar(200) COLLATE utf8_bin NOT NULL,
  `message` varchar(500) COLLATE utf8_bin NOT NULL,
  `created_at` datetime NOT NULL,
  `updated_at` datetime NOT NULL
) ENGINE=InnoDB DEFAULT CHARSET=utf8 COLLATE=utf8_bin;

/*Data for the table `contactus` */

/*Table structure for table `customer_address` */

DROP TABLE IF EXISTS `customer_address`;

CREATE TABLE `customer_address` (
  `address_id` int(11) NOT NULL AUTO_INCREMENT,
  `cust_id` int(11) DEFAULT NULL,
  `title` varchar(250) DEFAULT NULL,
  `name` varchar(250) DEFAULT NULL,
  `emal_id` varchar(250) DEFAULT NULL,
  `mobile` varchar(250) DEFAULT NULL,
  `address1` varchar(250) DEFAULT NULL,
  `address2` varchar(250) DEFAULT NULL,
  `landmark` varchar(250) DEFAULT NULL,
  `pincode` varchar(250) DEFAULT NULL,
  `city` varchar(250) DEFAULT NULL,
  `state` varchar(250) DEFAULT NULL,
  `create-at` datetime DEFAULT NULL,
  PRIMARY KEY (`address_id`)
) ENGINE=InnoDB AUTO_INCREMENT=106 DEFAULT CHARSET=latin1;

/*Data for the table `customer_address` */

insert  into `customer_address`(`address_id`,`cust_id`,`title`,`name`,`emal_id`,`mobile`,`address1`,`address2`,`landmark`,`pincode`,`city`,`state`,`create-at`) values (14,13,'home','vasu','vasu@gmail.com','8500050944','kukatpalli','kukatpalli venkatarao nagar',NULL,'500072','hyderabad','ts','2017-10-06 17:50:18'),(22,66,'home','cart','cart@gmail.com','9876543211','ioyuio','oyuioyuio',NULL,'500072','hyderbad','ts','2017-10-08 13:54:39'),(24,67,'work','faisal','fais.riz@gmail.com','9916296306','add1','add2',NULL,'500072','Hyderabad','Telangana','2017-10-11 10:18:35'),(25,67,'gshshs','gshshs','fais.riz@gmail.com','7098765432','hdjsjsjss','hsususu',NULL,'hsuusj','hshsjs','hsususi','2017-10-11 10:21:24'),(26,67,'hshjs','hshshs','fais.riz@gmail.com','shhshshsysus','zhhz','hshshs',NULL,'hshshs','hshsj','gshsh','2017-10-11 10:22:54'),(27,67,'hshshs','hsusu','fais.riz@gmail.com','hshsus','syusus','ysus',NULL,'gshsh','hsus','shysu','2017-10-11 10:25:18'),(28,67,'work','hhhh','fais.riz@gmail.com','9916296306','vg','gg',NULL,'500012','yy','ggg','2017-10-11 10:44:13'),(29,67,'some','some','fais.riz@gmail.com','8908908900','gshshhsgsysh','gshs',NULL,'hshshs','ysyshs','hshsh','2017-10-11 10:45:26'),(40,67,'fjfhf','fjgj','fais.riz@gmail.com','fufjfjfhjg','jgjgj','fjvjv',NULL,'xhcb','cjcnv','chfj','2017-10-11 11:17:26'),(41,67,'vbnnn','gggg','fais.riz@gmail.com','ghhh','ggg','fgg',NULL,'ghh','gggh','gg','2017-10-11 11:22:45'),(42,67,'ttttt','ttttt','fais.riz@gmail.com','ttttt','tttty','tttttt',NULL,'ttttt','ttttt','tttttt','2017-10-11 11:24:42'),(44,67,'tyuio','tyuio','fais.riz@gmail.com','tyuio','tyuio','tyuio',NULL,'tyuio','tyuio','tyuio','2017-10-11 11:33:44'),(45,67,'title','\nname','fais.riz@gmail.com','mobile','add1','add2',NULL,'pincod','city','state','2017-10-11 11:36:47'),(46,67,'rajesh','bantupslli','fais.riz@gmail.com','7095235504','qwerty','qwerty',NULL,'345678','guntur','Ap','2017-10-11 11:42:41'),(47,68,'fghh','fggh','Faisal.rizz@gmail.com','dhdhffhhf','dhfhfj','jfnvnc',NULL,'hfhfb','ccb','vnvn','2017-10-11 13:07:00'),(48,17,'cgjvjv','rty','reddem@gmail.com','8907654323','Sardar Patel Nagar Road','Sardar Patel Nagar, Bhagat Singh Nagar, Kukatpally Housing Board Colony, Kukatpally',NULL,'500085','Hyderabad','India','2017-10-11 13:59:40'),(49,17,'hfhfjfjg','chcbcbc','reddem@gmail.com','cjcncjvjgg','Sardar Patel Nagar Road','Sardar Patel Nagar, Bhagat Singh Nagar, Kukatpally Housing Board Colony, Kukatpally',NULL,'500085','Hyderabad','India','2017-10-11 14:10:56'),(50,13,'test','vasu','vasu@gmail.com','8500050944','kukatpalli','venkatarao',NULL,'500072','hyderabad','telangana','2017-10-11 14:14:43'),(51,75,'fgggf','hfhuf','','4567778876','Sardar Patel Nagar Road','Sardar Patel Nagar, Bhagat Singh Nagar, Kukatpally Housing Board Colony, Kukatpally',NULL,'500085','Hyderabad','India','2017-10-11 14:55:07'),(52,76,'gshs','gshs','','hdjsusu','320, 7th Road','Bhagat Singh Nagar, Kukatpally Housing Board Colony, Kukatpally',NULL,'500085','Hyderabad','India','2017-10-12 05:22:44'),(53,13,'cyvuv','hhvhvjv','vasu@gmail.com','7789876789','India(IN)_Andhra Pradesh_Hyderabad','cychchc',NULL,'cyhchh','Hyderabad','India','2017-10-12 06:01:37'),(54,78,'yffuf','ggg fufuf','','3456787654','ycug','ufug',NULL,'fgigi','vjbkk','gigh','2017-10-12 06:03:33'),(55,67,'new test','cyc','fais.riz@gmail.com','1234567890','jucu','hcuc',NULL,'467543','hccu','hcyc','2017-10-12 07:40:34'),(56,80,'jughug','rigijg','','7098765456','Sardar Patel Nagar Road','Sardar Patel Nagar, Bhagat Singh Nagar, Kukatpally Housing Board Colony, Kukatpally',NULL,'500085','Hyderabad','India','2017-10-12 09:43:51'),(57,13,'gshhshs','hsjsjs','vasu@gmail.com','7898765432','shhejs','hshsjs',NULL,'ehhejs','hshs','shushs','2017-10-13 07:51:01'),(58,13,'hsjsjjs','hsjsjs','vasu@gmail.com','9090909090','hshsu','gshsh',NULL,'hsjs','ysusu','shhsjs','2017-10-13 07:51:58'),(59,67,'yvtb','tgttv','fais.riz@gmail.com','9916296306','yhby','ybyyny',NULL,'7!6!6!','h h ','hhh','2017-10-14 16:38:41'),(60,67,'yvtb','tgttv','fais.riz@gmail.com','9916296306','yhby','ybyyny',NULL,'7!6!6','gyy','gh','2017-10-14 16:38:55'),(61,67,'fgu','gy','fais.riz@gmail.com','9977776666','ggy','ff',NULL,'455ggh','hhh','vgh','2017-10-14 16:41:11'),(62,67,'fgu','g','fais.riz@gmail.com','9977776666','ggy','ff',NULL,'455ggh','hhh','vgh','2017-10-14 16:41:25'),(63,67,'fgu','g','fais.riz@gmail.com','9977776666','ggy','ff',NULL,'455ggh','hhh','vgh','2017-10-14 16:41:50'),(64,67,'fgu','g','fais.riz@gmail.com','9977776666','ggy','ff',NULL,'455ggh','hhh','vgh','2017-10-14 16:42:01'),(65,67,'fgu','g','fais.riz@gmail.com','9977776666','India(IN)_Andhra Pradesh_Hyderabad','hhh',NULL,'747875','Hyderabad','India','2017-10-14 16:44:09'),(66,67,'fgu','g','fais.riz@gmail.com','9977776666','India(IN)_Andhra Pradesh_Hyderabad','hhh',NULL,'747875','Hyderabad','India','2017-10-14 16:44:13'),(67,13,'dfff','ddffd','vasu@gmail.com','gfdgfdgdgdf','fdgggffgf','ggfgfggf',NULL,'fgghhgh','jhhh','hhjjjh','2017-10-16 12:09:27'),(68,90,'Home','Shiva','','9010121117','kukatpally','kphb',NULL,'500012','Hyderabad','telangana','2017-10-16 15:15:39'),(69,90,'home2','shiva','','9010121117','16-2-227/248/401, 8th Rd, Sardar Patel Nagar, Hydernagar, Kukatpally Housing Board Colony, Kukatpally, Hyderabad, Telangana 500085, India','nndjduddj',NULL,'500085','Hyderabad','India','2017-10-16 15:19:13'),(70,96,'work','faisal','','9916296306','ad','add',NULL,'500018','chhjj','vhhhh','2017-10-17 11:02:57'),(71,96,'work','faisal','','9916296306','ad','add',NULL,'50001','chhjj','vhhhh','2017-10-17 11:03:06'),(72,96,'work','faisal','','9916296306','ad','add',NULL,'55--c','chhjj','vhhhh','2017-10-17 11:03:18'),(73,96,'work','faisal','','9916296306','ad','add',NULL,'adgfgh','chhjj','vhhhh','2017-10-17 11:03:26'),(74,96,'work','faisal','','9916296306','ad','add',NULL,'adgfhh','chhjj','vhhhh','2017-10-17 11:03:38'),(75,98,'new no.','fais','','9916283779','jju','hhj',NULL,'QWERTY','hhh','yyy','2017-10-17 11:44:49'),(76,90,'office','nagender','','9010121117','16-2-227/248/401, 8th Rd, Sardar Patel Nagar, Hydernagar, Kukatpally Housing Board Colony, Kukatpally, Hyderabad, Telangana 500085, India','xyz',NULL,'500085','Hyderabad','India','2017-10-17 11:47:13'),(77,89,'one','two','ghhhjj@gmail.com','three','four','six',NULL,'five','seven','eight ','2017-10-21 17:46:00'),(78,90,'one','two','','three','four','six',NULL,'5','seven','eight','2017-10-21 17:47:26'),(79,90,'two ','one','','two','three','five',NULL,'four','six','seven','2017-10-21 18:06:59'),(80,90,'home3 ','k shiv',NULL,'1234567890','Begum bazar ','something somewhere ',NULL,'500012','Hyderabad ','telangana','2017-10-23 15:17:31'),(81,90,'Home5','nagender2',NULL,'9876543210','something somewhere ','something somewhere ',NULL,'789654','Hyderabad ','Telangana','2017-10-23 15:22:25'),(82,100,'Home','vasu','vasu@gmail.com','8500050944','kukatpalli ','venkatarao nagar',NULL,'500072','hyderabad','telangana','2017-10-23 15:55:52'),(83,103,'office','vankodoth','pushkar.avi@gmail.com','9494422779','Sri vani nilayam','Sardar patel nagar',NULL,'500085','Hyderabad','Telangana','2017-10-23 17:21:05'),(84,104,'','bayapureddy','bayapureddy004@gmail.com','8500226782','5/92','kphp',NULL,'500072','hyderabad','tg','2017-10-24 10:51:51'),(85,104,'','bayapureddy','bayapureddy004@gmail.com','8500226782','5/92','kphp',NULL,'500072','hyderabad','tg','2017-10-24 10:56:11'),(86,112,'home','vasu','vasudevareddy549@gmail.com','9639638521','venkatarao nagar,',' kukatpalli',NULL,'500082','hyderabad','ts','2017-10-25 11:14:35'),(87,99,'New Address','Faisal','fais.riz@gmail.com','9916296306','Anjayyya Nagar, Moosapet','Anjayyya Nagar, Moosapet',NULL,'500018','hyderabad','telangana','2017-10-25 12:23:29'),(88,114,'home','raghu','','9581758358','India(IN)_Andhra Pradesh_Hyderabad','ews 390, 3 floor ',NULL,'500072','Hyderabad','India','2017-10-25 22:35:47'),(89,101,'rajesh','bantupalli','boy@gmail.com','7095235504','rajesh.henceforth7@gmail.com','guntur',NULL,'522616','guntur','andhrapradsh','2017-10-26 19:19:38'),(90,101,'rajesh','bantupalli','boy@gmail.com','7095235504','gunur','guntur',NULL,'522616','guntur','andhrapradsh','2017-10-26 19:25:47'),(91,103,'home','pushkar','pushkar.avi@gmail.com','9494422779','India(IN)_Andhra Pradesh_Hyderabad','kphb',NULL,'500072','Hyderabad','India','2017-10-26 19:48:55'),(93,117,' Kukatpally Housing Board Colony','bayapu','bayapureddy004@gmail.com','8500226782','Dharma Reddy Colony Phase II ','Kukatpally',NULL,'500090','Hyderabad','Telangana ','2017-10-27 20:03:41'),(97,119,'rajwsh','bantupalli','','7095235504','Sardar Patel Nagar Rd, Sardar Patel Nagar, Bhagat Singh Nagar, Kukatpally Housing Board Colony, Kukatpally, Hyderabad, Telangana 500085, India','gshshjsj',NULL,'500085','Hyderabad','India','2017-10-28 12:46:33'),(98,119,'rajeeh','vantupalli','','7095235504','gshshhshs','gshsh hd s',NULL,'522616','hshsjjs','ysusushs','2017-10-28 12:56:22'),(99,137,'work','pushkar','pushkar.avi@gmail.com','9494422779','sri vani nilayam','sardar patel nagar',NULL,'500072','hyderabad','telangana','2017-10-28 21:36:27'),(100,138,'fdsgfds','Faisal','fais.riz@gmail.com','9916296306','fds','fdg',NULL,'500082','hyd','tg','2017-10-30 14:15:31'),(101,138,'Home Address','Faisal','fais.riz@gmail.com','9916296306','Anjayya Nagar','Moospaet',NULL,'500018','Hyderabad','Telangana','2017-10-30 17:12:19'),(102,144,'hdjsj','hsjsis','rajeshb@gmail.com','7095235504','guntur','guntur',NULL,'522161','hyd','ap','2017-10-31 19:19:41'),(103,148,'cartinhours','bayapureddy','bayapureddy004@gmail.com','9493035275',' Sardar Patel Nagar, IDPL Staff Cooperative Housing Society','Kukatpally, Housing Board Colony, Kukatpally, ',NULL,'500090','Hyderabad','Telangana ','2017-11-01 17:23:47'),(104,151,'home','vasu','vasudevareddy549@gmail.com','8500050944','venkatarao  nagar','kukatpalli',NULL,'500072','hyderabad','telangana','2017-11-02 14:44:44'),(105,118,'uiuy','vasu','vasu@gmail.com','8500050944','venkatarao nagar,','hyderbad','ouio','500072','ioui','uoioi','2017-11-28 15:10:42');

/*Table structure for table `customer_payments` */

DROP TABLE IF EXISTS `customer_payments`;

CREATE TABLE `customer_payments` (
  `customer_payment_id` int(11) NOT NULL AUTO_INCREMENT,
  `order_id` int(11) NOT NULL,
  `customer_name` varchar(250) NOT NULL,
  `trans_id` varchar(50) NOT NULL,
  `amount` int(11) NOT NULL,
  `date_time` datetime NOT NULL,
  `status` varchar(11) NOT NULL,
  `created_at` datetime NOT NULL,
  `updated_at` datetime NOT NULL,
  PRIMARY KEY (`customer_payment_id`)
) ENGINE=InnoDB AUTO_INCREMENT=3 DEFAULT CHARSET=latin1;

/*Data for the table `customer_payments` */

insert  into `customer_payments`(`customer_payment_id`,`order_id`,`customer_name`,`trans_id`,`amount`,`date_time`,`status`,`created_at`,`updated_at`) values (2,5,'fsf f','7789654123',700,'2017-03-27 14:22:27','1','2017-03-02 10:44:57','2017-03-25 09:40:59');

/*Table structure for table `customercontactus` */

DROP TABLE IF EXISTS `customercontactus`;

CREATE TABLE `customercontactus` (
  `id` int(11) unsigned NOT NULL AUTO_INCREMENT,
  `customer_id` int(11) DEFAULT NULL,
  `name` varchar(250) DEFAULT NULL,
  `email` varchar(250) DEFAULT NULL,
  `subject` varchar(250) DEFAULT NULL,
  `message` tinytext,
  `create_at` datetime DEFAULT NULL,
  PRIMARY KEY (`id`)
) ENGINE=InnoDB AUTO_INCREMENT=3 DEFAULT CHARSET=latin1;

/*Data for the table `customercontactus` */

insert  into `customercontactus`(`id`,`customer_id`,`name`,`email`,`subject`,`message`,`create_at`) values (1,13,'iui','uityu@gmai.com','hudfjs','fgfgdhfghg','2017-10-11 18:15:21'),(2,99,'FAISAL RIZWAN','fais.riz@gmail.com','sf','fs','2017-10-20 12:24:03');

/*Table structure for table `customers` */

DROP TABLE IF EXISTS `customers`;

CREATE TABLE `customers` (
  `customer_id` int(11) NOT NULL AUTO_INCREMENT,
  `role_id` int(11) DEFAULT NULL,
  `cust_firstname` varchar(250) DEFAULT NULL,
  `cust_lastname` varchar(250) DEFAULT NULL,
  `cust_email` varchar(250) DEFAULT NULL,
  `cust_password` varchar(250) DEFAULT NULL,
  `cust_mobile` varchar(45) DEFAULT NULL,
  `cust_propic` varchar(250) DEFAULT NULL,
  `address1` varchar(250) DEFAULT NULL,
  `pincode` varchar(250) DEFAULT NULL,
  `address2` varchar(250) DEFAULT NULL,
  `landmark` varchar(250) DEFAULT NULL,
  `city` varchar(250) DEFAULT NULL,
  `state` varchar(250) DEFAULT NULL,
  `area` int(11) DEFAULT NULL,
  `status` int(1) DEFAULT NULL,
  `create_at` datetime DEFAULT NULL,
  `forgot_verification` varchar(45) DEFAULT NULL,
  `subscribe` int(11) DEFAULT '0',
  `deliveryboy_current_location` varchar(250) DEFAULT NULL,
  `bike` varchar(250) DEFAULT NULL,
  `active_status` int(11) DEFAULT '1',
  PRIMARY KEY (`customer_id`)
) ENGINE=InnoDB AUTO_INCREMENT=143 DEFAULT CHARSET=latin1;

/*Data for the table `customers` */

insert  into `customers`(`customer_id`,`role_id`,`cust_firstname`,`cust_lastname`,`cust_email`,`cust_password`,`cust_mobile`,`cust_propic`,`address1`,`pincode`,`address2`,`landmark`,`city`,`state`,`area`,`status`,`create_at`,`forgot_verification`,`subscribe`,`deliveryboy_current_location`,`bike`,`active_status`) values (2,2,'Admin','admin','admin@gmail.com','e10adc3949ba59abbe56e057f20f883e','8500050945','c2.jpg','testing',NULL,'testing1',NULL,NULL,NULL,0,1,NULL,NULL,0,NULL,NULL,1),(12,5,'inventory','management','inventory@gmail.com','e10adc3949ba59abbe56e057f20f883e','3214656852',NULL,'test',NULL,NULL,NULL,NULL,NULL,1,1,'2017-07-12 08:30:14',NULL,0,NULL,NULL,1),(99,1,'Faisal','Rizwan','fais.riz@gmail.com','e10adc3949ba59abbe56e057f20f883e','9916296306','','Anjayya nAgar','500072','Moosapet',NULL,'hyderabad','telangana',1,1,'2017-10-28 15:14:54','',1,NULL,NULL,1),(100,1,'vasu','reddy','bayapu.edu004@gmail.com','e10adc3949ba59abbe56e057f20f883e','8500226782',NULL,'kukatpalli ','500072','venkatarao nagar',NULL,'hyderabad','ts',2,1,'2017-10-20 11:03:06','254378',0,NULL,NULL,1),(101,6,'devlivery','boy','del002@gmail.com','c8837b23ff8aaa8a2dde915473ce0991','9494422779',NULL,'test','test','test',NULL,'test','test',1,1,NULL,NULL,0,'',NULL,1),(102,1,'Faisal','Rizwan','faiss.rizz@gmail.com','e10adc3949ba59abbe56e057f20f883e','9916296308',NULL,'Anjayya Nagar','500018','Moospaet',NULL,'Hyderabad','Telangana',0,1,'2017-10-20 17:53:30',NULL,0,NULL,NULL,1),(103,1,'vankodoth','pushkar','pushkar.avi@gmail.com','e10adc3949ba59abbe56e057f20f883e','9494422779',NULL,'Sri vani nilayam','500085','Sardar patel nagar',NULL,'Hyderabad','Telangana',3,1,'2017-10-23 17:20:43',NULL,0,NULL,NULL,1),(112,1,'vasu','reddy','vasudevareddy5491@gmail.com','e10adc3949ba59abbe56e057f20f883e','9639638521',NULL,'venkatarao nagar,','500082',' kukatpalli',NULL,'hyderabad','ts',1,1,'2017-10-25 10:50:40',NULL,0,NULL,NULL,1),(115,1,'Fais','Riz','sahil.ansari54@gmail.com','e10adc3949ba59abbe56e057f20f883e','9916296305',NULL,'Anjayya Nagar','500018','Moospaet',NULL,'Hyderabad','Telangana',0,1,'2017-10-26 16:52:59',NULL,0,NULL,NULL,1),(116,1,NULL,NULL,'rajesh.henceforth7@gmail.com','e10adc3949ba59abbe56e057f20f883e','',NULL,NULL,NULL,NULL,NULL,NULL,NULL,1,1,'2017-10-26 19:27:50',NULL,0,NULL,NULL,1),(117,1,'bayapu','reddy','bayapureddy004@gmail.com','e10adc3949ba59abbe56e057f20f883e','8500226782',NULL,'Dharma Reddy Colony Phase II ','500090','Kukatpally',NULL,'Hyderabad','Telangana ',0,1,'2017-10-27 17:35:31',NULL,0,NULL,NULL,1),(118,1,'vasu','reddy','vasu@gmail.com','e10adc3949ba59abbe56e057f20f883e','8500050944','vasu sign.jpg','venkatarao nagar,','500072','hyderbad',NULL,'hyderabad','ts',1,1,'2017-10-27 20:46:39','737897',0,NULL,NULL,1),(141,1,'vasu','reddy','vasu1@gmail.com','e10adc3949ba59abbe56e057f20f883e','8500050955',NULL,NULL,NULL,NULL,NULL,NULL,NULL,NULL,1,'2017-11-08 16:21:44',NULL,0,NULL,NULL,1),(142,1,NULL,NULL,'','c33367701511b4f6020ec61ded352059','9638527413',NULL,NULL,NULL,NULL,NULL,NULL,NULL,NULL,1,'2017-11-27 10:24:28',NULL,0,NULL,NULL,1);

/*Table structure for table `deals_ofthe_day` */

DROP TABLE IF EXISTS `deals_ofthe_day`;

CREATE TABLE `deals_ofthe_day` (
  `deal_offer_id` int(11) NOT NULL AUTO_INCREMENT,
  `item_id` int(11) DEFAULT NULL,
  `seller_id` int(11) DEFAULT NULL,
  `category_id` int(11) DEFAULT NULL,
  `subcategory_id` int(11) DEFAULT NULL,
  `item_price` varchar(250) DEFAULT NULL,
  `offer_percentage` varchar(11) DEFAULT NULL,
  `offer_amount` varchar(250) DEFAULT NULL,
  `intialdate` date DEFAULT NULL,
  `expairdate` varchar(250) DEFAULT NULL,
  `status` int(11) DEFAULT '0',
  `create_at` datetime DEFAULT NULL,
  `area` int(11) DEFAULT NULL,
  `home_page_status` int(11) DEFAULT '0',
  `preview_ok` int(11) DEFAULT '0',
  PRIMARY KEY (`deal_offer_id`)
) ENGINE=InnoDB AUTO_INCREMENT=203 DEFAULT CHARSET=latin1;

/*Data for the table `deals_ofthe_day` */

insert  into `deals_ofthe_day`(`deal_offer_id`,`item_id`,`seller_id`,`category_id`,`subcategory_id`,`item_price`,`offer_percentage`,`offer_amount`,`intialdate`,`expairdate`,`status`,`create_at`,`area`,`home_page_status`,`preview_ok`) values (169,869,140,20,40,'13213.5','13','1717.755','2017-11-20','2017-12-27 11:22:54 AM',1,'2017-11-20 11:09:59',1,0,0),(170,870,140,20,40,'13213.5','13','1717.755','2017-11-20','2017-12-27 11:22:54 AM',1,'2017-11-20 11:09:59',1,0,0),(171,871,140,20,40,'24138.5','15','3620.775','2017-11-20','2017-12-27 11:22:54 AM',1,'2017-11-20 11:10:27',1,0,0),(172,872,140,20,40,'24138.5','15','3620.775','2017-11-20','2017-12-27 11:22:54 AM',1,'2017-11-20 11:10:27',1,0,0),(173,873,140,20,40,'20688.5','14','2896.39','2017-11-20','2017-12-27 11:22:54 AM',1,'2017-11-20 11:11:00',1,0,0),(174,874,140,20,40,'20688.5','14','2896.39','2017-11-20','2017-12-27 11:22:54 AM',1,'2017-11-20 11:11:00',1,0,0),(175,875,140,20,40,'17238.5','17','2930.545','2017-11-20','2017-12-27 11:22:54 AM',1,'2017-11-20 11:11:44',1,0,0),(176,876,140,20,40,'17238.5','17','2930.545','2017-11-20','2017-12-27 11:22:54 AM',1,'2017-11-20 11:11:44',1,0,0),(177,877,140,20,40,'17238.5','14','2413.39','2017-11-20','2017-12-27 11:22:54 AM',1,'2017-11-20 11:12:20',1,0,0),(178,878,140,20,40,'17238.5','14','2413.39','2017-11-20','2017-12-27 11:22:54 AM',1,'2017-11-20 11:12:20',1,0,0),(179,879,140,20,40,'14938.5','14','2091.39','2017-11-20','2017-12-27 11:22:54 AM',1,'2017-11-20 11:14:33',1,0,0),(180,880,140,20,40,'14938.5','14','2091.39','2017-11-20','2017-12-27 11:22:54 AM',1,'2017-11-20 11:14:33',1,0,0),(181,881,140,20,40,'10235','13','1330.55','2017-11-20','2017-12-27 11:22:54 AM',1,'2017-11-20 11:14:54',1,0,0),(182,883,140,20,40,'10465','13','1360.45','2017-11-20','2017-12-27 11:22:54 AM',1,'2017-11-20 11:18:09',1,0,0),(183,882,140,20,40,'10465','13','1360.45','2017-11-20','2017-12-27 11:22:54 AM',1,'2017-11-20 11:18:09',1,0,0),(184,885,140,20,40,'8153.5','12','978.42','2017-11-20','2017-12-27 11:22:54 AM',1,'2017-11-20 11:18:55',1,0,0),(185,884,140,20,40,'8153.5','12','978.42','2017-11-20','2017-12-27 11:22:54 AM',1,'2017-11-20 11:18:55',1,0,0),(186,887,140,20,40,'7933.85','10','793.385','2017-11-20','2017-12-27 11:22:54 AM',1,'2017-11-20 11:19:20',1,0,0),(187,886,140,20,40,'7933.85','10','793.385','2017-11-20','2017-12-27 11:22:54 AM',1,'2017-11-20 11:19:20',1,0,0),(188,888,140,20,40,'3678.85','8','294.308','2017-11-20','2017-12-27 11:22:54 AM',1,'2017-11-20 11:19:38',1,0,0),(189,889,140,20,40,'3678.85','8','294.308','2017-11-20','2017-12-27 11:22:54 AM',1,'2017-11-20 11:19:38',1,0,0),(190,890,140,20,40,'3448.85','10','344.885','2017-11-20','2017-12-27 11:22:54 AM',1,'2017-11-20 11:19:57',1,0,0),(191,891,140,20,40,'3218.85','8','257.508','2017-11-20','2017-12-27 11:22:54 AM',1,'2017-11-20 11:20:22',1,0,0),(192,892,140,20,40,'3218.85','8','257.508','2017-11-20','2017-12-27 11:22:54 AM',1,'2017-11-20 11:20:22',1,0,0),(193,893,140,20,40,'2288.5','2','45.77','2017-11-20','2017-12-27 11:22:54 AM',1,'2017-11-20 11:20:42',1,0,0),(194,894,140,20,40,'2288.5','2','45.77','2017-11-20','2017-12-27 11:22:54 AM',1,'2017-11-20 11:20:42',1,0,0),(195,897,140,20,40,'1953.85','1','19.5385','2017-11-20','2017-12-27 11:22:54 AM',1,'2017-11-20 11:21:11',1,0,0),(196,895,140,20,40,'1953.85','1','19.5385','2017-11-20','2017-12-27 11:22:54 AM',1,'2017-11-20 11:21:11',1,0,0),(197,896,140,20,40,'1953.85','1','19.5385','2017-11-20','2017-12-27 11:22:54 AM',1,'2017-11-20 11:21:11',1,0,0),(198,898,140,20,40,'1608.85','2','32.177','2017-11-20','2017-12-27 11:22:54 AM',1,'2017-11-20 11:21:35',1,0,0),(199,899,140,20,40,'1608.85','2','32.177','2017-11-20','2017-12-27 11:22:54 AM',1,'2017-11-20 11:21:35',1,0,0),(200,1077,142,30,182,'2500','13.00','325','2017-12-16','2017-12-17 05:46:17 PM',1,'2017-12-16 17:46:17',2,1,1),(201,1073,142,21,41,'1953.85','16.00','312.616','2017-12-16','2017-12-23 05:46:27 PM',1,'2017-12-16 17:46:27',2,1,0),(202,1077,142,30,182,'2500','28.00','700','2017-12-18','2017-12-19 12:40:18 PM',1,'2017-12-18 12:40:18',2,1,1);

/*Table structure for table `delivery_inprocess` */

DROP TABLE IF EXISTS `delivery_inprocess`;

CREATE TABLE `delivery_inprocess` (
  `deliveryboy_rating_id` int(11) NOT NULL AUTO_INCREMENT,
  `order_id` int(11) NOT NULL,
  `deliveryboy_id` int(11) NOT NULL,
  `user_id` int(11) NOT NULL,
  `rating` varchar(250) NOT NULL,
  `feedback` text NOT NULL,
  `status` int(11) NOT NULL,
  `created_at` datetime NOT NULL,
  `updated_at` datetime NOT NULL,
  PRIMARY KEY (`deliveryboy_rating_id`)
) ENGINE=MyISAM AUTO_INCREMENT=6 DEFAULT CHARSET=latin1;

/*Data for the table `delivery_inprocess` */

insert  into `delivery_inprocess`(`deliveryboy_rating_id`,`order_id`,`deliveryboy_id`,`user_id`,`rating`,`feedback`,`status`,`created_at`,`updated_at`) values (1,0,3,1,'3','',0,'2017-04-25 12:13:21','2017-04-25 12:13:21'),(2,0,3,1,'3.5','',0,'2017-04-25 12:16:32','2017-04-25 12:16:32'),(3,0,3,1,'3.5','',0,'2017-04-26 06:26:19','2017-04-26 06:26:19'),(4,0,3,1,'3','',0,'2017-04-27 04:39:17','2017-04-27 04:39:17'),(5,0,3,1,'3.5/5','test feed back',0,'2017-04-27 05:06:42','2017-04-27 05:06:42');

/*Table structure for table `deliveryboy` */

DROP TABLE IF EXISTS `deliveryboy`;

CREATE TABLE `deliveryboy` (
  `deliveryboy_id` int(11) NOT NULL AUTO_INCREMENT,
  `deliveryboy_name` varchar(20) NOT NULL,
  `deliveryboy_email` varchar(50) NOT NULL,
  `deliveryboy_mobile` varchar(20) NOT NULL,
  `deliveryboy_alternateno` varchar(50) NOT NULL,
  `deliveryboy_password` varchar(60) NOT NULL,
  `deliveryboy_address` text NOT NULL,
  `deliveryboy_bike` varchar(250) NOT NULL,
  `deliveryboy_bikeno` varchar(100) NOT NULL,
  `deliveryboy_license` varchar(250) NOT NULL,
  `deliveryboy_adhar` varchar(250) NOT NULL,
  `deliveryboy_bank` varchar(250) NOT NULL,
  `deliveryboy_photo` varchar(250) NOT NULL,
  `current_location` text NOT NULL,
  `status` int(11) NOT NULL DEFAULT '0',
  `created_at` datetime NOT NULL,
  `updated_at` datetime NOT NULL,
  PRIMARY KEY (`deliveryboy_id`)
) ENGINE=InnoDB DEFAULT CHARSET=latin1;

/*Data for the table `deliveryboy` */

/*Table structure for table `deliveryboy_location` */

DROP TABLE IF EXISTS `deliveryboy_location`;

CREATE TABLE `deliveryboy_location` (
  `deliveryboy_location_id` int(11) NOT NULL AUTO_INCREMENT,
  `deliveryboy_id` int(11) NOT NULL,
  `longitude` text NOT NULL,
  `latitude` text NOT NULL,
  `location` text NOT NULL,
  `status` int(250) NOT NULL DEFAULT '0',
  `created_at` datetime NOT NULL,
  `updated_at` datetime NOT NULL,
  PRIMARY KEY (`deliveryboy_location_id`)
) ENGINE=MyISAM AUTO_INCREMENT=1189 DEFAULT CHARSET=latin1;

/*Data for the table `deliveryboy_location` */

/*Table structure for table `deliveryboy_ratings` */

DROP TABLE IF EXISTS `deliveryboy_ratings`;

CREATE TABLE `deliveryboy_ratings` (
  `deliveryboy_rating_id` int(11) NOT NULL AUTO_INCREMENT,
  `deliveryboy_id` int(11) NOT NULL,
  `user_id` int(11) NOT NULL,
  `rating` varchar(250) NOT NULL,
  `feedback` text NOT NULL,
  `created_at` datetime NOT NULL,
  `updated_at` datetime NOT NULL,
  PRIMARY KEY (`deliveryboy_rating_id`)
) ENGINE=InnoDB DEFAULT CHARSET=latin1;

/*Data for the table `deliveryboy_ratings` */

/*Table structure for table `descrotion_list` */

DROP TABLE IF EXISTS `descrotion_list`;

CREATE TABLE `descrotion_list` (
  `desc_id` int(11) unsigned NOT NULL AUTO_INCREMENT,
  `item_id` int(11) DEFAULT NULL,
  `description` text,
  `image` varchar(250) DEFAULT NULL,
  `create_at` datetime DEFAULT NULL,
  `status` int(11) DEFAULT NULL,
  PRIMARY KEY (`desc_id`)
) ENGINE=InnoDB AUTO_INCREMENT=2472 DEFAULT CHARSET=latin1;

/*Data for the table `descrotion_list` */

insert  into `descrotion_list`(`desc_id`,`item_id`,`description`,`image`,`create_at`,`status`) values (2454,1096,'testing','','2017-12-20 11:55:27',1),(2455,1097,'testing','','2017-12-20 11:56:18',1),(2456,1098,'testing','','2017-12-20 11:57:16',1),(2457,1099,'test','','2017-12-20 11:58:03',1),(2458,1100,'testing','','2017-12-20 12:00:07',1),(2459,1101,'test','','2017-12-20 12:00:50',1),(2460,1102,'test','','2017-12-20 12:01:35',1),(2461,1103,'test','','2017-12-20 12:02:44',1),(2462,1104,'test','','2017-12-20 12:03:24',1),(2463,1105,'fdsf','','2017-12-20 12:04:07',1),(2464,1106,'test','','2017-12-20 12:05:09',1),(2465,1107,'fgdf','','2017-12-20 12:06:09',1),(2466,1108,'testing','','2017-12-20 12:07:13',1),(2467,1109,'testig','','2017-12-20 12:10:39',1),(2468,1110,'ghfg','','2017-12-20 12:11:15',1),(2469,1111,'testing','0.09970300 15137522311503552211camera.jpg','2017-12-20 12:13:51',1),(2470,1112,'rt','','2017-12-20 12:16:10',1),(2471,1113,'testing','','2017-12-21 11:00:59',1);

/*Table structure for table `home_banner` */

DROP TABLE IF EXISTS `home_banner`;

CREATE TABLE `home_banner` (
  `image_id` int(11) NOT NULL AUTO_INCREMENT,
  `seller_id` int(11) NOT NULL,
  `file_name` varchar(255) NOT NULL,
  `status` int(11) DEFAULT '1',
  `intialdate` date DEFAULT NULL,
  `expairydate` datetime DEFAULT NULL,
  `created_at` datetime NOT NULL,
  `updated_at` datetime DEFAULT NULL,
  `home_page_status` int(11) DEFAULT '0',
  `preview_ok` int(11) DEFAULT '0',
  PRIMARY KEY (`image_id`)
) ENGINE=InnoDB AUTO_INCREMENT=57 DEFAULT CHARSET=latin1;

/*Data for the table `home_banner` */

insert  into `home_banner`(`image_id`,`seller_id`,`file_name`,`status`,`intialdate`,`expairydate`,`created_at`,`updated_at`,`home_page_status`,`preview_ok`) values (53,140,'f3.png',1,'2017-10-28','2017-11-08 07:22:05','2017-10-28 19:22:05','2017-10-28 19:22:05',0,0),(54,140,'1111.png',1,'2017-10-28','2017-11-08 07:22:05','2017-10-28 19:22:17','2017-10-28 19:22:17',0,0),(55,142,'mainban1.png',1,'2017-10-30','2017-12-30 16:15:47','2017-12-30 16:15:47','2017-10-30 16:15:47',1,1),(56,142,'mainban2.png',1,'2017-10-30','2017-12-30 16:15:47','2017-12-30 16:15:47','2017-10-30 16:15:59',1,1);

/*Table structure for table `homepage_banners` */

DROP TABLE IF EXISTS `homepage_banners`;

CREATE TABLE `homepage_banners` (
  `baneer_id` int(11) unsigned NOT NULL AUTO_INCREMENT,
  `category_id` int(11) DEFAULT NULL,
  `subcategory_id` int(11) DEFAULT NULL,
  `subitem_id` int(11) DEFAULT NULL,
  `item_id` int(11) DEFAULT NULL,
  `position` int(11) DEFAULT NULL,
  `name` varchar(250) DEFAULT NULL,
  `link` varchar(11) DEFAULT NULL,
  `selected_id` varchar(250) DEFAULT NULL,
  `seller_id` int(11) DEFAULT NULL,
  `expirydate` varchar(250) DEFAULT NULL,
  `created_at` datetime DEFAULT NULL,
  `status` int(11) DEFAULT '1',
  `admin_status` int(11) DEFAULT '0',
  PRIMARY KEY (`baneer_id`)
) ENGINE=InnoDB AUTO_INCREMENT=84 DEFAULT CHARSET=latin1;

/*Data for the table `homepage_banners` */

insert  into `homepage_banners`(`baneer_id`,`category_id`,`subcategory_id`,`subitem_id`,`item_id`,`position`,`name`,`link`,`selected_id`,`seller_id`,`expirydate`,`created_at`,`status`,`admin_status`) values (75,20,226,272,0,2,'1513945294.jpg','3','272',142,'2018-01-05 17:51:34','2017-12-22 17:51:34',1,1),(76,20,226,272,0,2,'1513945310.jpg','3','272',142,'2017-12-26 17:51:49','2017-12-22 17:51:49',1,1),(77,20,226,0,269,2,'1513945323.jpg','4','269',142,'2018-01-05 17:52:02','2017-12-22 17:52:02',1,1),(78,0,0,0,0,3,'1513945797.jpg','5','1113',142,'2017-12-29 17:59:56','2017-12-22 17:59:56',1,1),(79,20,227,273,0,3,'1513945809.jpg','3','273',142,'2018-01-05 18:00:08','2017-12-22 18:00:08',1,1),(80,21,44,0,88,3,'1513945824.jpg','4','88',142,'2017-12-29 18:00:24','2017-12-22 18:00:24',1,1),(81,24,136,0,0,3,'1513945850.jpg','2','136',142,'2018-01-05 18:00:49','2017-12-22 18:00:49',1,1),(82,21,41,220,0,4,'1513946119.jpg','3','220',142,'2018-01-05 18:05:19','2017-12-22 18:05:19',1,1),(83,22,107,222,0,4,'1513946132.jpg','3','222',142,'2018-01-05 18:05:32','2017-12-22 18:05:32',1,1);

/*Table structure for table `homesubbanners_list` */

DROP TABLE IF EXISTS `homesubbanners_list`;

CREATE TABLE `homesubbanners_list` (
  `id` int(11) unsigned NOT NULL AUTO_INCREMENT,
  `image` varchar(250) DEFAULT NULL,
  `type` int(11) DEFAULT NULL,
  `status` int(11) DEFAULT '1',
  `create_at` datetime DEFAULT NULL,
  PRIMARY KEY (`id`)
) ENGINE=InnoDB AUTO_INCREMENT=15 DEFAULT CHARSET=latin1;

/*Data for the table `homesubbanners_list` */

insert  into `homesubbanners_list`(`id`,`image`,`type`,`status`,`create_at`) values (5,'6a3cce.jpg',1,1,'2017-10-18 15:27:47'),(6,'96c8f2.jpg',1,1,'2017-10-18 15:27:47'),(7,'af1e39.jpg',1,1,'2017-10-18 15:27:47'),(8,'6a3cce.jpg',2,1,'2017-10-18 15:28:46'),(9,'96c8f2.jpg',2,1,'2017-10-18 15:28:46'),(10,'af1e39.jpg',2,1,'2017-10-18 15:28:46'),(11,'af1e39.jpg',1,1,'2017-10-18 15:48:53'),(12,'96c8f2.jpg',1,1,'2017-10-18 15:48:53'),(13,'6a3cce.jpg',1,1,'2017-10-18 15:48:53'),(14,'af1e39.jpg',1,1,'2017-10-18 16:01:12');

/*Table structure for table `image_urls` */

DROP TABLE IF EXISTS `image_urls`;

CREATE TABLE `image_urls` (
  `img_id` int(11) unsigned NOT NULL AUTO_INCREMENT,
  `img_name` varchar(250) DEFAULT NULL,
  `seller_id` int(11) DEFAULT NULL,
  `created_at` datetime DEFAULT NULL,
  PRIMARY KEY (`img_id`)
) ENGINE=MyISAM AUTO_INCREMENT=70 DEFAULT CHARSET=latin1;

/*Data for the table `image_urls` */

insert  into `image_urls`(`img_id`,`img_name`,`seller_id`,`created_at`) values (19,'vivo-v5-plus-na-original-imaeqvhb7fda2mze.jpeg',137,'2017-10-26 11:52:57'),(18,'vivo-v5-plus-na-original-imaev4vrqzcysgfb.jpeg',137,'2017-10-26 11:52:39'),(17,'as2.jpeg',123,'2017-10-25 18:21:24'),(16,'as1.jpeg',123,'2017-10-25 18:21:07'),(15,'6a3cce.jpg',133,'2017-10-25 18:17:39'),(14,'dashboard2.js',123,'2017-10-25 17:59:48'),(13,'c2.jpg',123,'2017-10-25 17:09:05'),(12,'af1e39.jpg',133,'2017-10-25 16:56:14'),(20,'vivo-v5-plus-na-original-imaev4vrqgzbgr9w.jpeg',137,'2017-10-26 11:53:15'),(21,'vivo-v5-plus-na-original-imaev4vrgnfzzgnw.jpeg',137,'2017-10-26 11:53:33'),(22,'dual front.jpeg',137,'2017-10-26 11:53:53'),(23,'moon light.jpeg',137,'2017-10-26 11:54:03'),(24,NULL,137,'2017-10-26 11:54:15'),(25,'face.jpeg',137,'2017-10-26 11:54:30'),(26,'4gb.jpeg',137,'2017-10-26 11:54:41'),(27,'selfie.jpeg',137,'2017-10-26 12:07:46'),(28,'Moonlight.jpeg',137,'2017-10-26 12:08:11'),(29,'vivo-v5s-1713-original-imaeth6cfxntmrzj.jpeg',137,'2017-10-26 12:10:02'),(30,'uni.jpeg',137,'2017-10-26 12:11:47'),(31,'vivo-v5s-1713-original-imaeu5e8m9xrhtjf.jpeg',137,'2017-10-26 12:20:53'),(32,'vivo-v5s-1713-original-imaeu5e8fhd8yjhn.jpeg',137,'2017-10-26 12:21:12'),(33,'Bigger.jpeg',137,'2017-10-26 12:28:22'),(34,'battery.jpeg',137,'2017-10-26 12:28:54'),(35,'Storage.jpeg',137,'2017-10-26 12:29:17'),(36,'Metal Build.jpeg',137,'2017-10-26 12:29:48'),(37,'mi-redmi-note-4-na-original-imaeqdxqcrfshtqu.jpeg',137,'2017-10-26 12:44:59'),(38,'mi-redmi-note-4-na-original-imaeqdxjuadhagfc.jpeg',137,'2017-10-26 12:45:24'),(39,'mi-redmi-note-4-na-original-imaeqdxgrdhxgkcx.jpeg',137,'2017-10-26 12:45:59'),(40,'oppo-f1s-a1601-400x400-imaepkn5z8rzxwzc.jpeg',137,'2017-10-26 12:50:07'),(41,'Beautify your Selfies.jpeg',137,'2017-10-26 12:50:20'),(42,'A Beauty to See and Hold.jpeg',137,'2017-10-26 12:50:36'),(43,'Fingerprint Unlock.jpeg',137,'2017-10-26 12:50:46'),(44,'oppo-f1s-a1601-original-imaemshhs7czqe3f.jpeg',137,'2017-10-26 12:59:39'),(45,'oppo-f1s-a1601-original-imaepzdw5egzhvur.jpeg',137,'2017-10-26 12:59:58'),(46,'vivo-y53-1606-original-imaeu5e8gwhptay8.jpeg',137,'2017-10-26 13:09:16'),(47,'vivo-y53-1606-original-imaeufzqg5mqqeyv.jpeg',137,'2017-10-26 13:09:30'),(48,'Eye Protection Mode.jpeg',137,'2017-10-26 13:17:51'),(49,'Long-lasting Battery.jpeg',137,'2017-10-26 13:18:02'),(50,'Sleek Design.jpeg',137,'2017-10-26 13:18:11'),(51,'For Perfect Selfies.jpeg',137,'2017-10-26 13:18:22'),(52,'vivo-y66-1609-original-imaeu5e83zcgtbsa (1).jpeg',137,'2017-10-26 13:24:23'),(53,'vivo-y66-1609-original-imaeu5e8cfqcghsf.jpeg',137,'2017-10-26 13:24:40'),(54,'vasu sign.jpg',142,'2017-10-30 13:04:25'),(55,'0.11065900 15093590956a3cce.jpg',142,'2017-10-30 15:54:55'),(56,'0.95055500 1509359113logo_login.png',142,'2017-10-30 15:55:13'),(57,'0.58713900 15093599816a3cce.jpg',142,'2017-10-30 16:09:41'),(58,'0.51298900 15093601800.08182200 15091134781.jpeg',142,'2017-10-30 16:13:00'),(59,'0.29436500 15093601930.08199000 15091134782.jpeg',142,'2017-10-30 16:13:13'),(60,'0.78499600 15093602080.08207100 15091134783.jpeg',142,'2017-10-30 16:13:28'),(61,'0.91017100 15093602240.08227400 15091134785.jpeg',142,'2017-10-30 16:13:44'),(62,'0.68600100 15093602340.08240800 1509113478vivo-v7-plus-1716-original-imaexh3psbpbkrwm.jpeg',142,'2017-10-30 16:13:54'),(63,'0.64344100 15093602510.25757500 15091982852.jpeg',142,'2017-10-30 16:14:11'),(64,'0.06151900 15093602680.08218900 1509113478vivo-v7-plus-1716-original-imaexh3pxru29ggz.jpeg',142,'2017-10-30 16:14:28'),(65,'0.45256100 15093602810.08234200 15091134786.jpeg',142,'2017-10-30 16:14:41'),(66,'0.41317900 15094420301.jpeg',140,'2017-10-31 14:57:10'),(67,'0.39960700 15094420482.jpeg',140,'2017-10-31 14:57:28'),(68,'0.88702300 15094420523.jpeg',140,'2017-10-31 14:57:32'),(69,'0.72334800 15094420564.jpeg',140,'2017-10-31 14:57:37');

/*Table structure for table `invoice_list` */

DROP TABLE IF EXISTS `invoice_list`;

CREATE TABLE `invoice_list` (
  `invoice_id` int(11) unsigned NOT NULL AUTO_INCREMENT,
  `cust_id` int(11) DEFAULT NULL,
  `order_id` int(11) DEFAULT NULL,
  `order_item_id` int(11) DEFAULT NULL,
  `item_id` int(11) DEFAULT NULL,
  `invoicename` varchar(250) DEFAULT NULL,
  `create_at` datetime DEFAULT NULL,
  `mail_send` int(11) DEFAULT '0',
  `customer_email_send` int(11) DEFAULT '0',
  PRIMARY KEY (`invoice_id`)
) ENGINE=InnoDB AUTO_INCREMENT=135 DEFAULT CHARSET=latin1;

/*Data for the table `invoice_list` */

insert  into `invoice_list`(`invoice_id`,`cust_id`,`order_id`,`order_item_id`,`item_id`,`invoicename`,`create_at`,`mail_send`,`customer_email_send`) values (7,100,251,233,418,'233_7.pdf','2017-10-24 02:31:39',1,0),(8,100,252,234,420,'234_8.pdf','2017-10-24 02:42:55',1,0),(9,104,253,235,413,'235_9.pdf','2017-10-24 02:53:39',1,0),(10,104,254,236,420,'236_10.pdf','2017-10-24 03:00:59',1,0),(11,104,255,237,413,'237_11.pdf','2017-10-24 03:06:14',1,0),(12,104,256,238,413,'238_12.pdf','2017-10-24 03:15:19',1,0),(13,100,257,239,422,'239_13.pdf','2017-10-24 03:59:12',1,0),(14,100,257,240,420,'240_14.pdf','2017-10-24 03:59:12',1,0),(15,104,258,241,414,'241_15.pdf','2017-10-24 04:08:36',1,0),(16,104,259,242,413,'242_16.pdf','2017-10-24 04:18:11',1,0),(17,104,260,243,416,'243_17.pdf','2017-10-24 04:24:08',1,0),(18,104,261,244,413,'244_18.pdf','2017-10-24 04:32:51',1,0),(19,104,262,245,413,'245_19.pdf','2017-10-24 04:37:22',1,0),(20,104,263,246,413,'246_20.pdf','2017-10-24 04:45:20',1,0),(21,100,264,247,417,'247_21.pdf','2017-10-24 05:53:44',1,0),(22,100,264,248,418,'248_22.pdf','2017-10-24 05:53:44',1,0),(23,99,266,254,425,'254_23.pdf','2017-10-24 06:42:01',1,0),(24,112,267,255,423,'255_24.pdf','2017-10-25 11:14:38',1,0),(25,99,269,256,423,'256_25.pdf','2017-10-25 12:23:36',1,0),(26,99,270,257,425,'257_26.pdf','2017-10-25 01:14:13',1,0),(27,99,273,268,411,'268_27.pdf','2017-10-25 03:44:26',1,0),(28,112,278,276,417,'276_28.pdf','2017-10-26 10:48:32',1,0),(29,112,279,277,417,'277_29.pdf','2017-10-26 10:50:29',1,0),(30,112,280,278,413,'278_30.pdf','2017-10-26 01:21:13',1,0),(32,99,282,280,413,'280_32.pdf','2017-10-26 01:25:04',1,0),(78,118,365,383,582,'383_78.pdf','2017-10-27 09:36:35',1,0),(79,118,366,384,580,'384_79.pdf','2017-10-27 09:42:52',1,0),(80,118,368,386,582,NULL,'2017-10-27 10:21:30',0,0),(81,118,369,387,582,'387_81.pdf','2017-10-27 10:22:40',1,0),(82,118,371,389,581,'389_82.pdf','2017-10-28 10:18:02',1,0),(83,99,374,391,580,'391_83.pdf','2017-10-28 10:21:32',1,0),(84,99,374,392,582,'392_84.pdf','2017-10-28 10:21:32',1,0),(85,99,377,397,583,'397_85.pdf','2017-10-28 04:51:24',1,0),(86,99,378,398,583,'398_86.pdf','2017-10-28 05:38:41',1,0),(87,99,379,399,582,'399_87.pdf','2017-10-28 05:43:57',1,0),(88,99,381,400,582,'400_88.pdf','2017-10-28 05:44:30',1,0),(89,99,382,401,583,'401_89.pdf','2017-10-28 05:55:21',1,0),(90,99,383,402,583,'402_90.pdf','2017-10-28 06:09:17',1,0),(91,118,386,404,586,'404_91.pdf','2017-10-28 06:57:05',1,0),(92,100,387,405,588,'405_92.pdf','2017-10-28 07:11:25',1,0),(93,118,388,406,588,'406_93.pdf','2017-10-28 07:13:08',1,0),(94,118,389,407,588,NULL,'2017-10-28 07:18:09',0,0),(95,118,390,408,588,NULL,'2017-10-28 07:22:50',0,0),(96,118,391,409,587,NULL,'2017-10-28 07:28:34',0,0),(97,118,392,410,586,NULL,'2017-10-28 07:31:35',0,0),(98,118,393,411,587,NULL,'2017-10-28 07:37:34',0,0),(99,118,394,412,580,'412_99.pdf','2017-10-28 07:53:40',1,0),(100,118,395,413,586,'413_100.pdf','2017-10-28 08:05:32',1,0),(101,118,396,414,586,'414_101.pdf','2017-10-28 08:11:58',1,0),(102,137,397,415,594,'415_102.pdf','2017-10-28 09:36:32',1,1),(103,137,398,416,582,'416_103.pdf','2017-10-28 10:02:24',1,1),(104,137,399,417,588,'417_104.pdf','2017-10-28 10:14:55',1,1),(105,137,400,418,586,'418_105.pdf','2017-10-29 05:04:16',1,1),(106,144,401,419,586,'419_106.pdf','2017-10-30 12:10:32',1,1),(107,144,402,420,580,'420_107.pdf','2017-10-30 12:18:21',1,1),(108,138,403,421,582,'421_108.pdf','2017-10-30 05:12:21',1,1),(109,138,404,422,580,'422_109.pdf','2017-10-30 06:56:21',1,1),(110,144,406,423,582,'423_110.pdf','2017-10-30 07:08:06',1,1),(111,144,406,424,586,'424_111.pdf','2017-10-30 07:08:06',1,1),(112,138,407,425,591,'425_112.pdf','2017-10-30 07:11:58',1,1),(113,138,408,426,586,'426_113.pdf','2017-10-30 07:13:37',1,1),(114,138,409,427,592,'427_114.pdf','2017-10-30 07:15:53',1,1),(115,138,410,428,596,'428_115.pdf','2017-10-30 07:18:20',1,1),(116,144,411,429,589,'429_116.pdf','2017-10-30 07:21:29',1,1),(117,144,412,430,588,'430_117.pdf','2017-10-30 07:25:46',1,1),(118,144,413,431,586,'431_118.pdf','2017-10-30 07:32:03',1,1),(119,144,414,432,590,'432_119.pdf','2017-10-30 07:38:17',1,1),(120,138,416,434,587,'434_120.pdf','2017-10-31 10:58:04',1,1),(121,144,417,435,594,'435_121.pdf','2017-10-31 12:33:36',1,1),(122,144,418,436,588,'436_122.pdf','2017-10-31 12:46:36',1,1),(123,144,419,437,586,'437_123.pdf','2017-10-31 01:19:10',1,1),(124,138,420,438,581,'438_124.pdf','2017-10-31 04:01:25',1,1),(125,144,421,439,596,'439_125.pdf','2017-10-31 04:35:24',1,0),(126,144,422,440,582,'440_126.pdf','2017-10-31 06:18:10',1,0),(127,137,424,442,854,'442_127.pdf','2017-10-31 07:20:09',1,1),(128,148,432,452,874,'452_128.pdf','2017-11-01 05:23:51',1,0),(129,148,434,454,858,'454_129.pdf','2017-11-01 06:45:39',1,0),(130,148,436,455,874,'455_130.pdf','2017-11-01 06:50:28',1,0),(131,151,438,457,873,NULL,'2017-11-02 02:46:58',0,0),(132,118,446,450,852,NULL,'2017-11-08 02:54:51',0,0),(133,118,447,451,852,NULL,'2017-11-08 03:09:08',0,0),(134,118,448,452,895,NULL,'2017-11-08 03:22:55',0,0);

/*Table structure for table `item_wise_filter_search` */

DROP TABLE IF EXISTS `item_wise_filter_search`;

CREATE TABLE `item_wise_filter_search` (
  `id` int(11) NOT NULL AUTO_INCREMENT,
  `ip_address` varchar(250) DEFAULT NULL,
  `itemid` varchar(250) DEFAULT NULL,
  `minimum_price` varchar(250) DEFAULT NULL,
  `maximum_price` varchar(250) DEFAULT NULL,
  `offer` varchar(250) DEFAULT NULL,
  `brand` varchar(250) DEFAULT NULL,
  `discount` varchar(250) DEFAULT NULL,
  `colour` varchar(250) DEFAULT NULL,
  `size` varchar(250) DEFAULT NULL,
  `ram` varchar(250) DEFAULT NULL,
  `os` varchar(250) DEFAULT NULL,
  `sim_type` varchar(250) DEFAULT NULL,
  `camera` varchar(250) DEFAULT NULL,
  `internal_memeory` varchar(250) DEFAULT NULL,
  `screen_size` varchar(250) DEFAULT NULL,
  `Processor` varchar(250) DEFAULT NULL,
  `printer_type` varchar(250) DEFAULT NULL,
  `type` varbinary(250) DEFAULT NULL,
  `max_copies` varchar(250) DEFAULT NULL,
  `paper_size` varchar(250) DEFAULT NULL,
  `headphone_jack` varchar(250) DEFAULT NULL,
  `noise_reduction` varchar(250) DEFAULT NULL,
  `usb_port` varchar(250) DEFAULT NULL,
  `compatible_for` varchar(250) DEFAULT NULL,
  `scanner_type` varchar(250) DEFAULT NULL,
  `resolution` varchar(250) DEFAULT NULL,
  `f_stop` varchar(250) DEFAULT NULL,
  `minimum_focusing_distance` varchar(250) DEFAULT NULL,
  `aperture_withmaxfocal_length` varchar(250) DEFAULT NULL,
  `picture_angle` varchar(250) DEFAULT NULL,
  `weight` varchar(250) DEFAULT NULL,
  `occasion` varchar(250) DEFAULT NULL,
  `material` varchar(250) DEFAULT NULL,
  `collar_type` varchar(250) DEFAULT NULL,
  `gender` varchar(250) DEFAULT NULL,
  `sleeve` varchar(250) DEFAULT NULL,
  `look` varchar(250) DEFAULT NULL,
  `style_code` varchar(250) DEFAULT NULL,
  `inner_material` varchar(250) DEFAULT NULL,
  `waterproof` varchar(250) DEFAULT NULL,
  `create_at` datetime DEFAULT NULL,
  PRIMARY KEY (`id`)
) ENGINE=InnoDB AUTO_INCREMENT=59 DEFAULT CHARSET=latin1;

/*Data for the table `item_wise_filter_search` */

insert  into `item_wise_filter_search`(`id`,`ip_address`,`itemid`,`minimum_price`,`maximum_price`,`offer`,`brand`,`discount`,`colour`,`size`,`ram`,`os`,`sim_type`,`camera`,`internal_memeory`,`screen_size`,`Processor`,`printer_type`,`type`,`max_copies`,`paper_size`,`headphone_jack`,`noise_reduction`,`usb_port`,`compatible_for`,`scanner_type`,`resolution`,`f_stop`,`minimum_focusing_distance`,`aperture_withmaxfocal_length`,`picture_angle`,`weight`,`occasion`,`material`,`collar_type`,`gender`,`sleeve`,`look`,`style_code`,`inner_material`,`waterproof`,`create_at`) values (49,'::1','269','50000','50000','','','','','','','','','','','','','','','','','','','','','','','','','','','','','','','','','','','','','2017-12-21 14:52:27'),(50,'::1','269','50000','50000','','','','','','','','','','','','','','','','','','','','','','','','','','','','','','','','','','','','','2017-12-21 14:53:07'),(51,'::1','269','50000','50000','','','','','','','','','','','','','','','','','','','','','','','','','','','','','','','','','','','','','2017-12-21 14:53:08'),(52,'::1','269','50000','50000','','','','','','','','','','','','','','','','','','','','','','','','','','','','','','','','','','','','','2017-12-21 15:01:17'),(53,'::1','269','50000','50000','','','','','','','','','','','','','','','','','','','','','','','','','','','','','','','','','','','','','2017-12-21 15:12:38'),(54,'::1','269','50000','50000','','','','','','','','','','','','','','','','','','','','','','','','','','','','','','','','','','','','','2017-12-21 15:12:43'),(55,'::1','269','50000','50000','','','','','','','','','','','','','','','','','','','','','','','','','','','','','','','','','','','','','2017-12-21 15:12:44'),(56,'::1','269','50000','50000','','','','','','','','','','','','','','','','','','','','','','','','','','','','','','','','','','','','','2017-12-21 15:17:14'),(57,'::1','269','50000','50000','','','','','','','','','','','','','','','','','','','','','','','','','','','','','','','','','','','','','2017-12-21 15:17:16'),(58,'::1','269','50000','50000','16.67','','','','','','','','','','','','','','','','','','','','','','','','','','','','','','','','','','','','2017-12-21 15:36:12');

/*Table structure for table `item_wishlist` */

DROP TABLE IF EXISTS `item_wishlist`;

CREATE TABLE `item_wishlist` (
  `id` int(11) NOT NULL AUTO_INCREMENT,
  `cust_id` int(11) DEFAULT NULL,
  `item_id` int(11) DEFAULT NULL,
  `create_at` datetime DEFAULT NULL,
  `yes` int(11) DEFAULT NULL,
  PRIMARY KEY (`id`)
) ENGINE=InnoDB AUTO_INCREMENT=790 DEFAULT CHARSET=latin1;

/*Data for the table `item_wishlist` */

insert  into `item_wishlist`(`id`,`cust_id`,`item_id`,`create_at`,`yes`) values (237,1,296,'2017-10-12 09:12:37',1),(428,152,864,'2017-11-01 17:43:30',1),(429,152,902,'2017-11-01 17:47:32',1),(430,154,858,'2017-11-01 18:06:20',1),(435,138,862,'2017-11-01 18:37:46',1),(441,138,864,'2017-11-01 18:38:47',1),(444,138,867,'2017-11-01 18:38:51',1),(446,138,872,'2017-11-01 18:38:59',1),(447,138,871,'2017-11-01 18:39:00',1),(448,138,880,'2017-11-01 18:39:02',1),(449,138,879,'2017-11-01 18:39:03',1),(450,138,875,'2017-11-01 18:39:15',1),(451,138,876,'2017-11-01 18:39:18',1),(452,138,885,'2017-11-01 18:39:22',1),(453,138,884,'2017-11-01 18:39:23',1),(454,138,889,'2017-11-01 18:39:29',1),(457,138,861,'2017-11-01 18:39:46',1),(462,155,858,'2017-11-02 15:22:46',1),(469,138,865,'2017-11-02 17:07:48',1),(478,138,866,'2017-11-03 10:39:24',1),(479,139,899,'2017-11-03 10:50:43',1),(480,138,868,'2017-11-03 11:31:09',1),(482,156,853,'2017-11-03 12:24:50',1),(483,156,867,'2017-11-03 12:25:01',1),(484,103,852,'2017-11-07 16:26:52',1),(789,118,1067,'2017-12-14 11:40:01',1);

/*Table structure for table `items` */

DROP TABLE IF EXISTS `items`;

CREATE TABLE `items` (
  `item_id` int(11) NOT NULL AUTO_INCREMENT,
  `item_name` varchar(250) COLLATE utf8_bin NOT NULL,
  `created_at` datetime NOT NULL,
  `updated_at` datetime NOT NULL,
  PRIMARY KEY (`item_id`)
) ENGINE=InnoDB AUTO_INCREMENT=11 DEFAULT CHARSET=utf8 COLLATE=utf8_bin;

/*Data for the table `items` */

insert  into `items`(`item_id`,`item_name`,`created_at`,`updated_at`) values (3,'Ayurvedic Masala&Spices','2017-06-22 15:09:45','2017-06-22 15:09:49'),(4,'Channa Dal','2017-06-22 15:14:38','2017-06-22 15:14:40'),(5,'Moong Dal','2017-06-22 15:14:34','2017-06-22 15:14:36'),(6,'Other Dals','2017-06-22 15:14:54','2017-06-22 15:14:57'),(7,'Raw Peanuts','2017-06-22 15:15:17','2017-06-22 15:15:20'),(8,'Soya Products','2017-06-22 15:15:35','2017-06-22 15:15:37'),(9,'Toor Da','2017-06-22 15:15:49','2017-06-22 15:15:52'),(10,'Urad Dal','2017-06-22 15:16:04','2017-06-22 15:16:07');

/*Table structure for table `items_list` */

DROP TABLE IF EXISTS `items_list`;

CREATE TABLE `items_list` (
  `id` int(11) NOT NULL AUTO_INCREMENT,
  `subitemid` int(11) DEFAULT NULL,
  `item_name` varchar(250) DEFAULT NULL,
  `create_at` datetime DEFAULT NULL,
  `update_at` datetime DEFAULT NULL,
  `status` int(11) DEFAULT NULL,
  `created_by` int(11) DEFAULT NULL,
  PRIMARY KEY (`id`)
) ENGINE=InnoDB AUTO_INCREMENT=270 DEFAULT CHARSET=latin1;

/*Data for the table `items_list` */

insert  into `items_list`(`id`,`subitemid`,`item_name`,`create_at`,`update_at`,`status`,`created_by`) values (4,144,'Chocolates','2017-12-12 11:26:45','2017-12-12 11:26:45',1,12),(5,144,'Dry Fruits & Nuts','2017-12-12 11:26:45','2017-12-12 11:26:45',1,12),(6,144,'Chips & Crisps','2017-12-12 11:26:45','2017-12-12 11:26:45',1,12),(7,150,'Bathing Needs','2017-12-12 11:28:11','2017-12-12 11:28:11',1,12),(8,150,'Body Care & Others','2017-12-12 11:28:11','2017-12-12 11:28:11',1,12),(9,149,'Diapers','2017-12-12 11:28:43','2017-12-12 11:28:43',1,12),(10,149,'Wipes','2017-12-12 11:28:43','2017-12-12 11:28:43',1,12),(11,160,'Chyawanprash','2017-12-12 11:29:47','2017-12-12 11:29:47',1,12),(12,160,'Health Supplements','2017-12-12 11:29:47','2017-12-12 11:29:47',1,12),(13,159,'Mouth Fresheners & Digestives','2017-12-12 11:30:18','2017-12-12 11:30:18',1,12),(14,159,'Mango & Lime Pickles','2017-12-12 11:30:18','2017-12-12 11:30:18',1,12),(15,159,'Other Pickles & Chutneys','2017-12-12 11:30:18','2017-12-12 11:30:18',1,12),(16,143,'Cat Food & Treats','2017-12-12 11:30:45','2017-12-12 11:30:45',1,12),(17,142,'Dog Food & Treats','2017-12-12 11:32:34','2017-12-12 11:32:34',1,12),(18,151,'Oral Care','2017-12-12 11:32:56','2017-12-12 11:32:56',1,12),(19,148,'Baby Food','2017-12-12 11:33:09','2017-12-12 11:33:09',1,12),(20,158,'Canned & Frozen Food','2017-12-12 11:33:25','2017-12-12 11:33:25',1,12),(21,157,'Baking Ingredients','2017-12-12 11:34:02','2017-12-12 11:34:02',1,12),(22,157,'Baking & Dessert Mixes','2017-12-12 11:34:15','2017-12-12 11:34:15',1,12),(23,156,'Ready To Eat','2017-12-12 11:35:32','2017-12-12 11:35:32',1,12),(24,156,'Breakfast Mixes','2017-12-12 11:35:32','2017-12-12 11:35:32',1,12),(25,156,'Masala Mixes','2017-12-12 11:35:32','2017-12-12 11:35:32',1,12),(26,155,'Pasta','2017-12-12 11:35:50','2017-12-12 11:35:50',1,12),(27,155,'Soup','2017-12-12 11:36:06','2017-12-12 11:36:06',1,12),(28,154,'Jams & Marmalades','2017-12-12 11:36:45','2017-12-12 11:36:45',1,12),(29,154,'Food Spreads','2017-12-12 11:36:45','2017-12-12 11:36:45',1,12),(30,154,'Honey','2017-12-12 11:36:45','2017-12-12 11:36:45',1,12),(31,154,'Peanut Butter & Mayonnaise','2017-12-12 11:36:45','2017-12-12 11:36:45',1,12),(32,154,'Syrups','2017-12-12 11:36:45','2017-12-12 11:36:45',1,12),(33,172,'All Fruits','2017-12-12 11:49:17','2017-12-12 11:49:17',1,12),(34,172,'Imported Fruits','2017-12-12 11:49:17','2017-12-12 11:49:17',1,12),(35,220,'All vegetables','2017-12-12 11:49:50','2017-12-12 11:49:50',1,12),(36,220,'Exotics','2017-12-12 11:49:50','2017-12-12 11:49:50',1,12),(37,221,'Cut fresh','2017-12-12 11:52:47','2017-12-12 11:52:47',1,12),(38,221,'Sprouts','2017-12-12 11:52:47','2017-12-12 11:52:47',1,12),(39,210,'Arhar','2017-12-12 11:53:24','2017-12-12 11:53:24',1,12),(40,210,'Moong','2017-12-12 11:53:24','2017-12-12 11:53:24',1,12),(41,210,'Urad','2017-12-12 11:53:24','2017-12-12 11:53:24',1,12),(42,210,'Rajma & Chana','2017-12-12 11:53:24','2017-12-12 11:53:24',1,12),(43,210,'Masoor','2017-12-12 11:53:24','2017-12-12 11:53:24',1,12),(44,210,'Soya','2017-12-12 11:53:24','2017-12-12 11:53:24',1,12),(45,210,'Dried Peas & Others','2017-12-12 11:53:24','2017-12-12 11:53:24',1,12),(46,210,'Organic Pulses','2017-12-12 11:53:24','2017-12-12 11:53:24',1,12),(47,211,'Atta','2017-12-12 11:54:32','2017-12-12 11:54:32',1,12),(48,211,'Besan & Sooji/Rava','2017-12-12 11:54:33','2017-12-12 11:54:33',1,12),(49,211,'Other Flours','2017-12-12 11:54:33','2017-12-12 11:54:33',1,12),(50,211,'Organic Flours','2017-12-12 11:54:33','2017-12-12 11:54:33',1,12),(51,212,'Basmati','2017-12-12 11:55:05','2017-12-12 11:55:05',1,12),(52,212,'Sonamasuri & Kolam','2017-12-12 11:55:05','2017-12-12 11:55:05',1,12),(53,212,'Boiled Rice','2017-12-12 11:55:05','2017-12-12 11:55:05',1,12),(54,212,'Other Raw Rice','2017-12-12 11:55:05','2017-12-12 11:55:05',1,12),(55,212,'Poha','2017-12-12 11:55:05','2017-12-12 11:55:05',1,12),(56,212,'Daliya','2017-12-12 11:55:05','2017-12-12 11:55:05',1,12),(57,212,'Millet & Others','2017-12-12 11:55:05','2017-12-12 11:55:05',1,12),(58,212,'Organic','2017-12-12 11:55:05','2017-12-12 11:55:05',1,12),(59,213,'Almonds & Cashews','2017-12-12 11:55:47','2017-12-12 11:55:47',1,12),(60,213,'Other Dry Fruits','2017-12-12 11:55:47','2017-12-12 11:55:47',1,12),(61,213,'Nuts & Seeds','2017-12-12 11:55:47','2017-12-12 11:55:47',1,12),(62,214,'Soyabean Oils','2017-12-12 11:56:22','2017-12-12 11:56:22',1,12),(63,214,'Sunflower Oils','2017-12-12 11:56:22','2017-12-12 11:56:22',1,12),(64,214,'Mustard Oils','2017-12-12 11:56:22','2017-12-12 11:56:22',1,12),(65,214,'Health Oils','2017-12-12 11:56:22','2017-12-12 11:56:22',1,12),(66,214,'Olive Oils','2017-12-12 11:56:22','2017-12-12 11:56:22',1,12),(67,214,'Rice Bran Oil & Others','2017-12-12 11:56:22','2017-12-12 11:56:22',1,12),(68,215,'Ghee','2017-12-12 11:56:36','2017-12-12 11:56:36',1,12),(69,217,'Sugar','2017-12-12 11:57:55','2017-12-12 11:57:55',1,12),(70,217,'Salt','2017-12-12 11:57:55','2017-12-12 11:57:55',1,12),(71,217,'Jaggery & Others','2017-12-12 11:57:55','2017-12-12 11:57:55',1,12),(72,216,'Whole Spices','2017-12-12 11:58:21','2017-12-12 11:58:21',1,12),(73,216,'Powdered Spices','2017-12-12 11:58:21','2017-12-12 11:58:21',1,12),(74,216,'Ready Masala','2017-12-12 11:58:21','2017-12-12 11:58:21',1,12),(75,216,'Cooking Paste & Others','2017-12-12 11:58:21','2017-12-12 11:58:21',1,12),(76,218,'Pulses','2017-12-12 11:59:18','2017-12-12 11:59:18',1,12),(77,218,'Rice And Flour','2017-12-12 11:59:18','2017-12-12 11:59:18',1,12),(78,218,'Sugar & Spices','2017-12-12 11:59:18','2017-12-12 11:59:18',1,12),(79,204,'Mango Drinks','2017-12-12 11:59:42','2017-12-12 11:59:42',1,12),(80,204,'Cans','2017-12-12 11:59:42','2017-12-12 11:59:42',1,12),(81,204,'Pet Bottles','2017-12-12 11:59:42','2017-12-12 11:59:42',1,12),(82,205,'Beverages Gift Packs','2017-12-12 12:00:22','2017-12-12 12:00:22',1,12),(83,205,'Mango & Orange Juices','2017-12-12 12:00:22','2017-12-12 12:00:22',1,12),(84,205,'Assorted Juices','2017-12-12 12:00:22','2017-12-12 12:00:22',1,12),(85,205,'Concentrates','2017-12-12 12:00:22','2017-12-12 12:00:22',1,12),(86,205,'Squash & Sharbat','2017-12-12 12:00:22','2017-12-12 12:00:22',1,12),(87,205,'Ayurvedic & Organic Juices','2017-12-12 12:00:22','2017-12-12 12:00:22',1,12),(88,206,'Tea','2017-12-12 12:01:11','2017-12-12 12:01:11',1,12),(89,206,'Green Tea','2017-12-12 12:01:11','2017-12-12 12:01:11',1,12),(90,206,'Coffee','2017-12-12 12:01:11','2017-12-12 12:01:11',1,12),(91,206,'Tea Bags & Others','2017-12-12 12:01:11','2017-12-12 12:01:11',1,12),(92,206,'Dairy Whitener','2017-12-12 12:01:11','2017-12-12 12:01:11',1,12),(93,207,'Chocolate Health Drinks','2017-12-12 12:02:32','2017-12-12 12:02:32',1,12),(94,207,'Health Drinks','2017-12-12 12:02:32','2017-12-12 12:02:32',1,12),(95,207,'Energy Drinks','2017-12-12 12:02:32','2017-12-12 12:02:32',1,12),(96,208,'Water & Soda','2017-12-12 12:02:42','2017-12-12 12:02:42',1,12),(97,209,'Milk Drinks','2017-12-12 12:03:27','2017-12-12 12:03:27',1,12),(98,209,'Chaach & Lassi','2017-12-12 12:03:27','2017-12-12 12:03:27',1,12),(99,209,'Milk Shake & Flavoured Milk','2017-12-12 12:03:27','2017-12-12 12:03:27',1,12),(100,183,'Buckets & Bathroom Essentials','2017-12-12 12:04:25','2017-12-12 12:04:25',1,12),(101,183,'Home Essentials','2017-12-12 12:04:25','2017-12-12 12:04:25',1,12),(102,183,'Other Utilities','2017-12-12 12:04:25','2017-12-12 12:04:25',1,12),(103,184,'Cookware Set','2017-12-12 12:05:16','2017-12-12 12:05:16',1,12),(104,184,'Fry Pan','2017-12-12 12:05:16','2017-12-12 12:05:16',1,12),(105,184,'Saucepan & Tope','2017-12-12 12:05:16','2017-12-12 12:05:16',1,12),(106,184,'Tawa & Kadai','2017-12-12 12:05:16','2017-12-12 12:05:16',1,12),(107,185,'Choppers','2017-12-12 12:05:42','2017-12-12 12:05:42',1,12),(108,185,'Cutlery & Spoons','2017-12-12 12:05:42','2017-12-12 12:05:42',1,12),(109,185,'Gas Lighter','2017-12-12 12:05:42','2017-12-12 12:05:42',1,12),(110,185,'Kitchen Accessories','2017-12-12 12:05:42','2017-12-12 12:05:42',1,12),(111,185,'Ladle & Skimmers','2017-12-12 12:05:42','2017-12-12 12:05:42',1,12),(112,186,'Bedsheets & Comforters','2017-12-12 12:07:01','2017-12-12 12:07:01',1,12),(113,186,'Bean Bags','2017-12-12 12:07:01','2017-12-12 12:07:01',1,12),(114,186,'Curtains & Others','2017-12-12 12:07:01','2017-12-12 12:07:01',1,12),(115,186,'Home Decor','2017-12-12 12:07:01','2017-12-12 12:07:01',1,12),(116,187,'Casseroles','2017-12-12 12:08:06','2017-12-12 12:08:06',1,12),(117,187,'Mugs & Glasses','2017-12-12 12:08:06','2017-12-12 12:08:06',1,12),(118,187,'Plates & Bowls','2017-12-12 12:08:06','2017-12-12 12:08:06',1,12),(119,188,'Umbrella','2017-12-12 12:08:19','2017-12-12 12:08:19',1,12),(120,189,'Diaries & Notebooks','2017-12-12 12:08:32','2017-12-12 12:08:32',1,12),(121,189,'Stationery Supplies','2017-12-12 12:08:45','2017-12-12 12:08:45',1,12),(122,190,'Cleaning Equipment','2017-12-12 12:09:13','2017-12-12 12:09:13',1,12),(123,190,'Brooms & Mops','2017-12-12 12:09:13','2017-12-12 12:09:13',1,12),(124,190,'Dustbins','2017-12-12 12:09:13','2017-12-12 12:09:13',1,12),(125,190,'Other Brushes','2017-12-12 12:09:13','2017-12-12 12:09:13',1,12),(126,190,'Toilet Brushes','2017-12-12 12:09:13','2017-12-12 12:09:13',1,12),(127,191,'Storage & Containers','2017-12-12 12:10:01','2017-12-12 12:10:01',1,12),(128,191,'Bottles & Sippers','2017-12-12 12:10:01','2017-12-12 12:10:01',1,12),(129,191,'Containers','2017-12-12 12:10:01','2017-12-12 12:10:01',1,12),(130,191,'Lunch Boxes','2017-12-12 12:10:01','2017-12-12 12:10:01',1,12),(131,192,'Lighting','2017-12-12 12:10:10','2017-12-12 12:10:10',1,12),(132,192,'Batteries','2017-12-12 12:10:19','2017-12-12 12:10:19',1,12),(133,193,'Detergent Powders','2017-12-12 12:10:53','2017-12-12 12:10:53',1,12),(134,193,'Liquid Detergents','2017-12-12 12:10:53','2017-12-12 12:10:53',1,12),(135,193,'Detergent Bars','2017-12-12 12:10:53','2017-12-12 12:10:53',1,12),(136,193,'Laundry Additives','2017-12-12 12:10:53','2017-12-12 12:10:53',1,12),(137,194,'Dishwashing Bars','2017-12-12 12:11:20','2017-12-12 12:11:20',1,12),(138,194,'Dishwashing Gels & Powder','2017-12-12 12:11:20','2017-12-12 12:11:20',1,12),(139,194,'Scrubbers & Cleaning Aids','2017-12-12 12:11:20','2017-12-12 12:11:20',1,12),(140,195,'Toilet Cleaners','2017-12-12 12:11:43','2017-12-12 12:11:43',1,12),(141,195,'Floor Cleaners','2017-12-12 12:11:43','2017-12-12 12:11:43',1,12),(142,195,'Multi-Purpose Cleaners','2017-12-12 12:11:43','2017-12-12 12:11:43',1,12),(143,196,'Brooms & Mops','2017-12-12 12:12:15','2017-12-12 12:12:15',1,12),(144,196,'Dustbins','2017-12-12 12:12:15','2017-12-12 12:12:15',1,12),(145,196,'Other Brushes','2017-12-12 12:12:15','2017-12-12 12:12:15',1,12),(146,196,'Toilet Brushes','2017-12-12 12:12:15','2017-12-12 12:12:15',1,12),(147,197,'Incense Sticks','2017-12-12 12:12:28','2017-12-12 12:12:28',1,12),(148,197,'Other Pooja Items','2017-12-12 12:12:39','2017-12-12 12:12:39',1,12),(149,198,'Mosquito Repellents','2017-12-12 12:13:10','2017-12-12 12:13:10',1,12),(150,198,'Sprays','2017-12-12 12:13:10','2017-12-12 12:13:10',1,12),(151,198,'Creams & Other Repellents','2017-12-12 12:13:10','2017-12-12 12:13:10',1,12),(152,199,'Air Fresheners','2017-12-12 12:13:41','2017-12-12 12:13:41',1,12),(153,199,'Car Fresheners','2017-12-12 12:13:41','2017-12-12 12:13:41',1,12),(154,200,'Kitchen & Dining Disposables','2017-12-12 12:14:05','2017-12-12 12:14:05',1,12),(155,200,'Toilet & Other Disposables','2017-12-12 12:14:19','2017-12-12 12:14:19',1,12),(156,201,'Shoe Care','2017-12-12 12:14:28','2017-12-12 12:14:28',1,12),(157,173,'Body Wash','2017-12-12 12:14:51','2017-12-12 12:14:51',1,12),(158,173,'Soaps','2017-12-12 12:14:51','2017-12-12 12:14:51',1,12),(159,173,'Handwash','2017-12-12 12:14:51','2017-12-12 12:14:51',1,12),(160,173,'Sanitizer','2017-12-12 12:14:51','2017-12-12 12:14:51',1,12),(161,174,'Shampoo','2017-12-12 12:15:14','2017-12-12 12:15:14',1,12),(162,174,'Conditioner','2017-12-12 12:15:14','2017-12-12 12:15:14',1,12),(163,174,'Hair Oil & Others','2017-12-12 12:15:14','2017-12-12 12:15:14',1,12),(164,174,'Hair Colour','2017-12-12 12:15:14','2017-12-12 12:15:14',1,12),(165,175,'Body Lotions','2017-12-12 12:15:47','2017-12-12 12:15:47',1,12),(166,175,'Talc Powder','2017-12-12 12:15:47','2017-12-12 12:15:47',1,12),(167,175,'Body Oils & Others','2017-12-12 12:15:47','2017-12-12 12:15:47',1,12),(168,175,'Face Cream','2017-12-12 12:15:47','2017-12-12 12:15:47',1,12),(169,176,'Toothpaste','2017-12-12 12:16:51','2017-12-12 12:16:51',1,12),(170,176,'Toothbrush','2017-12-12 12:16:51','2017-12-12 12:16:51',1,12),(171,176,'Mouthwash & Others','2017-12-12 12:16:51','2017-12-12 12:16:51',1,12),(172,177,'Men\'s Deo','2017-12-12 12:29:21','2017-12-12 12:29:21',1,12),(173,177,'Women\'s Deo','2017-12-12 12:29:21','2017-12-12 12:29:21',1,12),(174,177,'Perfumes','2017-12-12 12:29:21','2017-12-12 12:29:21',1,12),(175,178,'Face Wash','2017-12-12 12:29:45','2017-12-12 12:29:45',1,12),(176,178,'Face Cream','2017-12-12 12:29:45','2017-12-12 12:29:45',1,12),(177,178,'Face Mask & Bleach','2017-12-12 12:29:45','2017-12-12 12:29:45',1,12),(178,178,'Lip Care','2017-12-12 12:29:45','2017-12-12 12:29:45',1,12),(179,178,'More Face Products','2017-12-12 12:29:46','2017-12-12 12:29:46',1,12),(180,179,'Feminine Hygiene','2017-12-12 12:30:18','2017-12-12 12:30:18',1,12),(181,179,'Sanitary Care','2017-12-12 12:30:18','2017-12-12 12:30:18',1,12),(182,179,'Fem Essentials','2017-12-12 12:30:18','2017-12-12 12:30:18',1,12),(183,179,'Hair Removal','2017-12-12 12:30:18','2017-12-12 12:30:18',1,12),(184,180,'Razors','2017-12-12 12:30:40','2017-12-12 12:30:40',1,12),(185,180,'Cartridges','2017-12-12 12:30:40','2017-12-12 12:30:40',1,12),(186,180,'Pre Shave','2017-12-12 12:30:40','2017-12-12 12:30:40',1,12),(187,180,'After Shave','2017-12-12 12:30:40','2017-12-12 12:30:40',1,12),(188,181,'Contraceptives','2017-12-12 12:31:03','2017-12-12 12:31:03',1,12),(189,181,'Pain Relievers','2017-12-12 12:31:03','2017-12-12 12:31:03',1,12),(190,181,'Antiseptics','2017-12-12 12:31:03','2017-12-12 12:31:03',1,12),(191,181,'Other OTC\'s','2017-12-12 12:31:03','2017-12-12 12:31:03',1,12),(192,181,'Health Supplements','2017-12-12 12:31:03','2017-12-12 12:31:03',1,12),(193,181,'Hand & Foot Care','2017-12-12 12:31:03','2017-12-12 12:31:03',1,12),(194,182,'Eye Make-Up','2017-12-12 12:31:14','2017-12-12 12:31:14',1,12),(195,182,'Lip Color','2017-12-12 12:31:29','2017-12-12 12:31:29',1,12),(196,166,'Breakfast & Dairy','2017-12-12 12:32:02','2017-12-12 12:32:02',1,12),(197,166,'Breakfast & Dairy Best Offers','2017-12-12 12:32:02','2017-12-12 12:32:02',1,12),(198,166,'Milk & Milk Products','2017-12-12 12:32:02','2017-12-12 12:32:02',1,12),(199,166,'Poly Milk','2017-12-12 12:32:02','2017-12-12 12:32:02',1,12),(200,166,'Tetra Milk','2017-12-12 12:32:02','2017-12-12 12:32:02',1,12),(201,166,'Speciality Milk','2017-12-12 12:32:02','2017-12-12 12:32:02',1,12),(202,166,'Lassi & Chaach','2017-12-12 12:32:02','2017-12-12 12:32:02',1,12),(203,166,'Flavoured Milk & Milk Shake','2017-12-12 12:32:02','2017-12-12 12:32:02',1,12),(204,166,'Cream & Whitener','2017-12-12 12:32:02','2017-12-12 12:32:02',1,12),(205,167,'Eggs','2017-12-12 12:32:18','2017-12-12 12:32:18',1,12),(206,167,'Bread','2017-12-12 12:32:30','2017-12-12 12:32:30',1,12),(207,168,'Paneer & Tofu','2017-12-12 12:34:12','2017-12-12 12:34:12',1,12),(208,168,'Curd','2017-12-12 12:34:12','2017-12-12 12:34:12',1,12),(209,168,'Yogurt','2017-12-12 12:34:12','2017-12-12 12:34:12',1,12),(210,169,'Butter','2017-12-12 12:34:35','2017-12-12 12:34:35',1,12),(211,169,'Cheese','2017-12-12 12:34:35','2017-12-12 12:34:35',1,12),(212,169,'Spreads','2017-12-12 12:34:35','2017-12-12 12:34:35',1,12),(213,146,'Corn Flakes','2017-12-12 12:34:55','2017-12-12 12:34:55',1,12),(214,146,'Cereals & Breakfast Bars','2017-12-12 12:34:55','2017-12-12 12:34:55',1,12),(215,146,'Oats','2017-12-12 12:34:55','2017-12-12 12:34:55',1,12),(216,146,'Muesli','2017-12-12 12:34:55','2017-12-12 12:34:55',1,12),(217,146,'Breakfast Mixes','2017-12-12 12:34:55','2017-12-12 12:34:55',1,12),(218,154,'Honey','2017-12-12 12:35:15','2017-12-12 12:35:15',1,12),(219,154,'Jams & Marmalades','2017-12-12 12:35:15','2017-12-12 12:35:15',1,12),(220,154,'Dressings & Dips','2017-12-12 12:35:15','2017-12-12 12:35:15',1,12),(221,154,'Food Spreads','2017-12-12 12:35:15','2017-12-12 12:35:15',1,12),(222,154,'Peanut Butter & Mayonnaise','2017-12-12 12:35:15','2017-12-12 12:35:15',1,12),(223,154,'Syrups','2017-12-12 12:35:15','2017-12-12 12:35:15',1,12),(224,161,'Cookies & Cakes','2017-12-12 12:37:13','2017-12-12 12:37:13',1,12),(225,161,'Healthy & Digestive','2017-12-12 12:37:13','2017-12-12 12:37:13',1,12),(226,161,'Cream Biscuits & Wafers','2017-12-12 12:37:13','2017-12-12 12:37:13',1,12),(227,161,'Sweet & Salty','2017-12-12 12:37:13','2017-12-12 12:37:13',1,12),(228,161,'Glucose & Marie','2017-12-12 12:37:13','2017-12-12 12:37:13',1,12),(229,162,'Bhujia & Sev','2017-12-12 12:37:34','2017-12-12 12:37:34',1,12),(230,162,'Namkeen & Mixtures','2017-12-12 12:37:34','2017-12-12 12:37:34',1,12),(231,162,'Local Favourites','2017-12-12 12:37:34','2017-12-12 12:37:34',1,12),(232,162,'Healthy Snacks','2017-12-12 12:37:34','2017-12-12 12:37:34',1,12),(233,162,'Dry Fruits & Nuts','2017-12-12 12:37:34','2017-12-12 12:37:34',1,12),(234,163,'Potato Chips','2017-12-12 12:38:39','2017-12-12 12:38:39',1,12),(235,163,'Crisps & Puffs','2017-12-12 12:38:39','2017-12-12 12:38:39',1,12),(236,163,'Tortillas & Nachos','2017-12-12 12:38:39','2017-12-12 12:38:39',1,12),(237,163,'Other Chips','2017-12-12 12:38:39','2017-12-12 12:38:39',1,12),(238,163,'Potato Chips','2017-12-12 12:41:09','2017-12-12 12:41:09',1,12),(239,163,'Crisps & Puffs','2017-12-12 12:41:09','2017-12-12 12:41:09',1,12),(240,163,'Tortillas & Nachos','2017-12-12 12:41:09','2017-12-12 12:41:09',1,12),(241,163,'Other Chips','2017-12-12 12:41:09','2017-12-12 12:41:09',1,12),(242,164,'Chocolate Gift Packs','2017-12-12 12:42:05','2017-12-12 12:42:05',1,12),(243,164,'Chocolates','2017-12-12 12:42:05','2017-12-12 12:42:05',1,12),(244,164,'Premium','2017-12-12 12:42:05','2017-12-12 12:42:05',1,12),(245,164,'Candies & Chewing Gums','2017-12-12 12:42:05','2017-12-12 12:42:05',1,12),(246,165,'Instant Mixes','2017-12-12 12:42:22','2017-12-12 12:42:22',1,12),(247,165,'Sweets','2017-12-12 12:42:46','2017-12-12 12:42:46',1,12),(248,152,'Instant Noodles','2017-12-12 12:43:36','2017-12-12 12:43:36',1,12),(249,152,'Cup Noodles','2017-12-12 12:43:36','2017-12-12 12:43:36',1,12),(250,152,'Vermicellli','2017-12-12 12:43:36','2017-12-12 12:43:36',1,12),(251,153,'Tomato Ketchup & Sauces','2017-12-12 12:43:50','2017-12-12 12:43:50',1,12),(252,153,'Soya & Chilli Sauces','2017-12-12 12:44:01','2017-12-12 12:44:01',1,12),(253,300,'refri refri','2017-12-18 18:46:22','2017-12-18 18:46:22',1,12),(254,319,'Sofas & Sectionals','2017-12-19 12:42:26','2017-12-19 12:42:26',1,12),(255,319,'Sofas & Sectional','2017-12-19 12:52:22','2017-12-19 12:52:22',1,12),(256,325,'Contemporary','2017-12-19 14:44:10','2017-12-19 14:44:10',1,12),(257,326,'Coffee Table Sets','2017-12-19 14:48:18','2017-12-19 14:48:18',1,12),(258,324,'Book Shelves','2017-12-19 14:57:51','2017-12-19 14:57:51',1,12),(259,328,'Pouffes','2017-12-19 15:01:47','2017-12-19 15:01:47',1,12),(260,329,'Seating Sets','2017-12-19 15:03:53','2017-12-19 15:03:53',1,12),(261,330,'Photo Frames','2017-12-19 15:06:21','2017-12-19 15:06:21',1,12),(262,332,'Flush Mounted','2017-12-19 15:17:55','2017-12-19 15:17:55',1,12),(263,333,'Solids','2017-12-19 15:22:16','2017-12-19 15:22:16',1,12),(264,334,'Multi Container Set','2017-12-19 15:24:56','2017-12-19 15:24:56',1,12),(265,335,'Bottles','2017-12-19 15:26:54','2017-12-19 15:26:54',1,12),(266,336,'Ceiling Fans','2017-12-19 15:29:10','2017-12-19 15:29:10',1,12),(267,361,'Vanilla Flavour','2017-12-19 16:47:56','2017-12-19 16:47:56',1,12),(268,362,'Vanilla','2017-12-19 16:49:10','2017-12-19 16:49:10',1,12),(269,272,'Android','2017-12-21 10:58:11','2017-12-21 10:58:11',1,12);

/*Table structure for table `keys` */

DROP TABLE IF EXISTS `keys`;

CREATE TABLE `keys` (
  `id` int(11) NOT NULL AUTO_INCREMENT,
  `user_id` int(11) NOT NULL,
  `key` varchar(40) NOT NULL,
  `level` int(2) NOT NULL,
  `ignore_limits` tinyint(1) NOT NULL DEFAULT '0',
  `is_private_key` tinyint(1) NOT NULL DEFAULT '0',
  `ip_addresses` text,
  `date_created` int(11) NOT NULL,
  PRIMARY KEY (`id`)
) ENGINE=InnoDB DEFAULT CHARSET=utf8;

/*Data for the table `keys` */

/*Table structure for table `kyc_reports` */

DROP TABLE IF EXISTS `kyc_reports`;

CREATE TABLE `kyc_reports` (
  `id` int(11) NOT NULL AUTO_INCREMENT,
  `seller_id` int(11) NOT NULL,
  `file_name` varchar(1000) NOT NULL,
  PRIMARY KEY (`id`)
) ENGINE=MyISAM AUTO_INCREMENT=7 DEFAULT CHARSET=latin1;

/*Data for the table `kyc_reports` */

insert  into `kyc_reports`(`id`,`seller_id`,`file_name`) values (1,8,'report_1437902040.xlsx'),(2,8,'report_14379020401.xlsx'),(3,26,'report_624084941.png'),(4,9,''),(5,9,''),(6,8,'report_1326489714.sql');

/*Table structure for table `locations` */

DROP TABLE IF EXISTS `locations`;

CREATE TABLE `locations` (
  `location_id` int(11) NOT NULL AUTO_INCREMENT,
  `location_name` varchar(500) NOT NULL,
  `pincode` varchar(250) DEFAULT NULL,
  `status` int(11) NOT NULL,
  PRIMARY KEY (`location_id`)
) ENGINE=InnoDB AUTO_INCREMENT=15 DEFAULT CHARSET=latin1;

/*Data for the table `locations` */

insert  into `locations`(`location_id`,`location_name`,`pincode`,`status`) values (1,'Kphb','500072',1),(2,'Kukatpally','500072',1),(3,'Miyapur','500049',1),(4,'Ameerpet','500016',1),(6,'Hi tech','500081',1),(7,'sample2',NULL,1),(8,'sample3',NULL,1),(9,'sample4',NULL,1),(10,'sample5',NULL,1),(11,'sample6',NULL,1),(12,'sample7',NULL,1),(13,'sample8',NULL,1),(14,'sample8',NULL,1);

/*Table structure for table `logs` */

DROP TABLE IF EXISTS `logs`;

CREATE TABLE `logs` (
  `id` int(11) NOT NULL AUTO_INCREMENT,
  `uri` varchar(255) NOT NULL,
  `method` varchar(6) NOT NULL,
  `params` text,
  `api_key` varchar(40) NOT NULL,
  `ip_address` varchar(45) NOT NULL,
  `time` int(11) NOT NULL,
  `rtime` float DEFAULT NULL,
  `authorized` varchar(1) NOT NULL,
  `response_code` smallint(3) DEFAULT '0',
  PRIMARY KEY (`id`)
) ENGINE=InnoDB AUTO_INCREMENT=4 DEFAULT CHARSET=utf8;

/*Data for the table `logs` */

insert  into `logs`(`id`,`uri`,`method`,`params`,`api_key`,`ip_address`,`time`,`rtime`,`authorized`,`response_code`) values (1,'api/example/users','post','a:10:{s:13:\"cache-control\";s:8:\"no-cache\";s:13:\"Postman-Token\";s:36:\"9b572030-399a-41a8-9c15-baa253c4a342\";s:13:\"Authorization\";s:22:\"Basic YWRtaW46MTIzNA==\";s:10:\"User-Agent\";s:20:\"PostmanRuntime/6.3.2\";s:6:\"Accept\";s:3:\"*/*\";s:4:\"Host\";s:9:\"localhost\";s:6:\"cookie\";s:43:\"ci_session=sp94do0i9u1rlorppg1s5serlopnrg76\";s:15:\"accept-encoding\";s:13:\"gzip, deflate\";s:14:\"content-length\";s:1:\"0\";s:10:\"Connection\";s:10:\"keep-alive\";}','','::1',1505801984,0.0814009,'1',201),(2,'api/example/users','post','a:10:{s:13:\"cache-control\";s:8:\"no-cache\";s:13:\"Postman-Token\";s:36:\"51a82ce0-14be-420a-99ea-2a1c6c5f327c\";s:13:\"Authorization\";s:22:\"Basic YWRtaW46MTIzNA==\";s:10:\"User-Agent\";s:20:\"PostmanRuntime/6.3.2\";s:6:\"Accept\";s:3:\"*/*\";s:4:\"Host\";s:9:\"localhost\";s:6:\"cookie\";s:43:\"ci_session=sp94do0i9u1rlorppg1s5serlopnrg76\";s:15:\"accept-encoding\";s:13:\"gzip, deflate\";s:14:\"content-length\";s:1:\"0\";s:10:\"Connection\";s:10:\"keep-alive\";}','','::1',1505802035,0.109963,'1',201),(3,'api/example/users','post','a:10:{s:13:\"cache-control\";s:8:\"no-cache\";s:13:\"Postman-Token\";s:36:\"ed2a94b9-2f68-4e0f-bb4c-a2aaa45d0762\";s:13:\"Authorization\";s:22:\"Basic YWRtaW46MTIzNA==\";s:10:\"User-Agent\";s:20:\"PostmanRuntime/6.3.2\";s:6:\"Accept\";s:3:\"*/*\";s:4:\"Host\";s:9:\"localhost\";s:6:\"cookie\";s:43:\"ci_session=j2vunauiik94jibq3cftlsaghl4fa2gl\";s:15:\"accept-encoding\";s:13:\"gzip, deflate\";s:14:\"content-length\";s:1:\"0\";s:10:\"Connection\";s:10:\"keep-alive\";}','','::1',1505802096,0.0921381,'1',201);

/*Table structure for table `notifications` */

DROP TABLE IF EXISTS `notifications`;

CREATE TABLE `notifications` (
  `notification_id` int(11) NOT NULL AUTO_INCREMENT,
  `seller_id` int(11) DEFAULT NULL,
  `replyed_id` int(11) DEFAULT NULL,
  `subject` varchar(250) DEFAULT NULL,
  `seller_message` text,
  `message_type` enum('REPLIED','REPLY') DEFAULT NULL,
  `created_at` timestamp NULL DEFAULT CURRENT_TIMESTAMP,
  `read_count` tinyint(1) DEFAULT '1',
  `delete_message` tinyint(1) DEFAULT '0',
  `view` tinyint(1) DEFAULT '0',
  `viewed_by` int(11) DEFAULT NULL,
  `category_status` int(11) DEFAULT '0',
  PRIMARY KEY (`notification_id`)
) ENGINE=InnoDB AUTO_INCREMENT=39 DEFAULT CHARSET=utf8;

/*Data for the table `notifications` */

insert  into `notifications`(`notification_id`,`seller_id`,`replyed_id`,`subject`,`seller_message`,`message_type`,`created_at`,`read_count`,`delete_message`,`view`,`viewed_by`,`category_status`) values (25,123,NULL,'New seller','Faisal was successfully Registered.','REPLY','2017-10-17 17:27:39',0,0,0,NULL,0),(26,124,NULL,'New seller',' was successfully Registered.','REPLY','2017-10-20 17:37:17',0,0,0,NULL,0),(27,129,NULL,'New seller','Testing1 was successfully Registered.','REPLY','2017-10-20 17:44:18',0,0,0,NULL,0),(28,130,NULL,'New seller',' was successfully Registered.','REPLY','2017-10-21 11:49:09',0,0,0,NULL,0),(29,132,NULL,'New seller',' was successfully Registered.','REPLY','2017-10-21 11:51:38',0,0,0,NULL,0),(30,133,NULL,'New seller','chiina was successfully Registered.','REPLY','2017-10-23 12:38:58',0,0,0,NULL,0),(31,134,NULL,'New seller',' was successfully Registered.','REPLY','2017-10-24 10:16:45',0,0,0,NULL,0),(32,134,NULL,'New seller',' was successfully Registered.','REPLY','2017-10-26 11:01:04',0,0,0,NULL,0),(33,135,NULL,'New seller',' was successfully Registered.','REPLY','2017-10-26 11:04:03',0,0,0,NULL,0),(34,137,NULL,'New seller','test.pushkar was successfully Registered.','REPLY','2017-10-26 11:50:32',0,0,0,NULL,0),(35,139,NULL,'New seller',' was successfully Registered.','REPLY','2017-10-27 17:02:32',0,0,0,NULL,0),(36,140,NULL,'New seller','test.cartinhours was successfully Registered.','REPLY','2017-10-27 17:05:51',0,0,0,NULL,0),(37,141,NULL,'New seller','raghu listing was successfully Registered.','REPLY','2017-10-28 11:28:18',0,0,0,NULL,0),(38,142,NULL,'New seller','Faisal was successfully Registered.','REPLY','2017-10-28 11:52:43',0,0,0,NULL,0);

/*Table structure for table `order_items` */

DROP TABLE IF EXISTS `order_items`;

CREATE TABLE `order_items` (
  `order_item_id` int(11) NOT NULL AUTO_INCREMENT,
  `order_id` int(11) DEFAULT NULL,
  `item_id` int(11) DEFAULT NULL,
  `seller_id` int(11) DEFAULT NULL,
  `customer_id` int(11) DEFAULT NULL,
  `qty` int(11) DEFAULT NULL,
  `item_price` varchar(250) DEFAULT NULL,
  `total_price` varchar(250) DEFAULT NULL,
  `delivery_amount` varchar(250) DEFAULT NULL,
  `delivery_type` int(11) DEFAULT NULL,
  `payment_type` int(11) DEFAULT NULL,
  `commission_price` varchar(250) DEFAULT NULL,
  `order_status` int(11) DEFAULT '0',
  `customer_email` varchar(250) DEFAULT NULL,
  `customer_phone` varchar(250) DEFAULT NULL,
  `customer_address` varchar(250) DEFAULT NULL,
  `landmark` varchar(250) DEFAULT NULL,
  `pincode` varchar(11) DEFAULT NULL,
  `city` varchar(250) DEFAULT NULL,
  `state` varchar(250) DEFAULT NULL,
  `area` int(11) DEFAULT NULL,
  `time` varchar(250) DEFAULT NULL,
  `amount_status_paid` varchar(11) DEFAULT NULL,
  `color` varchar(250) DEFAULT NULL,
  `size` varchar(250) DEFAULT NULL,
  `uksize` varchar(250) DEFAULT NULL,
  `create_at` datetime DEFAULT NULL,
  `delivery_boy_id` int(11) DEFAULT NULL,
  `delivery_boy_assign` int(11) DEFAULT '0',
  `deliveryboy_status` int(11) DEFAULT '0',
  `message_sent` int(11) DEFAULT NULL,
  `customer_seller_km` varchar(250) DEFAULT NULL,
  `customer_seller_time` varchar(250) DEFAULT NULL,
  `customer_seller_timevalue` varchar(250) DEFAULT NULL,
  `invoice_id` varchar(250) DEFAULT NULL,
  `return_deliveryboy_id` int(11) DEFAULT NULL,
  `expected_delivery_time` varchar(250) DEFAULT NULL,
  `completed_date` datetime DEFAULT NULL,
  `singature` varchar(250) DEFAULT NULL,
  PRIMARY KEY (`order_item_id`)
) ENGINE=InnoDB AUTO_INCREMENT=453 DEFAULT CHARSET=latin1;

/*Data for the table `order_items` */

insert  into `order_items`(`order_item_id`,`order_id`,`item_id`,`seller_id`,`customer_id`,`qty`,`item_price`,`total_price`,`delivery_amount`,`delivery_type`,`payment_type`,`commission_price`,`order_status`,`customer_email`,`customer_phone`,`customer_address`,`landmark`,`pincode`,`city`,`state`,`area`,`time`,`amount_status_paid`,`color`,`size`,`uksize`,`create_at`,`delivery_boy_id`,`delivery_boy_assign`,`deliveryboy_status`,`message_sent`,`customer_seller_km`,`customer_seller_time`,`customer_seller_timevalue`,`invoice_id`,`return_deliveryboy_id`,`expected_delivery_time`,`completed_date`,`singature`) values (377,359,582,140,117,1,'21990','21990','0',NULL,2,'2638.80',1,'bayapureddy004@gmail.com','8500226782','venkatarao nagar kukatpalli',NULL,'500078','hyderabad','telangana',0,'2 hours','0','Black','64GB','','2017-10-27 19:49:14',101,1,0,NULL,'6.3 km','21 mins','1268',NULL,101,NULL,NULL,NULL),(378,360,580,140,117,1,'9990','9990','0',NULL,3,'1198.80',1,'bayapureddy004@gmail.com','8500226782','venkatarao nagar kukatpalli',NULL,'500078','hyderabad','telangana',0,'','0','gold','16GB','','2017-10-27 19:59:49',101,1,0,NULL,'6.3 km','21 mins','1268',NULL,NULL,NULL,NULL,NULL),(379,361,581,140,117,1,'9990','9990','0',NULL,3,'1198.80',5,'bayapureddy004@gmail.com','8500226782','Dharma Reddy Colony Phase II  Kukatpally',NULL,'500090','Hyderabad','Telangana ',0,'','1','','','','2017-10-27 20:03:44',101,1,0,NULL,'1.4 km','8 mins','502',NULL,101,NULL,NULL,NULL),(380,362,582,140,117,1,'21990','21990','0',NULL,3,'2638.80',1,'bayapureddy004@gmail.com','8500226782','Dharma Reddy Colony Phase II  Kukatpally',NULL,'500090','Hyderabad','Telangana ',0,'','0','Black','64GB','','2017-10-27 20:25:37',113,1,1,NULL,'1.4 km','8 mins','502',NULL,NULL,NULL,NULL,NULL),(381,363,581,140,118,1,'9990','9990','0',NULL,2,'1198.80',1,'vasudevareddy549@gmail.com','8500050944','venkatarao nagar, hyderbad',NULL,'500072','hyderabad','hyderabad',0,NULL,'1','Black','16GB','','2017-10-27 20:50:12',113,1,0,NULL,'5.0 km','16 mins','936',NULL,NULL,NULL,NULL,NULL),(382,364,582,140,118,1,'21990','21990','0',NULL,3,'2638.80',1,'vasudevareddy549@gmail.com','8500050944','venkatarao nagar, hyderbad',NULL,'500072','hyderabad','hyderabad',0,'2 hours','0','Black','64GB','','2017-10-27 21:33:55',113,1,0,NULL,'5.0 km','16 mins','936',NULL,NULL,NULL,NULL,NULL),(383,365,582,140,118,1,'21990','21990','0',NULL,3,'2638.80',5,'vasudevareddy549@gmail.com','8500050944','venkatarao nagar, hyderbad',NULL,'500072','hyderabad','hyderabad',0,'2 hours','1','Black','64GB','','2017-10-27 21:36:35',113,1,0,NULL,'5.0 km','16 mins','936',NULL,113,NULL,NULL,NULL),(384,366,580,140,118,1,'9990','9990','0',NULL,3,'1198.80',1,'vasudevareddy549@gmail.com','8500050944','venkatarao nagar, hyderbad',NULL,'500072','hyderabad','hyderabad',0,'2 hours','1','gold','16GB','','2017-10-27 21:42:52',113,1,0,NULL,'5.0 km','16 mins','936',NULL,NULL,NULL,NULL,NULL),(385,367,581,140,118,1,'9990','9990','0',NULL,3,'1198.80',1,'vasudevareddy549@gmail.com','8500050944','venkatarao nagar, hyderbad',NULL,'500072','hyderabad','hyderabad',NULL,NULL,'1','Black','16GB',NULL,'2017-10-27 22:12:06',101,1,0,NULL,'5.0 km','16 mins','936',NULL,NULL,NULL,NULL,NULL),(386,368,582,140,118,1,'21990','21990','0',NULL,2,'2638.80',1,'vasudevareddy549@gmail.com','8500050944','venkatarao nagar, hyderbad',NULL,'500072','hyderabad','hyderabad',0,'2 hours','0','Black','64GB','','2017-10-27 22:21:30',113,1,0,NULL,'5.0 km','16 mins','936',NULL,NULL,NULL,NULL,NULL),(387,369,582,140,118,1,'21990','21990','0',NULL,3,'2638.80',1,'vasudevareddy549@gmail.com','8500050944','venkatarao nagar, hyderbad',NULL,'500072','hyderabad','ts',0,'2 hours','1','Black','64GB','','2017-10-27 22:22:40',113,1,0,NULL,'16.2 km','46 mins','2788',NULL,NULL,NULL,NULL,NULL),(388,370,580,140,99,1,'9990','9990','0',NULL,NULL,'1198.80',1,'fais.riz@gmail.com','9916296306','Anjayyya Nagar, Moosapet Anjayyya Nagar, Moosapet',NULL,'500018','hyderabad','telangana',NULL,NULL,NULL,'','',NULL,'2017-10-27 22:31:36',113,1,0,NULL,'','','',NULL,NULL,NULL,NULL,NULL),(389,371,581,140,118,1,'9990','9990','0',NULL,3,'1198.80',1,'vasudevareddy549@gmail.com','8500050944','venkatarao nagar, hyderbad',NULL,'500072','hyderabad','hyderabad',0,NULL,'0','Black','16GB','','2017-10-28 10:18:02',101,1,0,NULL,'5.0 km','16 mins','936',NULL,NULL,NULL,NULL,NULL),(390,372,581,140,90,1,'9990','9990','0',NULL,2,'1198.80',5,NULL,'9010121117','16-2-227/248/401, 8th Rd, Sardar Patel Nagar, Hydernagar, Kukatpally Housing Board Colony, Kukatpally, Hyderabad, Telangana 500085, India nndjduddj',NULL,'500085','Hyderabad','India',NULL,NULL,'1','','',NULL,'2017-10-28 10:19:00',101,1,0,NULL,'','','',NULL,113,NULL,NULL,NULL),(391,374,580,140,99,1,'9990','9990','0',NULL,3,'1198.80',1,'fais.riz@gmail.com','9916296306','Anjayyya Nagar, Moosapet Anjayyya Nagar, Moosapet',NULL,'500018','hyderabad','telangana',0,NULL,'0','','','','2017-10-28 10:21:32',101,1,0,NULL,'','','',NULL,NULL,NULL,NULL,NULL),(392,374,582,140,99,3,'21990','65970','0',NULL,3,'7916.40',1,'fais.riz@gmail.com','9916296306','Anjayyya Nagar, Moosapet Anjayyya Nagar, Moosapet',NULL,'500018','hyderabad','telangana',0,NULL,'1','','','','2017-10-28 10:21:32',101,1,0,NULL,'','','',NULL,NULL,NULL,NULL,NULL),(393,375,580,140,119,1,'9990','9990','0',NULL,NULL,'1198.80',1,'','7095235504','Sardar Patel Nagar Rd, Sardar Patel Nagar, Bhagat Singh Nagar, Kukatpally Housing Board Colony, Kukatpally, Hyderabad, Telangana 500085, India gshshjsj',NULL,'500085','Hyderabad','India',NULL,NULL,NULL,'','',NULL,'2017-10-28 13:00:30',101,1,0,NULL,'','','',NULL,NULL,NULL,NULL,NULL),(394,376,580,140,119,1,'9990','9990','0',NULL,NULL,'1198.80',1,'','7095235504','Sardar Patel Nagar Rd, Sardar Patel Nagar, Bhagat Singh Nagar, Kukatpally Housing Board Colony, Kukatpally, Hyderabad, Telangana 500085, India gshshjsj',NULL,'500085','Hyderabad','India',NULL,NULL,NULL,'','',NULL,'2017-10-28 14:54:04',113,1,0,NULL,'','','',NULL,NULL,NULL,NULL,NULL),(395,376,581,140,119,1,'9990','9990','0',NULL,NULL,'1198.80',1,'','7095235504','Sardar Patel Nagar Rd, Sardar Patel Nagar, Bhagat Singh Nagar, Kukatpally Housing Board Colony, Kukatpally, Hyderabad, Telangana 500085, India gshshjsj',NULL,'500085','Hyderabad','India',NULL,NULL,NULL,'','',NULL,'2017-10-28 14:54:10',113,1,0,NULL,'','','',NULL,NULL,NULL,NULL,NULL),(396,376,582,140,119,1,'21990','21990','0',NULL,NULL,'2638.80',1,'','7095235504','Sardar Patel Nagar Rd, Sardar Patel Nagar, Bhagat Singh Nagar, Kukatpally Housing Board Colony, Kukatpally, Hyderabad, Telangana 500085, India gshshjsj',NULL,'500085','Hyderabad','India',NULL,NULL,NULL,'','',NULL,'2017-10-28 14:54:15',113,1,0,NULL,'','','',NULL,NULL,NULL,NULL,NULL),(397,377,583,142,99,1,'9129.17','9129.17','0',NULL,2,'1095.50',5,'fais.riz@gmail.com','9916296306','Anjayyya Nagar, Moosapet Anjayyya Nagar, Moosapet',NULL,'500018','hyderabad','telangana',0,'','1','Gold','16GB','','2017-10-28 16:51:24',101,1,0,NULL,'','','',NULL,101,NULL,NULL,NULL),(398,378,583,142,99,1,'9129.17','9129.17','0',NULL,3,'1095.50',1,'fais.riz@gmail.com','9916296306','Anjayyya Nagar, Moosapet Anjayyya Nagar, Moosapet',NULL,'500018','hyderabad','telangana',0,'','0','Gold','16GB','','2017-10-28 17:38:41',101,1,0,NULL,'','','',NULL,NULL,NULL,NULL,NULL),(399,379,582,140,99,1,'22759.65','22759.65','0',NULL,2,'2731.16',1,'fais.riz@gmail.com','9916296306','Anjayyya Nagar, Moosapet Anjayyya Nagar, Moosapet',NULL,'500018','hyderabad','telangana',0,'','0','Black','64GB','','2017-10-28 17:43:57',101,1,0,NULL,'','','',NULL,NULL,NULL,NULL,NULL),(400,381,582,140,99,3,'22759.65','68278.95','0',NULL,2,'8193.47',1,'fais.riz@gmail.com','9916296306','Anjayyya Nagar, Moosapet Anjayyya Nagar, Moosapet',NULL,'500018','hyderabad','telangana',0,'','0','Black','64GB','','2017-10-28 17:44:30',101,1,0,NULL,'','','',NULL,NULL,NULL,NULL,NULL),(401,382,583,142,99,1,'9129.17','9129.17','0',NULL,3,'1095.50',1,'fais.riz@gmail.com','9916296306','Anjayyya Nagar, Moosapet Anjayyya Nagar, Moosapet',NULL,'500018','hyderabad','telangana',0,'','0','Gold','16GB','','2017-10-28 17:55:21',101,1,0,NULL,'','','',NULL,NULL,NULL,NULL,NULL),(402,383,583,142,99,1,'9129.17','9129.17','0',NULL,3,'1095.50',1,'fais.riz@gmail.com','9916296306','Anjayyya Nagar, Moosapet Anjayyya Nagar, Moosapet',NULL,'500018','hyderabad','telangana',0,NULL,'0','Gold','16GB','','2017-10-28 18:09:17',101,1,0,NULL,'','','',NULL,NULL,NULL,NULL,NULL),(403,384,582,140,90,1,'22759.65','22759.65','0',NULL,4,'2731.16',1,NULL,'9010121117','16-2-227/248/401, 8th Rd, Sardar Patel Nagar, Hydernagar, Kukatpally Housing Board Colony, Kukatpally, Hyderabad, Telangana 500085, India nndjduddj',NULL,'500085','Hyderabad','India',NULL,NULL,'1','','',NULL,'2017-10-28 18:38:23',101,1,0,NULL,'','','',NULL,NULL,NULL,NULL,NULL),(404,386,586,140,118,1,'11490','11490','0',NULL,3,'1378.80',1,'vasudevareddy549@gmail.com','8500050944','venkatarao nagar, hyderbad',NULL,'500072','hyderabad','hyderabad',0,NULL,'0','gold','16GB','','2017-10-28 18:57:05',101,1,0,NULL,'5.0 km','16 mins','936',NULL,NULL,NULL,NULL,NULL),(405,387,588,140,100,1,'20990','20990','0',NULL,2,'2518.80',1,'vasudevareddy548@gmail.com','8500050944','kukatpalli  venkatarao nagar',NULL,'500072','hyderabad','telangana',0,'','0','Gold','64GB','','2017-10-28 19:11:25',101,1,0,NULL,'5.5 km','20 mins','1187',NULL,NULL,NULL,NULL,NULL),(406,388,588,140,118,1,'20990','20990','0',NULL,3,'2518.80',1,'vasudevareddy549@gmail.com','8500050944','venkatarao nagar, hyderbad',NULL,'500072','hyderabad','hyderabad',0,NULL,'0','Gold','64GB','','2017-10-28 19:13:08',101,1,0,NULL,'5.0 km','16 mins','936',NULL,NULL,NULL,NULL,NULL),(407,389,588,140,118,1,'20990','20990','0',NULL,2,'2518.80',1,'vasudevareddy549@gmail.com','8500050944','venkatarao nagar, hyderbad',NULL,'500072','hyderabad','hyderabad',0,NULL,'0','Gold','64GB','','2017-10-28 19:18:09',101,1,0,NULL,'5.0 km','16 mins','936',NULL,NULL,NULL,NULL,NULL),(408,390,588,140,118,1,'20990','20990','0',NULL,2,'2518.80',1,'vasudevareddy549@gmail.com','8500050944','venkatarao nagar, hyderbad',NULL,'500072','hyderabad','hyderabad',0,'','1','Gold','64GB','','2017-10-28 19:22:50',101,1,0,NULL,'5.0 km','16 mins','936',NULL,NULL,NULL,NULL,NULL),(409,391,587,140,118,1,'11231.475','11231.475','0',NULL,4,'1347.78',1,'vasudevareddy549@gmail.com','8500050944','venkatarao nagar, hyderbad',NULL,'500072','hyderabad','ts',0,'','1','Black','16GB','','2017-10-28 19:28:34',101,1,0,NULL,'16.2 km','46 mins','2788',NULL,NULL,NULL,NULL,NULL),(410,392,586,140,118,1,'11231.475','11231.475','0',NULL,2,'1347.78',1,'vasudevareddy549@gmail.com','8500050944','venkatarao nagar, hyderbad',NULL,'500072','hyderabad','ts',0,'','0','gold','16GB','','2017-10-28 19:31:35',101,1,0,NULL,'16.2 km','46 mins','2788',NULL,NULL,NULL,NULL,NULL),(412,394,580,140,118,1,'9765.225','9765.225','0',NULL,2,'1171.83',1,'vasudevareddy549@gmail.com','8500050944','venkatarao nagar, hyderbad',NULL,'500072','hyderabad','ts',0,'','0','gold','16GB','','2017-10-28 19:53:40',101,1,0,NULL,'16.2 km','46 mins','2788',NULL,NULL,NULL,NULL,NULL),(413,395,586,140,118,1,'11231.475','11231.475','0',NULL,3,'1347.78',1,'vasudevareddy549@gmail.com','8500050944','venkatarao nagar, hyderbad',NULL,'500072','hyderabad','hyderabad',0,'','0','gold','16GB','','2017-10-28 20:05:32',113,1,0,NULL,'5.0 km','16 mins','936',NULL,NULL,NULL,NULL,NULL),(414,396,586,140,118,1,'11231.475','11231.475','0',NULL,3,'1347.78',1,'vasudevareddy549@gmail.com','8500050944','venkatarao nagar, hyderbad',NULL,'500072','hyderabad','ts',0,'','0','gold','16GB','','2017-10-28 20:11:58',113,1,0,NULL,'16.2 km','46 mins','2788',NULL,NULL,NULL,NULL,NULL),(415,397,596,140,118,1,'12697.725','12697.725','0',NULL,3,'1523.73',1,'vasudevareddy549@gmail.com','8500050944','venkatarao nagar, hyderbad',NULL,'500072','hyderabad','ts',0,'','0','gold','32GB','','2017-10-28 20:46:49',113,1,0,NULL,'16.2 km','46 mins','2788',NULL,NULL,NULL,NULL,NULL),(416,398,596,140,99,1,'12697.725','12697.725',NULL,NULL,3,'1523.73',1,'fais.riz@gmail.com','9916296306','Anjayyya Nagar, Moosapet Anjayyya Nagar, Moosapet',NULL,'500018','hyderabad','telangana',0,'','0','','','','2017-10-30 13:03:02',101,1,0,NULL,'','','',NULL,NULL,NULL,NULL,NULL),(417,399,580,140,99,2,'9765.225','19530.45','0',NULL,3,'2343.65',1,'fais.riz@gmail.com','9916296306','Anjayyya Nagar, Moosapet Anjayyya Nagar, Moosapet',NULL,'500018','hyderabad','telangana',0,NULL,'0','','','','2017-10-30 17:02:16',101,1,0,NULL,'','','',NULL,NULL,NULL,NULL,NULL),(418,400,586,140,99,10,'11231.475','112314.75','0',NULL,3,'13477.77',1,'fais.riz@gmail.com','9916296306','Anjayyya Nagar, Moosapet Anjayyya Nagar, Moosapet',NULL,'500018','hyderabad','telangana',0,'','0','gold','16GB','','2017-10-30 18:12:46',113,1,0,NULL,'','','',NULL,NULL,NULL,NULL,NULL),(419,400,587,140,99,10,'11231.475','112314.75','0',NULL,3,'13477.77',1,'fais.riz@gmail.com','9916296306','Anjayyya Nagar, Moosapet Anjayyya Nagar, Moosapet',NULL,'500018','hyderabad','telangana',0,'','0','','','','2017-10-30 18:12:46',113,1,0,NULL,'','','',NULL,NULL,NULL,NULL,NULL),(420,402,582,140,99,1,'21495.225','21495.225','0',NULL,3,'2579.43',5,'fais.riz@gmail.com','9916296306','Anjayyya Nagar, Moosapet Anjayyya Nagar, Moosapet',NULL,'500018','hyderabad','telangana',0,NULL,'0','Black','64GB','','2017-10-30 18:47:08',113,1,0,NULL,'','','',NULL,NULL,NULL,NULL,NULL),(421,403,589,140,99,1,'20990','20990','0',NULL,3,'2518.80',1,'fais.riz@gmail.com','9916296306','Anjayyya Nagar, Moosapet Anjayyya Nagar, Moosapet',NULL,'500018','hyderabad','telangana',0,NULL,'0','Black','64GB','','2017-10-30 18:51:56',113,1,0,NULL,'','','',NULL,NULL,NULL,NULL,NULL),(422,404,587,140,99,1,'11231.475','11231.475','0',NULL,3,'1347.78',1,'fais.riz@gmail.com','9916296306','Anjayyya Nagar, Moosapet Anjayyya Nagar, Moosapet',NULL,'500018','hyderabad','telangana',0,NULL,'0','Black','16GB','','2017-10-30 19:05:32',113,1,0,NULL,'','','',NULL,NULL,NULL,NULL,NULL),(423,405,587,140,99,1,'11231.475','11231.475','0',NULL,3,'1347.78',1,'fais.riz@gmail.com','9916296306','Anjayyya Nagar, Moosapet Anjayyya Nagar, Moosapet',NULL,'500018','hyderabad','telangana',0,'','0','Black','16GB','','2017-10-31 13:04:32',101,1,0,NULL,'','','',NULL,NULL,NULL,NULL,NULL),(424,406,589,140,118,1,'20990','20990','0',NULL,3,'2518.80',1,'vasudevareddy549@gmail.com','8500050944','venkatarao nagar, hyderbad',NULL,'500018','hyderabad','ts',0,'2 hours','1','','','','2017-10-31 15:32:32',113,1,0,NULL,'16.2 km','46 mins','2788',NULL,NULL,NULL,NULL,NULL),(425,406,582,140,118,1,'21495.225','21495.225','0',NULL,3,'2579.43',1,'vasudevareddy549@gmail.com','8500050944','venkatarao nagar, hyderbad',NULL,'500018','hyderabad','ts',0,'2 hours','0','Black','64GB','','2017-10-31 15:32:32',113,1,0,NULL,'16.2 km','46 mins','2788',NULL,NULL,NULL,NULL,NULL),(426,407,588,140,99,1,'21724.65','21724.65','0',NULL,3,'2606.96',1,'fais.riz@gmail.com','9916296306','Anjayyya Nagar, Moosapet Anjayyya Nagar, Moosapet',NULL,'500018','hyderabad','telangana',0,'2 hours','0','Gold','64GB','','2017-10-31 15:38:01',113,1,0,NULL,'','','',NULL,NULL,NULL,NULL,NULL),(427,407,586,140,99,1,'11231.475','11231.475','0',NULL,3,'1347.78',1,'fais.riz@gmail.com','9916296306','Anjayyya Nagar, Moosapet Anjayyya Nagar, Moosapet',NULL,'500018','hyderabad','telangana',0,'2 hours','1','gold','16GB','','2017-10-31 15:38:01',113,1,0,NULL,'','','',NULL,NULL,NULL,NULL,NULL),(428,408,589,140,99,1,'20990','20990','0',NULL,3,'2518.80',1,'fais.riz@gmail.com','9916296306','Anjayyya Nagar, Moosapet Anjayyya Nagar, Moosapet',NULL,'500018','hyderabad','telangana',0,'2 hours','0','','','','2017-10-31 15:45:30',113,1,0,NULL,'','','',NULL,NULL,NULL,NULL,NULL),(429,408,591,141,99,1,'17990','17990','0',NULL,2,'2158.80',1,'fais.riz@gmail.com','9916296306','Anjayyya Nagar, Moosapet Anjayyya Nagar, Moosapet',NULL,'500018','hyderabad','telangana',0,'2 hours','1','Black','64GB','','2017-10-31 15:45:30',101,1,0,NULL,'','','',NULL,NULL,NULL,NULL,NULL),(430,409,592,141,99,1,'17990','17990','0',NULL,3,'2158.80',1,'fais.riz@gmail.com','9916296306','Anjayyya Nagar, Moosapet Anjayyya Nagar, Moosapet',NULL,'500018','hyderabad','telangana',0,NULL,'0','gold','64GB','','2017-10-31 15:51:34',113,1,0,NULL,'','','',NULL,NULL,NULL,NULL,NULL),(431,410,851,140,99,1,'9650.34','9650.34','0',NULL,NULL,'1158.04',1,'fais.riz@gmail.com','9916296306','Anjayyya Nagar, Moosapet Anjayyya Nagar, Moosapet',NULL,'500018','hyderabad','telangana',NULL,NULL,NULL,'','',NULL,'2017-10-31 18:13:37',113,1,0,NULL,'','','',NULL,NULL,NULL,NULL,NULL),(432,412,851,140,99,1,'9650.34','9650.34','0',NULL,NULL,'1158.04',1,'fais.riz@gmail.com','9916296306','Anjayyya Nagar, Moosapet Anjayyya Nagar, Moosapet',NULL,'500018','hyderabad','telangana',NULL,NULL,NULL,'','',NULL,'2017-10-31 18:14:48',113,1,0,NULL,'','','',NULL,NULL,NULL,NULL,NULL),(433,413,851,140,99,1,NULL,'0','75',NULL,NULL,'0.00',1,'fais.riz@gmail.com','9916296306','Anjayyya Nagar, Moosapet Anjayyya Nagar, Moosapet',NULL,'500018','hyderabad','telangana',NULL,NULL,NULL,'','',NULL,'2017-10-31 23:15:11',113,1,0,NULL,'','','',NULL,NULL,NULL,NULL,NULL),(434,418,581,140,90,1,'9765.225','9765.225','0',NULL,NULL,'1171.83',1,NULL,'9010121117','kukatpally kphb',NULL,'500012','Hyderabad','telangana',NULL,NULL,NULL,'','',NULL,'2017-11-01 12:26:09',113,1,0,NULL,'2.3 km','11 mins','680',NULL,NULL,NULL,NULL,NULL),(435,418,586,140,90,1,'11231.475','11231.475','0',NULL,NULL,'1347.78',1,NULL,'9010121117','kukatpally kphb',NULL,'500012','Hyderabad','telangana',NULL,NULL,NULL,'','',NULL,'2017-11-01 12:26:14',113,1,0,NULL,'2.3 km','11 mins','680',NULL,NULL,NULL,NULL,NULL),(436,418,599,141,90,1,'9990','9990','0',NULL,NULL,'1198.80',1,NULL,'9010121117','kukatpally kphb',NULL,'500012','Hyderabad','telangana',NULL,NULL,NULL,'','',NULL,'2017-11-01 12:26:19',113,1,0,NULL,'','','',NULL,NULL,NULL,NULL,NULL),(437,418,580,140,90,1,'9765.225','9765.225','0',NULL,NULL,'1171.83',1,NULL,'9010121117','kukatpally kphb',NULL,'500012','Hyderabad','telangana',NULL,NULL,NULL,'','',NULL,'2017-11-01 12:26:25',113,1,0,NULL,'2.3 km','11 mins','680',NULL,NULL,NULL,NULL,NULL),(438,418,587,140,90,1,'11231.475','11231.475','0',NULL,NULL,'1347.78',1,NULL,'9010121117','kukatpally kphb',NULL,'500012','Hyderabad','telangana',NULL,NULL,NULL,'','',NULL,'2017-11-01 12:26:31',113,1,0,NULL,'2.3 km','11 mins','680',NULL,NULL,NULL,NULL,NULL),(439,418,0,NULL,90,1,NULL,'0','75',NULL,NULL,'0.00',1,NULL,'9010121117','kukatpally kphb',NULL,'500012','Hyderabad','telangana',NULL,NULL,NULL,'','',NULL,'2017-11-01 12:26:36',113,1,0,NULL,'','','',NULL,NULL,NULL,NULL,NULL),(440,422,863,140,90,1,'13514.34','13514.34','0',NULL,NULL,'1621.72',1,NULL,'9010121117','kukatpally kphb',NULL,'500012','Hyderabad','telangana',NULL,NULL,NULL,'','',NULL,'2017-11-01 12:30:43',113,1,0,NULL,'2.3 km','11 mins','680',NULL,NULL,NULL,NULL,NULL),(441,424,853,140,90,1,'9650.34','9650.34','0',NULL,NULL,'1158.04',1,NULL,'9010121117','16-2-227/248/401, 8th Rd, Sardar Patel Nagar, Hydernagar, Kukatpally Housing Board Colony, Kukatpally, Hyderabad, Telangana 500085, India xyz',NULL,'500085','Hyderabad','India',NULL,NULL,NULL,'','',NULL,'2017-11-01 22:08:53',101,1,0,NULL,'','','',NULL,NULL,NULL,NULL,NULL),(442,424,854,140,90,1,'13514.34','13514.34','0',NULL,NULL,'1621.72',1,NULL,'9010121117','16-2-227/248/401, 8th Rd, Sardar Patel Nagar, Hydernagar, Kukatpally Housing Board Colony, Kukatpally, Hyderabad, Telangana 500085, India xyz',NULL,'500085','Hyderabad','India',NULL,NULL,NULL,'','',NULL,'2017-11-01 22:08:58',113,1,0,NULL,'','','',NULL,NULL,NULL,NULL,NULL),(443,437,852,140,90,1,'9650.34','9650.34','0',NULL,2,'1158.04',1,NULL,'9010121117','16-2-227/248/401, 8th Rd, Sardar Patel Nagar, Hydernagar, Kukatpally Housing Board Colony, Kukatpally, Hyderabad, Telangana 500085, India nndjduddj',NULL,'500085','Hyderabad','India',NULL,NULL,'1','','',NULL,'2017-11-02 23:38:20',113,1,0,NULL,'','','',NULL,NULL,NULL,NULL,NULL),(444,438,851,140,118,1,'9650.34','9650.34','0',NULL,3,'1158.04',5,'vasudevareddy549@gmail.com','8500050944','venkatarao nagar, hyderbad',NULL,'500072','hyderabad','telangana',0,NULL,'1','gold','16GB','','2017-11-04 11:19:54',101,0,1,NULL,'6.3 km','21 mins','1265',NULL,101,NULL,'2017-12-11 11:22:11','vasu'),(445,438,853,140,118,1,'9650.34','9650.34',NULL,NULL,2,'1158.04',1,'vasudevareddy549@gmail.com','8500050944','venkatarao nagar, hyderbad',NULL,'500072','hyderabad','telangana',0,NULL,'1','','','','2017-11-04 11:19:54',101,1,0,NULL,'6.3 km','21 mins','1265',NULL,NULL,NULL,NULL,NULL),(446,439,857,140,140,1,'18344.34','18344.34','0',NULL,3,'2201.32',1,'chandulalv.lal@gmail.com','9441903999','3-364, sardarpatel nagar,  KPHB Man Road,Kukatpally,Hyderabad- 500072.',NULL,'500072','Hyderabad','Telangana',0,'Min 2 hrs - Max 24 hrs','1','black','64GB','','2017-11-04 11:27:44',101,1,0,NULL,'12.5 km','37 mins','2212',NULL,101,NULL,NULL,NULL),(447,440,857,140,99,1,'18344.34','18344.34','0',NULL,NULL,'2201.32',1,'fais.riz@gmail.com','9916296306','anjayya nagar Moosapet',NULL,'500018','Hyderabad','Telangana',NULL,NULL,NULL,'','',NULL,'2017-11-06 10:04:12',101,1,0,NULL,'6.7 km','20 mins','1184',NULL,NULL,NULL,NULL,NULL),(448,441,868,140,103,1,'21242.34','21242.34','0',NULL,3,'2549.08',1,'pushkar.avi@gmail.com','9494422779','Sri vani nilayam Sardar patel nagar',NULL,'500072','Hyderabad','Telangana',0,'Min 2 hrs - Max 24 hrs','0','Black','64GB','','2017-11-06 10:17:04',101,1,0,NULL,'0.2 km','2 mins','94',NULL,NULL,NULL,NULL,NULL),(449,442,866,140,99,1,'17378.34','17378.34','0',NULL,2,'2085.40',1,'fais.riz@gmail.com','9916296306','Anjaiah Nagar Moosapet',NULL,'500018','Hyderabad','Telangana',NULL,NULL,'1','','',NULL,'2017-11-06 11:20:28',101,1,0,NULL,'24.1 km','1 hour 3 mins','3771',NULL,NULL,NULL,NULL,NULL),(450,446,852,140,118,1,'9650.34','9650.34','0',NULL,2,'1158.04',1,'vasudevareddy549@gmail.com','8500050944','venkatarao nagar, hyderbad','community hall','500072','hyderabad','telangana',0,'Min 2 hrs - Max 24 hrs','0','','','','2017-11-08 14:54:50',NULL,0,0,NULL,NULL,NULL,NULL,NULL,NULL,' today 10 pm',NULL,NULL),(451,447,852,140,118,1,'9650.34','9650.34','0',NULL,2,'1158.04',1,'vasudevareddy549@gmail.com','8500050944','venkatarao nagar, hyderbad','community hall','500072','hyderabad','telangana ',0,'Min 2 hrs - Max 24 hrs','0','black','16GB','','2017-11-08 15:09:07',NULL,0,0,NULL,NULL,NULL,NULL,NULL,NULL,' today 10 pm',NULL,NULL),(452,448,895,140,118,1,'1699','1699','0',NULL,3,'203.88',1,'vasudevareddy549@gmail.com','8500050944','venkatarao nagar, kukatpalli','community hall','500072','hyderabad','telangana',0,'Min 2 hrs - Max 24 hrs','0','blue','','','2017-11-08 15:22:55',NULL,0,0,NULL,NULL,NULL,NULL,NULL,NULL,' today 10 pm',NULL,NULL);

/*Table structure for table `order_status` */

DROP TABLE IF EXISTS `order_status`;

CREATE TABLE `order_status` (
  `status_id` int(11) NOT NULL AUTO_INCREMENT,
  `order_item_id` int(11) DEFAULT NULL,
  `order_id` int(11) DEFAULT NULL,
  `item_id` int(11) DEFAULT NULL,
  `status_confirmation` int(11) DEFAULT NULL,
  `status_packing` int(11) DEFAULT NULL,
  `status_road` int(11) DEFAULT NULL,
  `status_deliverd` int(11) DEFAULT '0',
  `status_refund` enum('Refund','Exchange','Replacement','cancel') DEFAULT NULL,
  `region` text,
  `color` varchar(250) DEFAULT NULL,
  `size` varchar(250) DEFAULT NULL,
  `uksize` varchar(250) DEFAULT NULL,
  `create_time` datetime DEFAULT NULL,
  `update_time` datetime DEFAULT NULL,
  `delivery_boy_id` int(11) DEFAULT NULL,
  `comments` text,
  `reason` varchar(250) DEFAULT NULL,
  `cancel_date` datetime DEFAULT NULL,
  PRIMARY KEY (`status_id`)
) ENGINE=InnoDB AUTO_INCREMENT=491 DEFAULT CHARSET=latin1;

/*Data for the table `order_status` */

insert  into `order_status`(`status_id`,`order_item_id`,`order_id`,`item_id`,`status_confirmation`,`status_packing`,`status_road`,`status_deliverd`,`status_refund`,`region`,`color`,`size`,`uksize`,`create_time`,`update_time`,`delivery_boy_id`,`comments`,`reason`,`cancel_date`) values (318,277,279,417,5,2,3,0,'cancel',NULL,NULL,NULL,NULL,'2017-10-26 10:50:29','2017-10-26 10:50:29',NULL,'9876543210','order placed by mistake',NULL),(319,278,280,413,1,2,3,4,NULL,NULL,NULL,NULL,NULL,'2017-10-26 01:21:13','2017-10-26 01:21:13',NULL,NULL,NULL,NULL),(320,279,281,412,1,2,3,4,NULL,NULL,NULL,NULL,NULL,'2017-10-26 01:22:34','2017-10-26 01:22:34',NULL,NULL,NULL,NULL),(321,280,282,413,1,2,NULL,0,NULL,NULL,NULL,NULL,NULL,'2017-10-26 01:25:04','2017-10-26 01:25:04',NULL,NULL,NULL,NULL),(322,281,283,413,1,2,3,4,NULL,NULL,NULL,NULL,NULL,'2017-10-26 02:33:22','2017-10-26 02:33:22',NULL,NULL,NULL,NULL),(323,282,284,409,1,NULL,NULL,0,NULL,NULL,NULL,NULL,NULL,'2017-10-26 02:35:59','2017-10-26 02:35:59',NULL,NULL,NULL,NULL),(324,283,285,409,1,NULL,NULL,0,NULL,NULL,NULL,NULL,NULL,'2017-10-26 02:54:04','2017-10-26 02:54:04',NULL,NULL,NULL,NULL),(325,284,285,411,1,NULL,NULL,0,NULL,NULL,NULL,NULL,NULL,'2017-10-26 02:54:04','2017-10-26 02:54:04',NULL,NULL,NULL,NULL),(326,285,285,416,1,NULL,NULL,0,NULL,NULL,NULL,NULL,NULL,'2017-10-26 02:54:04','2017-10-26 02:54:04',NULL,NULL,NULL,NULL),(327,286,285,416,1,NULL,NULL,0,NULL,NULL,NULL,NULL,NULL,'2017-10-26 02:54:04','2017-10-26 02:54:04',NULL,NULL,NULL,NULL),(328,287,285,416,1,NULL,NULL,0,NULL,NULL,NULL,NULL,NULL,'2017-10-26 02:54:04','2017-10-26 02:54:04',NULL,NULL,NULL,NULL),(329,288,286,409,1,NULL,NULL,0,NULL,NULL,NULL,NULL,NULL,'2017-10-26 02:58:18','2017-10-26 02:58:18',NULL,NULL,NULL,NULL),(330,289,286,411,1,NULL,NULL,0,NULL,NULL,NULL,NULL,NULL,'2017-10-26 02:58:18','2017-10-26 02:58:18',NULL,NULL,NULL,NULL),(331,290,286,416,1,NULL,NULL,0,NULL,NULL,NULL,NULL,NULL,'2017-10-26 02:58:18','2017-10-26 02:58:18',NULL,NULL,NULL,NULL),(332,291,286,416,1,NULL,NULL,0,NULL,NULL,NULL,NULL,NULL,'2017-10-26 02:58:18','2017-10-26 02:58:18',NULL,NULL,NULL,NULL),(333,292,286,416,1,NULL,NULL,0,NULL,NULL,NULL,NULL,NULL,'2017-10-26 02:58:18','2017-10-26 02:58:18',NULL,NULL,NULL,NULL),(334,293,287,413,1,NULL,NULL,0,NULL,NULL,NULL,NULL,NULL,'2017-10-26 02:59:50','2017-10-26 02:59:50',NULL,NULL,NULL,NULL),(335,294,288,409,1,NULL,NULL,0,NULL,NULL,NULL,NULL,NULL,'2017-10-26 03:02:58','2017-10-26 03:02:58',NULL,NULL,NULL,NULL),(336,295,289,412,1,NULL,NULL,0,NULL,NULL,NULL,NULL,NULL,'2017-10-26 03:04:50','2017-10-26 03:04:50',NULL,NULL,NULL,NULL),(337,296,290,409,1,NULL,NULL,0,NULL,NULL,NULL,NULL,NULL,'2017-10-26 03:17:23','2017-10-26 03:17:23',NULL,NULL,NULL,NULL),(338,297,290,411,1,NULL,NULL,0,NULL,NULL,NULL,NULL,NULL,'2017-10-26 03:17:23','2017-10-26 03:17:23',NULL,NULL,NULL,NULL),(339,298,290,416,1,NULL,NULL,0,NULL,NULL,NULL,NULL,NULL,'2017-10-26 03:17:23','2017-10-26 03:17:23',NULL,NULL,NULL,NULL),(340,299,290,416,1,NULL,NULL,0,NULL,NULL,NULL,NULL,NULL,'2017-10-26 03:17:23','2017-10-26 03:17:23',NULL,NULL,NULL,NULL),(341,300,290,416,1,NULL,NULL,0,NULL,NULL,NULL,NULL,NULL,'2017-10-26 03:17:23','2017-10-26 03:17:23',NULL,NULL,NULL,NULL),(342,301,291,409,1,NULL,NULL,0,NULL,NULL,NULL,NULL,NULL,'2017-10-26 03:20:39','2017-10-26 03:20:39',NULL,NULL,NULL,NULL),(343,302,291,411,1,NULL,NULL,0,NULL,NULL,NULL,NULL,NULL,'2017-10-26 03:20:39','2017-10-26 03:20:39',NULL,NULL,NULL,NULL),(344,303,291,416,1,NULL,NULL,0,NULL,NULL,NULL,NULL,NULL,'2017-10-26 03:20:39','2017-10-26 03:20:39',NULL,NULL,NULL,NULL),(345,304,291,416,1,NULL,NULL,0,NULL,NULL,NULL,NULL,NULL,'2017-10-26 03:20:39','2017-10-26 03:20:39',NULL,NULL,NULL,NULL),(346,305,291,416,1,NULL,NULL,0,NULL,NULL,NULL,NULL,NULL,'2017-10-26 03:20:39','2017-10-26 03:20:39',NULL,NULL,NULL,NULL),(347,306,292,409,1,NULL,NULL,0,NULL,NULL,NULL,NULL,NULL,'2017-10-26 03:21:44','2017-10-26 03:21:44',NULL,NULL,NULL,NULL),(348,307,292,411,1,NULL,NULL,0,NULL,NULL,NULL,NULL,NULL,'2017-10-26 03:21:44','2017-10-26 03:21:44',NULL,NULL,NULL,NULL),(349,308,292,416,1,NULL,NULL,0,NULL,NULL,NULL,NULL,NULL,'2017-10-26 03:21:44','2017-10-26 03:21:44',NULL,NULL,NULL,NULL),(350,309,292,416,1,NULL,NULL,0,NULL,NULL,NULL,NULL,NULL,'2017-10-26 03:21:44','2017-10-26 03:21:44',NULL,NULL,NULL,NULL),(351,310,292,416,1,2,3,4,NULL,NULL,NULL,NULL,NULL,'2017-10-26 03:21:44','2017-10-26 03:21:44',NULL,NULL,NULL,NULL),(352,311,293,413,1,NULL,NULL,0,NULL,NULL,NULL,NULL,NULL,'2017-10-26 03:24:16','2017-10-26 03:24:16',NULL,NULL,NULL,NULL),(353,312,295,413,1,NULL,NULL,0,NULL,NULL,NULL,NULL,NULL,'2017-10-26 03:26:02','2017-10-26 03:26:02',NULL,NULL,NULL,NULL),(354,313,296,409,1,NULL,NULL,0,NULL,NULL,NULL,NULL,NULL,'2017-10-26 03:35:10','2017-10-26 03:35:10',NULL,NULL,NULL,NULL),(355,314,297,413,1,NULL,NULL,0,NULL,NULL,NULL,NULL,NULL,'2017-10-26 03:35:17','2017-10-26 03:35:17',NULL,NULL,NULL,NULL),(356,315,298,412,1,NULL,NULL,0,NULL,NULL,NULL,NULL,NULL,'2017-10-26 04:20:41','2017-10-26 04:20:41',NULL,NULL,NULL,NULL),(357,316,299,412,1,NULL,NULL,0,NULL,NULL,NULL,NULL,NULL,'2017-10-26 04:20:50','2017-10-26 04:20:50',NULL,NULL,NULL,NULL),(358,317,300,413,1,NULL,NULL,0,NULL,NULL,NULL,NULL,NULL,'2017-10-26 04:23:02','2017-10-26 04:23:02',NULL,NULL,NULL,NULL),(359,318,301,413,1,2,3,4,NULL,NULL,NULL,NULL,NULL,'2017-10-26 04:23:11','2017-10-26 04:23:11',NULL,NULL,NULL,NULL),(360,319,302,409,1,2,3,4,NULL,NULL,NULL,NULL,NULL,'2017-10-26 04:27:59','2017-10-26 04:27:59',NULL,NULL,NULL,NULL),(361,320,303,409,1,NULL,NULL,0,NULL,NULL,NULL,NULL,NULL,'2017-10-26 04:28:07','2017-10-26 04:28:07',NULL,NULL,NULL,NULL),(362,321,303,411,1,NULL,NULL,0,NULL,NULL,NULL,NULL,NULL,'2017-10-26 04:28:07','2017-10-26 04:28:07',NULL,NULL,NULL,NULL),(363,322,304,409,1,NULL,NULL,0,NULL,NULL,NULL,NULL,NULL,'2017-10-26 04:31:35','2017-10-26 04:31:35',NULL,NULL,NULL,NULL),(364,323,305,409,1,NULL,NULL,0,NULL,NULL,NULL,NULL,NULL,'2017-10-26 04:39:43','2017-10-26 04:39:43',NULL,NULL,NULL,NULL),(365,324,306,409,1,NULL,NULL,0,NULL,NULL,NULL,NULL,NULL,'2017-10-26 04:41:47','2017-10-26 04:41:47',NULL,NULL,NULL,NULL),(366,325,307,409,1,NULL,NULL,0,NULL,NULL,NULL,NULL,NULL,'2017-10-26 04:43:51','2017-10-26 04:43:51',NULL,NULL,NULL,NULL),(367,326,308,412,1,NULL,NULL,0,NULL,NULL,NULL,NULL,NULL,'2017-10-26 04:44:55','2017-10-26 04:44:55',NULL,NULL,NULL,NULL),(368,327,309,413,1,2,3,4,NULL,NULL,NULL,NULL,NULL,'2017-10-26 04:54:20','2017-10-26 04:54:20',NULL,NULL,NULL,NULL),(369,328,310,413,1,NULL,NULL,0,NULL,NULL,NULL,NULL,NULL,'2017-10-26 05:04:21','2017-10-26 05:04:21',NULL,NULL,NULL,NULL),(370,329,311,412,1,NULL,NULL,0,NULL,NULL,NULL,NULL,NULL,'2017-10-26 05:05:55','2017-10-26 05:05:55',NULL,NULL,NULL,NULL),(371,330,312,409,1,NULL,NULL,0,NULL,NULL,NULL,NULL,NULL,'2017-10-26 05:06:15','2017-10-26 05:06:15',NULL,NULL,NULL,NULL),(372,331,312,411,1,NULL,NULL,0,NULL,NULL,NULL,NULL,NULL,'2017-10-26 05:06:15','2017-10-26 05:06:15',NULL,NULL,NULL,NULL),(373,332,312,416,1,NULL,NULL,0,NULL,NULL,NULL,NULL,NULL,'2017-10-26 05:06:15','2017-10-26 05:06:15',NULL,NULL,NULL,NULL),(374,333,312,416,1,NULL,NULL,0,NULL,NULL,NULL,NULL,NULL,'2017-10-26 05:06:15','2017-10-26 05:06:15',NULL,NULL,NULL,NULL),(375,334,312,416,1,NULL,NULL,0,NULL,NULL,NULL,NULL,NULL,'2017-10-26 05:06:15','2017-10-26 05:06:15',NULL,NULL,NULL,NULL),(376,335,315,409,1,NULL,NULL,0,NULL,NULL,NULL,NULL,NULL,'2017-10-26 05:31:38','2017-10-26 05:31:38',NULL,NULL,NULL,NULL),(377,336,315,410,1,NULL,NULL,0,NULL,NULL,NULL,NULL,NULL,'2017-10-26 05:31:38','2017-10-26 05:31:38',NULL,NULL,NULL,NULL),(378,337,316,411,1,NULL,NULL,0,NULL,NULL,NULL,NULL,NULL,'2017-10-26 05:33:05','2017-10-26 05:33:05',NULL,NULL,NULL,NULL),(379,338,316,412,1,NULL,NULL,0,NULL,NULL,NULL,NULL,NULL,'2017-10-26 05:33:05','2017-10-26 05:33:05',NULL,NULL,NULL,NULL),(380,339,317,409,1,2,3,0,NULL,NULL,NULL,NULL,NULL,'2017-10-26 05:33:57','2017-10-26 05:33:57',NULL,NULL,NULL,NULL),(381,340,317,410,1,2,3,4,NULL,NULL,NULL,NULL,NULL,'2017-10-26 05:33:57','2017-10-26 05:33:57',NULL,NULL,NULL,NULL),(382,341,318,413,1,2,3,4,NULL,NULL,NULL,NULL,NULL,'2017-10-26 05:34:58','2017-10-26 05:34:58',NULL,NULL,NULL,NULL),(383,342,319,413,1,NULL,NULL,0,NULL,NULL,NULL,NULL,NULL,'2017-10-26 06:08:11','2017-10-26 06:08:11',NULL,NULL,NULL,NULL),(384,343,320,409,1,2,3,4,NULL,NULL,NULL,NULL,NULL,'2017-10-26 06:10:43','2017-10-26 06:10:43',NULL,NULL,NULL,NULL),(385,344,321,412,1,NULL,NULL,0,NULL,NULL,NULL,NULL,NULL,'2017-10-26 06:19:43','2017-10-26 06:19:43',NULL,NULL,NULL,NULL),(386,345,322,411,1,NULL,NULL,0,NULL,NULL,NULL,NULL,NULL,'2017-10-26 06:29:52','2017-10-26 06:29:52',NULL,NULL,NULL,NULL),(387,346,323,412,1,NULL,NULL,0,NULL,NULL,NULL,NULL,NULL,'2017-10-26 06:31:18','2017-10-26 06:31:18',NULL,NULL,NULL,NULL),(388,347,324,409,1,NULL,NULL,0,NULL,NULL,NULL,NULL,NULL,'2017-10-26 06:34:28','2017-10-26 06:34:28',NULL,NULL,NULL,NULL),(389,348,325,411,1,2,3,4,NULL,NULL,NULL,NULL,NULL,'2017-10-26 06:34:36','2017-10-26 06:34:36',NULL,NULL,NULL,NULL),(390,349,326,411,1,NULL,NULL,0,NULL,NULL,NULL,NULL,NULL,'2017-10-26 06:43:52','2017-10-26 06:43:52',NULL,NULL,NULL,NULL),(391,350,327,409,1,2,3,4,NULL,NULL,NULL,NULL,NULL,'2017-10-26 06:45:01','2017-10-26 06:45:01',NULL,NULL,NULL,NULL),(392,351,328,411,1,NULL,NULL,0,NULL,NULL,NULL,NULL,NULL,'2017-10-26 06:47:52','2017-10-26 06:47:52',NULL,NULL,NULL,NULL),(393,352,329,411,1,2,3,4,NULL,NULL,NULL,NULL,NULL,'2017-10-26 06:48:24','2017-10-26 06:48:24',NULL,NULL,NULL,NULL),(394,353,330,411,1,NULL,NULL,0,NULL,NULL,NULL,NULL,NULL,'2017-10-26 06:53:06','2017-10-26 06:53:06',NULL,NULL,NULL,NULL),(395,354,331,412,1,NULL,NULL,0,NULL,NULL,NULL,NULL,NULL,'2017-10-26 06:53:54','2017-10-26 06:53:54',NULL,NULL,NULL,NULL),(396,355,332,411,1,2,3,4,NULL,NULL,NULL,NULL,NULL,'2017-10-26 07:01:54','2017-10-26 07:01:54',NULL,NULL,NULL,NULL),(397,356,333,411,1,2,3,4,NULL,NULL,NULL,NULL,NULL,'2017-10-26 07:02:19','2017-10-26 07:02:19',NULL,NULL,NULL,NULL),(398,357,334,411,1,2,3,4,NULL,NULL,NULL,NULL,NULL,'2017-10-26 07:02:36','2017-10-26 07:02:36',NULL,NULL,NULL,NULL),(399,358,335,411,1,2,3,0,NULL,NULL,NULL,NULL,NULL,'2017-10-26 07:02:40','2017-10-26 07:02:40',NULL,NULL,NULL,NULL),(400,359,336,409,1,NULL,NULL,0,NULL,NULL,NULL,NULL,NULL,'2017-10-26 07:19:54','2017-10-26 07:19:54',NULL,NULL,NULL,NULL),(401,360,337,409,1,NULL,NULL,0,NULL,NULL,NULL,NULL,NULL,'2017-10-26 07:21:27','2017-10-26 07:21:27',NULL,NULL,NULL,NULL),(402,361,338,1056,1,NULL,NULL,0,NULL,NULL,NULL,NULL,NULL,'2017-10-26 07:22:12','2017-10-26 07:22:12',NULL,NULL,NULL,NULL),(403,362,340,411,1,NULL,NULL,0,NULL,NULL,NULL,NULL,NULL,'2017-10-26 07:26:01','2017-10-26 07:26:01',NULL,NULL,NULL,NULL),(404,363,341,411,1,2,3,4,'Refund','mkkjk',NULL,'','','2017-10-26 07:27:58','2017-10-27 17:00:41',NULL,NULL,NULL,NULL),(405,364,342,530,1,NULL,NULL,0,NULL,NULL,NULL,NULL,NULL,'2017-10-26 07:49:38','2017-10-26 07:49:38',NULL,NULL,NULL,NULL),(406,365,343,413,1,2,3,4,NULL,NULL,NULL,NULL,NULL,'2017-10-26 07:49:46','2017-10-26 07:49:46',NULL,NULL,NULL,NULL),(407,366,344,530,1,2,3,4,NULL,NULL,NULL,NULL,NULL,'2017-10-26 07:51:19','2017-10-26 07:51:19',NULL,NULL,NULL,NULL),(408,367,345,409,1,2,3,4,NULL,NULL,NULL,NULL,NULL,'2017-10-26 07:59:14','2017-10-26 07:59:14',NULL,NULL,NULL,NULL),(409,368,346,409,1,NULL,NULL,0,NULL,NULL,NULL,NULL,NULL,'2017-10-27 08:57:36','2017-10-27 08:57:36',NULL,NULL,NULL,NULL),(410,369,346,412,1,2,3,4,NULL,NULL,NULL,NULL,NULL,'2017-10-27 08:57:41','2017-10-27 08:57:41',NULL,NULL,NULL,NULL),(411,370,347,409,1,2,3,4,NULL,NULL,NULL,NULL,NULL,'2017-10-27 11:48:47','2017-10-27 11:48:47',NULL,NULL,NULL,NULL),(412,372,349,572,1,NULL,NULL,0,NULL,NULL,NULL,NULL,NULL,'2017-10-27 05:34:05','2017-10-27 05:34:05',NULL,NULL,NULL,NULL),(413,373,350,572,1,NULL,NULL,0,NULL,NULL,NULL,NULL,NULL,'2017-10-27 05:38:02','2017-10-27 05:38:02',NULL,NULL,NULL,NULL),(414,374,351,572,1,2,3,4,NULL,NULL,NULL,NULL,NULL,'2017-10-27 05:50:08','2017-10-27 05:50:08',NULL,NULL,NULL,NULL),(415,375,352,573,1,NULL,NULL,0,NULL,NULL,NULL,NULL,NULL,'2017-10-27 05:56:19','2017-10-27 05:56:19',NULL,NULL,NULL,NULL),(416,376,353,576,1,NULL,NULL,0,NULL,NULL,NULL,NULL,NULL,'2017-10-27 06:48:05','2017-10-27 06:48:05',NULL,NULL,NULL,NULL),(417,377,359,582,1,NULL,NULL,0,NULL,NULL,NULL,NULL,NULL,'2017-10-27 07:49:14','2017-10-27 07:49:14',NULL,NULL,NULL,NULL),(418,378,360,580,1,NULL,NULL,0,NULL,NULL,NULL,NULL,NULL,'2017-10-27 07:59:49','2017-10-27 07:59:49',NULL,NULL,NULL,NULL),(419,379,361,581,1,2,3,4,'Exchange','screen broken',NULL,'','','2017-10-27 08:03:44','2017-10-27 20:12:08',NULL,NULL,NULL,NULL),(420,380,362,582,1,2,3,0,NULL,NULL,NULL,NULL,NULL,'2017-10-27 08:25:37','2017-10-27 08:25:37',NULL,NULL,NULL,NULL),(421,381,363,581,1,2,3,4,NULL,NULL,NULL,NULL,NULL,'2017-10-27 08:50:12','2017-10-27 08:50:12',NULL,NULL,NULL,NULL),(422,382,364,582,1,2,3,4,NULL,NULL,NULL,NULL,NULL,'2017-10-27 09:33:55','2017-10-27 09:33:55',NULL,NULL,NULL,NULL),(423,383,365,582,1,2,3,4,'Exchange','testing',NULL,'','','2017-10-27 09:36:35','2017-10-27 22:02:28',NULL,NULL,NULL,NULL),(424,384,366,580,1,2,3,4,NULL,NULL,NULL,NULL,NULL,'2017-10-27 09:42:52','2017-10-27 09:42:52',NULL,NULL,NULL,NULL),(425,385,367,581,1,2,3,4,NULL,NULL,NULL,NULL,NULL,'2017-10-27 10:12:12','2017-10-27 10:12:12',NULL,NULL,NULL,NULL),(426,386,368,582,1,2,3,4,NULL,NULL,NULL,NULL,NULL,'2017-10-27 10:21:30','2017-10-27 10:21:30',NULL,NULL,NULL,NULL),(427,387,369,582,1,2,3,4,NULL,NULL,NULL,NULL,NULL,'2017-10-27 10:22:40','2017-10-27 10:22:40',NULL,NULL,NULL,NULL),(428,389,371,581,5,NULL,NULL,0,'cancel',NULL,NULL,NULL,NULL,'2017-10-28 10:18:02','2017-10-28 10:18:02',NULL,'tytry','Bought it from somewhere else',NULL),(429,390,372,581,1,2,3,4,'Exchange','dhnrrdch','','','','2017-10-28 10:19:05','2017-11-03 12:23:18',NULL,NULL,NULL,NULL),(430,391,374,580,5,NULL,NULL,0,'cancel',NULL,NULL,NULL,NULL,'2017-10-28 10:21:32','2017-10-28 10:21:32',NULL,'order by mistake','order placed by mistake',NULL),(431,392,374,582,5,2,3,4,'cancel',NULL,NULL,NULL,NULL,'2017-10-28 10:21:32','2017-10-28 10:21:32',NULL,'','item price/shipping cost is too high',NULL),(432,394,376,580,1,NULL,NULL,0,NULL,NULL,NULL,NULL,NULL,'2017-10-28 02:54:10','2017-10-28 02:54:10',NULL,NULL,NULL,NULL),(433,395,376,581,1,NULL,NULL,0,NULL,NULL,NULL,NULL,NULL,'2017-10-28 02:54:15','2017-10-28 02:54:15',NULL,NULL,NULL,NULL),(434,396,376,582,1,NULL,NULL,0,NULL,NULL,NULL,NULL,NULL,'2017-10-28 02:54:21','2017-10-28 02:54:21',NULL,NULL,NULL,NULL),(435,397,377,583,1,2,3,4,'Refund','i am not satisfied',NULL,NULL,NULL,'2017-10-28 04:51:24','2017-10-28 17:34:05',NULL,NULL,NULL,NULL),(436,398,378,583,5,NULL,NULL,0,'cancel',NULL,NULL,NULL,NULL,'2017-10-28 05:38:41','2017-10-28 05:38:41',NULL,'bought it from other','Bought it from somewhere else',NULL),(437,399,379,582,5,2,3,4,'cancel',NULL,NULL,NULL,NULL,'2017-10-28 05:43:57','2017-10-28 05:43:57',NULL,'','Expected delivery time is too long',NULL),(438,400,381,582,5,2,3,4,'cancel',NULL,NULL,NULL,NULL,'2017-10-28 05:44:30','2017-10-28 05:44:30',NULL,'Expected delivery time is so long','Expected delivery time is too long',NULL),(439,401,382,583,5,NULL,NULL,0,'cancel',NULL,NULL,NULL,NULL,'2017-10-28 05:55:21','2017-10-28 05:55:21',NULL,'','My reason is not listed',NULL),(440,402,383,1056,5,NULL,NULL,0,'cancel',NULL,NULL,NULL,NULL,'2017-10-28 06:09:17','2017-10-28 06:09:17',NULL,'','order placed by mistake',NULL),(441,403,384,582,1,2,3,4,NULL,NULL,NULL,NULL,NULL,'2017-10-28 06:38:28','2017-10-28 06:38:28',NULL,NULL,NULL,NULL),(442,404,386,586,1,NULL,NULL,0,NULL,NULL,NULL,NULL,NULL,'2017-10-28 06:57:05','2017-10-28 06:57:05',NULL,NULL,NULL,NULL),(443,405,387,588,1,NULL,NULL,0,NULL,NULL,NULL,NULL,NULL,'2017-10-28 07:11:25','2017-10-28 07:11:25',NULL,NULL,NULL,NULL),(444,406,388,588,1,NULL,NULL,0,NULL,NULL,NULL,NULL,NULL,'2017-10-28 07:13:08','2017-10-28 07:13:08',NULL,NULL,NULL,NULL),(445,407,389,588,1,NULL,NULL,0,NULL,NULL,NULL,NULL,NULL,'2017-10-28 07:18:09','2017-10-28 07:18:09',NULL,NULL,NULL,NULL),(446,408,390,588,1,2,3,4,NULL,NULL,NULL,NULL,NULL,'2017-10-28 07:22:50','2017-10-28 07:22:50',NULL,NULL,NULL,NULL),(447,409,391,587,1,2,3,4,NULL,NULL,NULL,NULL,NULL,'2017-10-28 07:28:34','2017-10-28 07:28:34',NULL,NULL,NULL,NULL),(448,410,392,586,1,2,3,4,NULL,NULL,NULL,NULL,NULL,'2017-10-28 07:31:35','2017-10-28 07:31:35',NULL,NULL,NULL,NULL),(449,411,393,587,1,NULL,NULL,0,NULL,NULL,NULL,NULL,NULL,'2017-10-28 07:37:34','2017-10-28 07:37:34',NULL,NULL,NULL,NULL),(450,412,394,580,1,2,3,4,NULL,NULL,NULL,NULL,NULL,'2017-10-28 07:53:40','2017-10-28 07:53:40',NULL,NULL,NULL,NULL),(451,413,395,586,1,NULL,NULL,0,NULL,NULL,NULL,NULL,NULL,'2017-10-28 08:05:32','2017-10-28 08:05:32',NULL,NULL,NULL,NULL),(452,414,396,586,1,NULL,NULL,0,NULL,NULL,NULL,NULL,NULL,'2017-10-28 08:11:58','2017-10-28 08:11:58',NULL,NULL,NULL,NULL),(453,415,397,596,1,NULL,NULL,0,NULL,NULL,NULL,NULL,NULL,'2017-10-28 08:46:49','2017-10-28 08:46:49',NULL,NULL,NULL,NULL),(454,416,398,596,1,NULL,NULL,0,NULL,NULL,NULL,NULL,NULL,'2017-10-30 01:03:02','2017-10-30 01:03:02',NULL,NULL,NULL,NULL),(455,417,399,580,5,NULL,NULL,0,'cancel',NULL,NULL,NULL,NULL,'2017-10-30 05:02:16','2017-10-30 05:02:16',NULL,'shipping address','Need to change shipping address',NULL),(456,418,400,586,1,NULL,NULL,0,NULL,NULL,NULL,NULL,NULL,'2017-10-30 06:12:46','2017-10-30 06:12:46',NULL,NULL,NULL,NULL),(457,419,400,587,5,NULL,NULL,0,'cancel',NULL,NULL,NULL,NULL,'2017-10-30 06:12:46','2017-10-30 06:12:46',NULL,'order placed by mistake','order placed by mistake',NULL),(458,420,402,582,1,NULL,NULL,0,'','rajeshbantupalli b','','','','2017-10-30 06:47:08','2017-11-03 11:56:57',NULL,NULL,NULL,NULL),(459,421,403,589,1,2,3,4,NULL,NULL,NULL,NULL,NULL,'2017-10-30 06:51:56','2017-10-30 06:51:56',NULL,NULL,NULL,NULL),(460,422,404,587,1,2,3,4,NULL,NULL,NULL,NULL,NULL,'2017-10-30 07:05:32','2017-10-30 07:05:32',NULL,NULL,NULL,NULL),(461,423,405,587,1,2,3,4,NULL,NULL,NULL,NULL,NULL,'2017-10-31 01:04:32','2017-10-31 01:04:32',NULL,NULL,NULL,NULL),(462,424,406,589,1,2,3,4,NULL,NULL,NULL,NULL,NULL,'2017-10-31 03:32:32','2017-10-31 03:32:32',NULL,NULL,NULL,NULL),(463,425,406,582,5,NULL,NULL,0,'cancel',NULL,NULL,NULL,NULL,'2017-10-31 03:32:32','2017-10-31 03:32:32',NULL,'','Expected delivery time is too long',NULL),(464,426,407,588,1,NULL,NULL,0,NULL,NULL,NULL,NULL,NULL,'2017-10-31 03:38:01','2017-10-31 03:38:01',NULL,NULL,NULL,NULL),(465,427,407,586,1,2,3,4,NULL,NULL,NULL,NULL,NULL,'2017-10-31 03:38:01','2017-10-31 03:38:01',NULL,NULL,NULL,NULL),(466,428,408,589,1,NULL,NULL,0,NULL,NULL,NULL,NULL,NULL,'2017-10-31 03:45:30','2017-10-31 03:45:30',NULL,NULL,NULL,NULL),(467,429,408,591,1,2,3,4,NULL,NULL,NULL,NULL,NULL,'2017-10-31 03:45:30','2017-10-31 03:45:30',NULL,NULL,NULL,NULL),(468,430,409,592,1,NULL,NULL,0,NULL,NULL,NULL,NULL,NULL,'2017-10-31 03:51:34','2017-10-31 03:51:34',NULL,NULL,NULL,NULL),(469,431,410,851,1,NULL,NULL,0,NULL,NULL,NULL,NULL,NULL,'2017-10-31 06:13:42','2017-10-31 06:13:42',NULL,NULL,NULL,NULL),(470,432,412,851,1,NULL,NULL,0,NULL,NULL,NULL,NULL,NULL,'2017-10-31 06:14:53','2017-10-31 06:14:53',NULL,NULL,NULL,NULL),(471,433,413,0,1,NULL,NULL,0,NULL,NULL,NULL,NULL,NULL,'2017-10-31 11:15:16','2017-10-31 11:15:16',NULL,NULL,NULL,NULL),(472,434,418,581,1,NULL,NULL,0,NULL,NULL,NULL,NULL,NULL,'2017-11-01 12:26:14','2017-11-01 12:26:14',NULL,NULL,NULL,NULL),(473,435,418,586,1,NULL,NULL,0,NULL,NULL,NULL,NULL,NULL,'2017-11-01 12:26:19','2017-11-01 12:26:19',NULL,NULL,NULL,NULL),(474,436,418,599,1,NULL,NULL,0,NULL,NULL,NULL,NULL,NULL,'2017-11-01 12:26:25','2017-11-01 12:26:25',NULL,NULL,NULL,NULL),(475,437,418,580,1,NULL,NULL,0,NULL,NULL,NULL,NULL,NULL,'2017-11-01 12:26:31','2017-11-01 12:26:31',NULL,NULL,NULL,NULL),(476,438,418,587,5,NULL,NULL,0,'cancel',NULL,NULL,NULL,NULL,'2017-11-01 12:26:36','2017-11-01 12:26:36',NULL,'Diididieieiiririr','Item Rate/ Shipping Price Is Too High',NULL),(477,439,418,0,1,NULL,NULL,0,NULL,NULL,NULL,NULL,NULL,'2017-11-01 12:26:41','2017-11-01 12:26:41',NULL,NULL,NULL,NULL),(478,440,422,863,5,2,NULL,0,'cancel',NULL,NULL,NULL,NULL,'2017-11-01 12:30:48','2017-11-01 12:30:48',NULL,'testing','order placed by mistake',NULL),(479,441,424,853,5,2,3,4,'cancel',NULL,NULL,NULL,NULL,'2017-11-01 10:08:58','2017-11-01 10:08:58',NULL,'','Expected Delivery Time is Too High',NULL),(480,442,424,854,5,NULL,NULL,0,'cancel',NULL,NULL,NULL,NULL,'2017-11-01 10:09:03','2017-11-01 10:09:03',NULL,'Sorry dude ','Bought It From Some Where Else',NULL),(481,443,437,852,5,NULL,NULL,0,'cancel',NULL,NULL,NULL,NULL,'2017-11-02 11:38:26','2017-11-02 11:38:26',NULL,'Sjjsjsusshsjsudhjwiwiwojxucywiwospcuyebkwydhjdjsidjjdjdjsjsjjsueusjdjdhudjdjrjruruieow\nSnjsjsjsuwuwuq regent is a good gya app is it a really good thing to about me and I the app only to get to the it store point I dont have to use time to and I can i is the day I have to log in and to log get to my phone zombiee is app to me log be on to my phone and I it works and ok \n','Need To Change Shipping Address',NULL),(482,444,438,851,1,2,3,4,'Refund','testing',NULL,NULL,NULL,'2017-11-04 11:19:54','2017-11-04 12:18:31',NULL,NULL,NULL,NULL),(483,445,438,853,5,NULL,NULL,0,'cancel',NULL,NULL,NULL,NULL,'2017-11-04 11:19:54','2017-11-04 11:19:54',NULL,'testing ','order placed by mistake','2017-11-04 12:16:42'),(484,446,439,857,1,2,3,4,'Replacement','test',NULL,'','','2017-11-04 11:27:44','2017-11-04 11:32:13',NULL,NULL,NULL,NULL),(485,447,440,857,1,NULL,NULL,0,NULL,NULL,NULL,NULL,NULL,'2017-11-06 10:04:17','2017-11-06 10:04:17',NULL,NULL,NULL,NULL),(486,448,441,868,1,NULL,NULL,0,NULL,NULL,NULL,NULL,NULL,'2017-11-06 10:17:04','2017-11-06 10:17:04',NULL,NULL,NULL,NULL),(487,449,442,866,1,NULL,NULL,0,NULL,NULL,NULL,NULL,NULL,'2017-11-06 11:20:36','2017-11-06 11:20:36',NULL,NULL,NULL,NULL),(488,450,446,852,1,NULL,NULL,0,NULL,NULL,NULL,NULL,NULL,'2017-11-08 02:54:50','2017-11-08 02:54:50',NULL,NULL,NULL,NULL),(489,451,447,852,1,NULL,NULL,0,NULL,NULL,NULL,NULL,NULL,'2017-11-08 03:09:08','2017-11-08 03:09:08',NULL,NULL,NULL,NULL),(490,452,448,895,1,NULL,NULL,0,NULL,NULL,NULL,NULL,NULL,'2017-11-08 03:22:55','2017-11-08 03:22:55',NULL,NULL,NULL,NULL);

/*Table structure for table `orders` */

DROP TABLE IF EXISTS `orders`;

CREATE TABLE `orders` (
  `order_id` int(11) NOT NULL AUTO_INCREMENT,
  `customer_id` int(11) DEFAULT NULL,
  `transaction_id` varchar(250) DEFAULT NULL,
  `net_amount` varchar(250) DEFAULT NULL,
  `total_price` varchar(250) DEFAULT NULL,
  `discount` varchar(250) DEFAULT NULL,
  `card_number` varchar(250) DEFAULT NULL,
  `bank_reference_number` varchar(250) DEFAULT NULL,
  `payment_mode` varchar(750) DEFAULT NULL,
  `order_status` int(11) DEFAULT NULL,
  `created_at` datetime DEFAULT NULL,
  `seller_id` int(11) DEFAULT NULL,
  `email` varchar(250) DEFAULT NULL,
  `phone` varchar(45) DEFAULT NULL,
  `hash` text,
  `payment_type` int(11) DEFAULT NULL,
  `amount_status` int(11) DEFAULT NULL,
  PRIMARY KEY (`order_id`)
) ENGINE=InnoDB AUTO_INCREMENT=453 DEFAULT CHARSET=latin1;

/*Data for the table `orders` */

insert  into `orders`(`order_id`,`customer_id`,`transaction_id`,`net_amount`,`total_price`,`discount`,`card_number`,`bank_reference_number`,`payment_mode`,`order_status`,`created_at`,`seller_id`,`email`,`phone`,`hash`,`payment_type`,`amount_status`) values (196,99,'','','','','','','',1,'2017-10-18 17:17:15',NULL,'','','',3,0),(197,99,'','','','','','','',1,'2017-10-20 11:22:19',NULL,'','','',3,0),(198,99,'','','','','','','',1,'2017-10-20 15:15:30',NULL,'','','',2,0),(199,99,'','','','','','','',1,'2017-10-20 15:22:34',NULL,'','','',3,0),(200,99,'','','','','','','',1,'2017-10-20 16:49:30',NULL,'','','',3,0),(201,100,'','','','','','','',1,'2017-10-20 16:55:11',NULL,'','','',4,0),(202,100,'','','','','','','',1,'2017-10-20 17:05:26',NULL,'','','',4,0),(203,100,'','','','','','','',1,'2017-10-20 17:30:15',NULL,'','','',4,0),(204,99,'','','','','','','',1,'2017-10-20 17:32:00',NULL,'','','',3,0),(205,102,'','','','','','','',1,'2017-10-20 17:54:30',NULL,'','','',3,0),(206,99,'','','','','','','',1,'2017-10-21 10:58:50',NULL,'','','',2,0),(207,100,'','','','','','','',1,'2017-10-23 13:24:24',NULL,'','','',3,0),(208,90,'','','','','','','',1,'2017-10-23 15:14:13',NULL,'','','',3,0),(209,90,'','','','','','','',1,'2017-10-23 15:22:35',NULL,'','','',4,0),(210,100,'','','','','','','',1,'2017-10-23 15:52:52',NULL,'','','',3,0),(211,100,'','','','','','','',1,'2017-10-23 15:55:59',NULL,'','','',3,0),(212,100,'','','','','','','',1,'2017-10-23 15:59:50',NULL,'','','',3,0),(213,100,'','','','','','','',1,'2017-10-23 16:02:29',NULL,'','','',3,0),(214,100,'','','','','','','',1,'2017-10-23 16:27:37',NULL,'','','',3,0),(215,100,'','','','','','','',1,'2017-10-23 16:55:06',NULL,'','','',2,0),(216,99,'','','','','','','',1,'2017-10-23 16:58:10',NULL,'','','',3,0),(217,103,'','','','','','','',1,'2017-10-23 17:21:10',NULL,'','','',3,0),(218,90,'','','','','','','',1,'2017-10-23 18:24:08',NULL,'','','',2,0),(219,90,'','','','','','','',1,'2017-10-23 18:25:19',NULL,'','','',2,0),(220,99,'','','','','','','',1,'2017-10-24 10:30:25',NULL,'','','',3,0),(221,104,'','','','','','','',1,'2017-10-24 10:37:01',NULL,'','','',2,0),(222,104,'','','','','','','',1,'2017-10-24 10:43:56',NULL,'','','',2,0),(223,104,'','','','','','','',1,'2017-10-24 10:51:55',NULL,'','','',3,0),(224,104,'','','','','','','',1,'2017-10-24 10:56:15',NULL,'','','',3,0),(225,100,'','','','','','','',1,'2017-10-24 10:58:30',NULL,'','','',3,0),(226,104,'','','','','','','',1,'2017-10-24 11:00:52',NULL,'','','',2,0),(227,104,'','','','','','','',1,'2017-10-24 11:02:03',NULL,'','','',2,0),(228,104,'','','','','','','',1,'2017-10-24 11:03:18',NULL,'','','',2,0),(229,104,'','','','','','','',1,'2017-10-24 11:06:57',NULL,'','','',3,0),(230,104,'','','','','','','',1,'2017-10-24 11:10:23',NULL,'','','',2,0),(231,104,'','','','','','','',1,'2017-10-24 11:11:11',NULL,'','','',3,0),(232,104,'','','','','','','',1,'2017-10-24 11:14:15',NULL,'','','',2,0),(233,104,'','','','','','','',1,'2017-10-24 11:15:38',NULL,'','','',2,0),(234,104,'','','','','','','',1,'2017-10-24 11:25:45',NULL,'','','',2,0),(235,104,'','','','','','','',1,'2017-10-24 11:27:32',NULL,'','','',3,0),(236,104,'','','','','','','',1,'2017-10-24 11:36:17',NULL,'','','',3,0),(237,104,'','','','','','','',1,'2017-10-24 11:37:36',NULL,'','','',2,0),(238,104,'','','','','','','',1,'2017-10-24 11:39:53',NULL,'','','',2,0),(239,104,'','','','','','','',1,'2017-10-24 11:42:03',NULL,'','','',3,0),(240,104,'','','','','','','',1,'2017-10-24 12:03:41',NULL,'','','',2,0),(241,104,'','','','','','','',1,'2017-10-24 12:17:16',NULL,'','','',2,0),(242,104,'','','','','','','',1,'2017-10-24 12:18:50',NULL,'','','',3,0),(243,104,'','','','','','','',1,'2017-10-24 13:16:38',NULL,'','','',2,0),(244,104,'','','','','','','',1,'2017-10-24 13:23:25',NULL,'','','',3,0),(245,100,'','','','','','','',1,'2017-10-24 13:28:05',NULL,'','','',3,0),(246,104,'','','','','','','',1,'2017-10-24 13:33:15',NULL,'','','',2,0),(247,104,'','','','','','','',1,'2017-10-24 13:39:48',NULL,'','','',3,0),(248,104,'','','','','','','',1,'2017-10-24 13:45:46',NULL,'','','',3,0),(249,104,'','','','','','','',1,'2017-10-24 14:12:44',NULL,'','','',2,0),(250,100,'','','','','','','',1,'2017-10-24 14:16:58',NULL,'','','',2,0),(251,100,'','','','','','','',1,'2017-10-24 14:31:39',NULL,'','','',3,0),(252,100,'','','','','','','',1,'2017-10-24 14:42:55',NULL,'','','',3,0),(253,104,'','','','','','','',1,'2017-10-24 14:53:39',NULL,'','','',3,0),(254,104,'','','','','','','',1,'2017-10-24 15:00:59',NULL,'','','',3,0),(255,104,'','','','','','','',1,'2017-10-24 15:06:14',NULL,'','','',3,0),(256,104,'','','','','','','',1,'2017-10-24 15:15:19',NULL,'','','',3,0),(257,100,'','','','','','','',1,'2017-10-24 15:59:12',NULL,'','','',2,0),(258,104,'','','','','','','',1,'2017-10-24 16:08:36',NULL,'','','',2,0),(259,104,'','','','','','','',1,'2017-10-24 16:18:11',NULL,'','','',3,0),(260,104,'','','','','','','',1,'2017-10-24 16:24:08',NULL,'','','',2,0),(261,104,'','','','','','','',1,'2017-10-24 16:32:51',NULL,'','','',2,0),(262,104,'','','','','','','',1,'2017-10-24 16:37:22',NULL,'','','',2,0),(263,104,'','','','','','','',1,'2017-10-24 16:45:20',NULL,'','','',3,0),(264,100,'','','','','','','',1,'2017-10-24 17:53:44',NULL,'','','',3,0),(265,90,'','','','','','','',1,'2017-10-24 18:22:20',NULL,'','','',4,0),(266,99,'','','','','','','',1,'2017-10-24 18:42:01',NULL,'','','',3,0),(267,112,'','','','','','','',1,'2017-10-25 11:14:38',NULL,'','','',2,0),(268,111,'','','','','','','',1,'2017-10-25 11:14:39',NULL,'','','',NULL,0),(269,99,'','','','','','','',1,'2017-10-25 12:23:36',NULL,'','','',3,0),(270,99,'','','','','','','',1,'2017-10-25 13:14:13',NULL,'','','',2,0),(271,90,'','','','','','','',1,'2017-10-25 14:01:57',NULL,'','','',2,0),(272,90,'','','','','','','',1,'2017-10-25 14:05:49',NULL,'','','',3,0),(273,99,'','','','','','','',1,'2017-10-25 15:44:26',NULL,'','','',2,0),(274,99,'','','','','','','',1,'2017-10-25 15:44:30',NULL,'','','',2,0),(275,90,'','','','','','','',1,'2017-10-25 18:42:11',NULL,'','','',2,0),(276,114,'','','','','','','',1,'2017-10-25 22:36:02',NULL,'','','',3,0),(277,99,'','','','','','','',1,'2017-10-26 10:09:31',NULL,'','','',2,0),(278,112,'','','','','','','',1,'2017-10-26 10:48:32',NULL,'','','',3,0),(279,112,'','','','','','','',1,'2017-10-26 10:50:29',NULL,'','','',3,0),(280,112,'','','','','','','',1,'2017-10-26 13:21:13',NULL,'','','',3,0),(281,112,'','','','','','','',1,'2017-10-26 13:22:34',NULL,'','','',3,0),(282,99,'','','','','','','',1,'2017-10-26 13:25:04',NULL,'','','',4,0),(283,112,'','','','','','','',1,'2017-10-26 14:33:22',NULL,'','','',2,0),(284,112,'','','','','','','',1,'2017-10-26 14:35:59',NULL,'','','',3,0),(285,90,'','','','','','','',1,'2017-10-26 14:54:04',NULL,'','','',2,0),(286,90,'','','','','','','',1,'2017-10-26 14:58:18',NULL,'','','',3,0),(287,112,'','','','','','','',1,'2017-10-26 14:59:50',NULL,'','','',2,0),(288,112,'','','','','','','',1,'2017-10-26 15:02:58',NULL,'','','',3,0),(289,112,'','','','','','','',1,'2017-10-26 15:04:50',NULL,'','','',3,0),(290,90,'','','','','','','',1,'2017-10-26 15:17:23',NULL,'','','',3,0),(291,90,'','','','','','','',1,'2017-10-26 15:20:39',NULL,'','','',2,0),(292,90,'','','','','','','',1,'2017-10-26 15:21:44',NULL,'','','',3,0),(293,99,'','','','','','','',1,'2017-10-26 15:24:16',NULL,'','','',3,0),(294,99,'','','','','','','',1,'2017-10-26 15:24:22',NULL,'','','',3,0),(295,112,'','','','','','','',1,'2017-10-26 15:26:02',NULL,'','','',4,0),(296,99,'','','','','','','',1,'2017-10-26 15:35:10',NULL,'','','',3,0),(297,112,'','','','','','','',1,'2017-10-26 15:35:17',NULL,'','','',4,0),(298,100,'','','','','','','',1,'2017-10-26 16:20:41',NULL,'','','',3,0),(299,99,'','','','','','','',1,'2017-10-26 16:20:50',NULL,'','','',2,0),(300,99,'','','','','','','',1,'2017-10-26 16:23:02',NULL,'','','',2,0),(301,100,'','','','','','','',1,'2017-10-26 16:23:11',NULL,'','','',2,0),(302,100,'','','','','','','',1,'2017-10-26 16:27:59',NULL,'','','',2,0),(303,99,'','','','','','','',1,'2017-10-26 16:28:07',NULL,'','','',2,0),(304,99,'','','','','','','',1,'2017-10-26 16:31:35',NULL,'','','',2,0),(305,99,'','','','','','','',1,'2017-10-26 16:39:43',NULL,'','','',2,0),(306,112,'','','','','','','',1,'2017-10-26 16:41:47',NULL,'','','',3,0),(307,112,'','','','','','','',1,'2017-10-26 16:43:51',NULL,'','','',3,0),(308,100,'','','','','','','',1,'2017-10-26 16:44:55',NULL,'','','',3,0),(309,115,'','','','','','','',1,'2017-10-26 16:54:20',NULL,'','','',3,0),(310,99,'','','','','','','',1,'2017-10-26 17:04:21',NULL,'','','',3,0),(311,99,'','','','','','','',1,'2017-10-26 17:05:55',NULL,'','','',3,0),(312,90,'','','','','','','',1,'2017-10-26 17:06:15',NULL,'','','',4,0),(313,90,'','','','','','','',1,'2017-10-26 17:19:28',NULL,'','','',3,0),(314,90,'','','','','','','',1,'2017-10-26 17:26:36',NULL,'','','',3,0),(315,90,'','','','','','','',1,'2017-10-26 17:31:38',NULL,'','','',3,0),(316,90,'','','','','','','',1,'2017-10-26 17:33:05',NULL,'','','',3,0),(317,90,'','','','','','','',1,'2017-10-26 17:33:57',NULL,'','','',3,0),(318,112,'','','','','','','',1,'2017-10-26 17:34:58',NULL,'','','',3,0),(319,115,'','','','','','','',1,'2017-10-26 18:08:11',NULL,'','','',3,0),(320,99,'','','','','','','',1,'2017-10-26 18:10:43',NULL,'','','',3,0),(321,99,'','','','','','','',1,'2017-10-26 18:19:43',NULL,'','','',3,0),(322,100,'','','','','','','',1,'2017-10-26 18:29:52',NULL,'','','',3,0),(323,100,'','','','','','','',1,'2017-10-26 18:31:18',NULL,'','','',2,0),(324,99,'','','','','','','',1,'2017-10-26 18:34:28',NULL,'','','',3,0),(325,100,'','','','','','','',1,'2017-10-26 18:34:36',NULL,'','','',3,0),(326,99,'','','','','','','',1,'2017-10-26 18:43:47',NULL,'','','',2,0),(327,100,'','','','','','','',1,'2017-10-26 18:45:01',NULL,'','','',3,0),(328,112,'','','','','','','',1,'2017-10-26 18:47:47',NULL,'','','',3,0),(329,112,'','','','','','','',1,'2017-10-26 18:48:17',NULL,'','','',3,0),(330,112,'','','','','','','',1,'2017-10-26 18:53:00',NULL,'','','',3,0),(331,100,'','','','','','','',1,'2017-10-26 18:53:54',NULL,'','','',3,0),(332,112,'','','','','','','',1,'2017-10-26 19:01:54',NULL,'','','',3,0),(333,112,'','','','','','','',1,'2017-10-26 19:02:19',NULL,'','','',3,0),(334,112,'','','','','','','',1,'2017-10-26 19:02:36',NULL,'','','',3,0),(335,112,'','','','','','','',1,'2017-10-26 19:02:40',NULL,'','','',3,0),(336,101,'','','','','','','',1,'2017-10-26 19:19:54',NULL,'','','',2,0),(337,101,'','','','','','','',1,'2017-10-26 19:21:27',NULL,'','','',2,0),(338,101,'','','','','','','',1,'2017-10-26 19:22:12',NULL,'','','',2,0),(339,101,'','','','','','','',1,'2017-10-26 19:23:10',NULL,'','','',2,0),(340,101,'','','','','','','',1,'2017-10-26 19:26:01',NULL,'','','',2,0),(341,116,'','','','','','','',1,'2017-10-26 19:27:58',NULL,'','','',2,0),(342,112,'','','','','','','',1,'2017-10-26 19:49:38',NULL,'','','',3,0),(343,103,'','','','','','','',1,'2017-10-26 19:49:39',NULL,'','','',3,0),(344,112,'','','','','','','',1,'2017-10-26 19:51:19',NULL,'','','',3,0),(345,103,'','','','','','','',1,'2017-10-26 19:59:09',NULL,'','','',3,0),(346,100,'','','','','','','',1,'2017-10-27 08:57:30',NULL,'','','',4,0),(347,99,'','','','','','','',1,'2017-10-27 11:48:42',NULL,'','','',2,0),(348,99,'','','','','','','',1,'2017-10-27 12:00:09',NULL,'','','',2,0),(349,100,'','','','','','','',1,'2017-10-27 17:34:05',NULL,'','','',2,0),(350,117,'','','','','','','',1,'2017-10-27 17:38:02',NULL,'','','',2,0),(351,117,'','','','','','','',1,'2017-10-27 17:50:08',NULL,'','','',3,0),(352,117,'','','','','','','',1,'2017-10-27 17:56:19',NULL,'','','',3,0),(353,90,'','','','','','','',1,'2017-10-27 18:48:00',NULL,'','','',2,0),(354,90,'','','','','','','',1,'2017-10-27 18:48:05',NULL,'','','',2,0),(355,90,'','','','','','','',1,'2017-10-27 18:48:05',NULL,'','','',2,0),(356,90,'','','','','','','',1,'2017-10-27 18:48:06',NULL,'','','',2,0),(357,90,'','','','','','','',1,'2017-10-27 18:48:06',NULL,'','','',2,0),(358,90,'','','','','','','',1,'2017-10-27 18:48:06',NULL,'','','',2,0),(359,117,'','','','','','','',1,'2017-10-27 19:49:14',NULL,'','','',2,0),(360,117,'','','','','','','',1,'2017-10-27 19:59:49',NULL,'','','',3,0),(361,117,'','','','','','','',1,'2017-10-27 20:03:44',NULL,'','','',3,0),(362,117,'','','','','','','',1,'2017-10-27 20:25:37',NULL,'','','',3,0),(363,118,'','','','','','','',1,'2017-10-27 20:50:12',NULL,'','','',3,0),(364,118,'','','','','','','',1,'2017-10-27 21:33:55',NULL,'','','',3,0),(365,118,'','','','','','','',1,'2017-10-27 21:36:35',NULL,'','','',2,0),(366,118,'','','','','','','',1,'2017-10-27 21:42:52',NULL,'','','',2,0),(367,118,'','','','','','','',1,'2017-10-27 22:12:06',NULL,'','','',2,0),(368,118,'','','','','','','',1,'2017-10-27 22:21:30',NULL,'','','',2,0),(369,118,'','','','','','','',1,'2017-10-27 22:22:40',NULL,'','','',3,0),(370,99,'','','','','','','',1,'2017-10-27 22:31:36',NULL,'','','',3,0),(371,118,'','','','','','','',1,'2017-10-28 10:18:02',NULL,'','','',3,0),(372,90,'','','','','','','',1,'2017-10-28 10:19:00',NULL,'','','',2,0),(373,90,'','','','','','','',1,'2017-10-28 10:19:06',NULL,'','','',2,0),(374,99,'','','','','','','',1,'2017-10-28 10:21:32',NULL,'','','',3,0),(375,119,'','','','','','','',1,'2017-10-28 13:00:30',NULL,'','','',2,0),(376,119,'','','','','','','',1,'2017-10-28 14:54:04',NULL,'','','',3,0),(377,99,'','','','','','','',1,'2017-10-28 16:51:24',NULL,'','','',3,0),(378,99,'','','','','','','',1,'2017-10-28 17:38:41',NULL,'','','',3,0),(379,99,'','','','','','','',1,'2017-10-28 17:43:57',NULL,'','','',2,0),(380,99,'','','','','','','',1,'2017-10-28 17:44:04',NULL,'','','',2,0),(381,99,'','','','','','','',1,'2017-10-28 17:44:30',NULL,'','','',2,0),(382,99,'','','','','','','',1,'2017-10-28 17:55:21',NULL,'','','',3,0),(383,99,'','','','','','','',1,'2017-10-28 18:09:17',NULL,'','','',3,0),(384,90,'','','','','','','',1,'2017-10-28 18:38:23',NULL,'','','',3,0),(385,90,'','','','','','','',1,'2017-10-28 18:38:29',NULL,'','','',3,0),(386,118,'','','','','','','',1,'2017-10-28 18:57:05',NULL,'','','',3,0),(387,100,'','','','','','','',1,'2017-10-28 19:11:25',NULL,'','','',2,0),(388,118,'','','','','','','',1,'2017-10-28 19:13:08',NULL,'','','',3,0),(389,118,'','','','','','','',1,'2017-10-28 19:18:09',NULL,'','','',2,0),(390,118,'','','','','','','',1,'2017-10-28 19:22:50',NULL,'','','',3,0),(391,118,'','','','','','','',1,'2017-10-28 19:28:34',NULL,'','','',2,0),(392,118,'','','','','','','',1,'2017-10-28 19:31:35',NULL,'','','',2,0),(393,118,'','','','','','','',1,'2017-10-28 19:37:34',NULL,'','','',3,0),(394,118,'','','','','','','',1,'2017-10-28 19:53:39',NULL,'','','',2,0),(395,118,'','','','','','','',1,'2017-10-28 20:05:32',NULL,'','','',3,0),(396,118,'','','','','','','',1,'2017-10-28 20:11:58',NULL,'','','',3,0),(397,118,'','','','','','','',1,'2017-10-28 20:46:49',NULL,'','','',3,0),(398,99,'','','','','','','',1,'2017-10-30 13:03:02',NULL,'','','',3,0),(399,99,'','','','','','','',1,'2017-10-30 17:02:16',NULL,'','','',3,0),(400,99,'','','','','','','',1,'2017-10-30 18:12:46',NULL,'','','',3,0),(401,99,'','','','','','','',1,'2017-10-30 18:12:58',NULL,'','','',3,0),(402,99,'','','','','','','',1,'2017-10-30 18:47:08',NULL,'','','',3,0),(403,99,'','','','','','','',1,'2017-10-30 18:51:56',NULL,'','','',3,0),(404,99,'','','','','','','',1,'2017-10-30 19:05:32',NULL,'','','',3,0),(405,99,'','','','','','','',1,'2017-10-31 13:04:32',NULL,'','','',3,0),(406,118,'','','','','','','',1,'2017-10-31 15:32:32',NULL,'','','',3,0),(407,99,'','','','','','','',1,'2017-10-31 15:38:01',NULL,'','','',3,0),(408,99,'','','','','','','',1,'2017-10-31 15:45:30',NULL,'','','',2,0),(409,99,'','','','','','','',1,'2017-10-31 15:51:34',NULL,'','','',3,0),(410,99,'','','','','','','',1,'2017-10-31 18:13:37',NULL,'','','',3,0),(411,99,'','','','','','','',1,'2017-10-31 18:13:42',NULL,'','','',3,0),(412,99,'','','','','','','',1,'2017-10-31 18:14:48',NULL,'','','',2,0),(413,99,'','','','','','','',1,'2017-10-31 23:15:11',NULL,'','','',3,0),(414,99,'','','','','','','',1,'2017-10-31 23:15:16',NULL,'','','',3,0),(415,99,'','','','','','','',1,'2017-10-31 23:15:16',NULL,'','','',3,0),(416,99,'','','','','','','',1,'2017-10-31 23:15:17',NULL,'','','',3,0),(417,99,'','','','','','','',1,'2017-10-31 23:15:17',NULL,'','','',3,0),(418,90,'','','','','','','',1,'2017-11-01 12:26:09',NULL,'','','',3,0),(419,90,'','','','','','','',1,'2017-11-01 12:26:41',NULL,'','','',3,0),(420,90,'','','','','','','',1,'2017-11-01 12:26:41',NULL,'','','',3,0),(421,90,'','','','','','','',1,'2017-11-01 12:26:41',NULL,'','','',3,0),(422,90,'','','','','','','',1,'2017-11-01 12:30:43',NULL,'','','',3,0),(423,90,'','','','','','','',1,'2017-11-01 12:30:49',NULL,'','','',3,0),(424,90,'','','','','','','',1,'2017-11-01 22:08:53',NULL,'','','',2,0),(425,90,'','','','','','','',1,'2017-11-01 22:09:04',NULL,'','','',2,0),(426,90,'','','','','','','',1,'2017-11-01 22:09:04',NULL,'','','',2,0),(427,90,'','','','','','','',1,'2017-11-01 22:09:05',NULL,'','','',2,0),(428,90,'','','','','','','',1,'2017-11-01 22:09:07',NULL,'','','',3,0),(429,90,'','','','','','','',1,'2017-11-01 22:09:07',NULL,'','','',3,0),(430,90,'','','','','','','',1,'2017-11-01 22:09:08',NULL,'','','',3,0),(431,90,'','','','','','','',1,'2017-11-01 22:09:08',NULL,'','','',3,0),(432,90,'','','','','','','',1,'2017-11-01 22:09:08',NULL,'','','',3,0),(433,90,'','','','','','','',1,'2017-11-01 22:09:09',NULL,'','','',3,0),(434,90,'','','','','','','',1,'2017-11-01 22:09:09',NULL,'','','',3,0),(435,90,'','','','','','','',1,'2017-11-01 22:09:09',NULL,'','','',3,0),(436,90,'','','','','','','',1,'2017-11-01 22:09:09',NULL,'','','',3,0),(437,90,'','','','','','','',1,'2017-11-02 23:38:20',NULL,'','','',2,0),(438,118,'','','','','','','',1,'2017-11-04 11:19:54',NULL,'','','',3,0),(439,140,'','','','','','','',1,'2017-11-04 11:27:44',NULL,'','','',3,0),(440,99,'','','','','','','',1,'2017-11-06 10:04:12',NULL,'','','',2,0),(441,103,'','','','','','','',1,'2017-11-06 10:17:04',NULL,'','','',3,0),(442,99,'','','','','','','',1,'2017-11-06 11:20:28',NULL,'','','',2,0),(443,118,'','','','','','','',1,'2017-11-08 14:46:16',NULL,'','','',2,0),(444,118,'','','','','','','',1,'2017-11-08 14:46:39',NULL,'','','',2,0),(445,118,'','','','','','','',1,'2017-11-08 14:52:06',NULL,'','','',2,0),(446,118,'','','','','','','',1,'2017-11-08 14:54:50',NULL,'','','',2,0),(447,118,'','','','','','','',1,'2017-11-08 15:09:07',NULL,'','','',2,0),(448,118,'','','','','','','',1,'2017-11-08 15:22:55',NULL,'','','',3,0),(449,142,'','','','','','','',1,'2017-11-24 20:34:15',NULL,'','','',2,0),(450,161,'','','','','','','',1,'2017-11-24 20:37:17',NULL,'','','',2,0),(451,161,'','','','','','','',1,'2017-11-24 20:37:41',NULL,'','','',2,0),(452,161,'','','','','','','',1,'2017-11-24 20:38:50',NULL,'','','',2,0);

/*Table structure for table `orders-backup` */

DROP TABLE IF EXISTS `orders-backup`;

CREATE TABLE `orders-backup` (
  `order_id` int(11) NOT NULL AUTO_INCREMENT,
  `item_id` int(11) NOT NULL,
  `seller_id` int(11) NOT NULL,
  `user_id` int(11) NOT NULL,
  `product_name` varchar(250) NOT NULL,
  `delivery_date` date NOT NULL,
  `delivery_time` time NOT NULL,
  `customer_name` varchar(100) NOT NULL,
  `customer_email` varchar(100) NOT NULL,
  `customer_phone` varchar(100) NOT NULL,
  `customer_address` text NOT NULL,
  `payment_mode` varchar(250) NOT NULL,
  `order_status` int(11) DEFAULT '0',
  `created_at` date NOT NULL,
  `updated_at` date NOT NULL,
  PRIMARY KEY (`order_id`)
) ENGINE=InnoDB AUTO_INCREMENT=11 DEFAULT CHARSET=latin1;

/*Data for the table `orders-backup` */

insert  into `orders-backup`(`order_id`,`item_id`,`seller_id`,`user_id`,`product_name`,`delivery_date`,`delivery_time`,`customer_name`,`customer_email`,`customer_phone`,`customer_address`,`payment_mode`,`order_status`,`created_at`,`updated_at`) values (3,5,3,1,'food','2017-03-01','10:48:55','test','abcd@gmail.com','8896325147','D.No: 403,\r\nFlat No:201,\r\n Ameerpet ,\r\nHyderabad.','cash on delivery',1,'2017-03-13','2017-03-22'),(4,0,8,0,'phone','2017-03-02','05:37:56','dddsd','gfdfd@gmail.com','7789632541','fhg hgh hghjgg hghjghj hgh','',1,'2017-04-12','2017-03-02'),(5,0,8,0,'moile','2017-03-01','08:40:55','bcgc','sad@gmail.com','89963255','dfvdfg','',3,'2017-03-01','2017-03-30'),(6,0,8,0,'grocery','2017-03-01','07:40:58','gggjgj','cfgfcg@gmail.com','8896325417','jhjjh hgjhguy','',1,'2017-05-01','2017-03-24'),(7,0,8,0,'hghgfg','2017-03-01','04:33:49','yuiuiu','j','thtr','htrhtr','',2,'2017-05-03','0000-00-00'),(8,0,8,0,'xxgfxgx','2017-03-10','04:30:56','ddcdf','dfsfs@zf.com','7789654123','xfgxf xfgfg','',1,'2017-05-03','0000-00-00'),(9,15,4,1,'grocery items','2017-04-29','00:00:10','ravali','ravali@kateit.in','88523697412','kphb','cash on delivery',0,'2017-04-29','2017-04-29'),(10,25,8,1,'chicken biryani','2017-04-29','00:00:20','dfs','afsd@kateit.in','7789654123','miyapur','cash on delivery',0,'2017-05-06','0000-00-00');

/*Table structure for table `payments` */

DROP TABLE IF EXISTS `payments`;

CREATE TABLE `payments` (
  `payment_id` int(11) NOT NULL AUTO_INCREMENT,
  `order_id` int(11) NOT NULL,
  `customer_name` varchar(250) NOT NULL,
  `trans_id` varchar(50) NOT NULL,
  `amount` int(11) NOT NULL,
  `date_time` datetime NOT NULL,
  `status` varchar(11) NOT NULL,
  `created_at` datetime NOT NULL,
  `updated_at` datetime NOT NULL,
  PRIMARY KEY (`payment_id`)
) ENGINE=InnoDB AUTO_INCREMENT=2 DEFAULT CHARSET=latin1;

/*Data for the table `payments` */

insert  into `payments`(`payment_id`,`order_id`,`customer_name`,`trans_id`,`amount`,`date_time`,`status`,`created_at`,`updated_at`) values (1,5,'test','1213232e34434',100,'2017-03-24 17:13:20','1','2017-03-15 10:51:54','2017-03-08 09:46:51');

/*Table structure for table `pincodes_list` */

DROP TABLE IF EXISTS `pincodes_list`;

CREATE TABLE `pincodes_list` (
  `pincode_id` int(11) NOT NULL AUTO_INCREMENT,
  `zone` int(11) DEFAULT NULL,
  `pincode` varchar(250) DEFAULT NULL,
  `status` int(11) DEFAULT NULL,
  `created-at` datetime DEFAULT NULL,
  `hours` varchar(250) DEFAULT NULL,
  PRIMARY KEY (`pincode_id`)
) ENGINE=InnoDB AUTO_INCREMENT=23 DEFAULT CHARSET=latin1;

/*Data for the table `pincodes_list` */

insert  into `pincodes_list`(`pincode_id`,`zone`,`pincode`,`status`,`created-at`,`hours`) values (1,1,'500037',1,'2017-10-06 12:22:13','Min 2 hrs - Max 24 hrs'),(2,1,'500038',1,'2017-10-06 13:47:18','Min 2 hrs - Max 24 hrs'),(3,1,'500055',1,'2017-10-06 13:47:18','Min 2 hrs - Max 24 hrs'),(4,1,'500045',1,'2017-10-06 13:47:18','Min 2 hrs - Max 24 hrs'),(5,1,'500072',1,'2017-10-06 13:47:18','Min 2 hrs - Max 24 hrs'),(6,1,'500018',1,'2017-10-06 13:47:18','Min 2 hrs - Max 24 hrs'),(7,1,'500049',1,'2017-10-06 13:47:18','Min 2 hrs - Max 24 hrs'),(8,1,'502032',1,'2017-10-06 13:47:18','Min 2 hrs - Max 24 hrs'),(9,1,'500090',1,'2017-10-06 13:47:18','Min 2 hrs - Max 24 hrs'),(10,1,'500054',1,'2017-10-06 13:47:18','Min 2 hrs - Max 24 hrs'),(11,1,'500015',1,'2017-10-06 13:47:18','Min 2 hrs - Max 24 hrs'),(12,1,'500011',1,'2017-10-06 13:47:18','Min 2 hrs - Max 24 hrs'),(13,1,'500073',1,'2017-10-06 13:47:18','Min 2 hrs - Max 24 hrs'),(14,1,'500034',1,'2017-10-06 13:47:18','Min 2 hrs - Max 24 hrs'),(15,1,'500033',1,'2017-10-06 13:47:18','Min 2 hrs - Max 24 hrs'),(16,1,'500089',1,'2017-10-06 13:47:18','Min 2 hrs - Max 24 hrs'),(17,1,'500084',1,'2017-10-06 13:47:18','Min 2 hrs - Max 24 hrs'),(18,1,'500032',1,'2017-10-06 13:47:18','Min 2 hrs - Max 24 hrs'),(19,1,'500019',1,'2017-10-06 13:47:18','Min 2 hrs - Max 24 hrs'),(20,1,'500081',1,'2017-10-06 13:47:18','Min 2 hrs - Max 24 hrs'),(21,1,'500050',1,'2017-10-06 13:47:18','Min 2 hrs - Max 24 hrs'),(22,1,'502319',1,'2017-10-06 13:47:18','Min 2 hrs - Max 24 hrs');

/*Table structure for table `pricewise_filters` */

DROP TABLE IF EXISTS `pricewise_filters`;

CREATE TABLE `pricewise_filters` (
  `id` int(11) NOT NULL AUTO_INCREMENT,
  `ip_address` varchar(250) DEFAULT NULL,
  `category_id` varchar(250) DEFAULT NULL,
  `minamt` varchar(250) DEFAULT NULL,
  `group` varchar(250) DEFAULT NULL,
  `minimum_price` varchar(250) DEFAULT NULL,
  `maximum_price` varchar(250) DEFAULT NULL,
  `offer` varchar(250) DEFAULT NULL,
  `brand` varchar(250) DEFAULT NULL,
  `discount` varchar(250) DEFAULT NULL,
  `colour` varchar(250) DEFAULT NULL,
  `size` varchar(250) DEFAULT NULL,
  `ram` varchar(250) DEFAULT NULL,
  `os` varchar(250) DEFAULT NULL,
  `sim_type` varchar(250) DEFAULT NULL,
  `camera` varchar(250) DEFAULT NULL,
  `internal_memeory` varchar(250) DEFAULT NULL,
  `screen_size` varchar(250) DEFAULT NULL,
  `Processor` varchar(250) DEFAULT NULL,
  `printer_type` varchar(250) DEFAULT NULL,
  `type` varbinary(250) DEFAULT NULL,
  `max_copies` varchar(250) DEFAULT NULL,
  `paper_size` varchar(250) DEFAULT NULL,
  `headphone_jack` varchar(250) DEFAULT NULL,
  `noise_reduction` varchar(250) DEFAULT NULL,
  `usb_port` varchar(250) DEFAULT NULL,
  `compatible_for` varchar(250) DEFAULT NULL,
  `scanner_type` varchar(250) DEFAULT NULL,
  `resolution` varchar(250) DEFAULT NULL,
  `f_stop` varchar(250) DEFAULT NULL,
  `minimum_focusing_distance` varchar(250) DEFAULT NULL,
  `aperture_withmaxfocal_length` varchar(250) DEFAULT NULL,
  `picture_angle` varchar(250) DEFAULT NULL,
  `weight` varchar(250) DEFAULT NULL,
  `occasion` varchar(250) DEFAULT NULL,
  `material` varchar(250) DEFAULT NULL,
  `collar_type` varchar(250) DEFAULT NULL,
  `gender` varchar(250) DEFAULT NULL,
  `sleeve` varchar(250) DEFAULT NULL,
  `look` varchar(250) DEFAULT NULL,
  `style_code` varchar(250) DEFAULT NULL,
  `inner_material` varchar(250) DEFAULT NULL,
  `waterproof` varchar(250) DEFAULT NULL,
  `create_at` datetime DEFAULT NULL,
  PRIMARY KEY (`id`)
) ENGINE=InnoDB AUTO_INCREMENT=78 DEFAULT CHARSET=latin1;

/*Data for the table `pricewise_filters` */

/*Table structure for table `product_color_list` */

DROP TABLE IF EXISTS `product_color_list`;

CREATE TABLE `product_color_list` (
  `p_color_id` int(11) NOT NULL AUTO_INCREMENT,
  `item_id` int(11) DEFAULT NULL,
  `color_name` varchar(250) DEFAULT NULL,
  `create_at` datetime DEFAULT NULL,
  `status` int(11) DEFAULT '1',
  PRIMARY KEY (`p_color_id`)
) ENGINE=InnoDB AUTO_INCREMENT=605 DEFAULT CHARSET=latin1;

/*Data for the table `product_color_list` */

insert  into `product_color_list`(`p_color_id`,`item_id`,`color_name`,`create_at`,`status`) values (590,307,'Black','2017-09-02 13:46:06',1),(591,307,'Brown','2017-09-02 13:46:06',1),(592,307,'Blue','2017-09-02 13:46:06',1),(593,307,'Green','2017-09-02 13:46:06',1),(594,314,'Black','2017-09-02 14:54:00',1),(595,314,'Blue','2017-09-02 14:54:00',1),(596,314,'Green','2017-09-02 14:54:00',1),(597,317,'Black','2017-09-05 16:37:25',1),(598,317,'Green','2017-09-05 16:37:25',1),(599,317,'Orange','2017-09-05 16:37:25',1),(600,317,'Red','2017-09-05 16:37:25',1),(601,317,'Yellow','2017-09-05 16:37:25',1),(602,325,'balck','2017-09-12 18:26:41',1),(603,325,'red','2017-09-12 18:26:41',1),(604,325,'green','2017-09-12 18:26:41',1);

/*Table structure for table `product_size_list` */

DROP TABLE IF EXISTS `product_size_list`;

CREATE TABLE `product_size_list` (
  `p_size_id` int(11) NOT NULL AUTO_INCREMENT,
  `item_id` int(11) DEFAULT NULL,
  `p_size_name` varchar(250) DEFAULT NULL,
  `create_at` datetime DEFAULT NULL,
  `status` int(11) DEFAULT '1',
  PRIMARY KEY (`p_size_id`)
) ENGINE=InnoDB AUTO_INCREMENT=731 DEFAULT CHARSET=latin1;

/*Data for the table `product_size_list` */

insert  into `product_size_list`(`p_size_id`,`item_id`,`p_size_name`,`create_at`,`status`) values (715,307,'28','2017-09-02 13:46:05',1),(716,307,'29','2017-09-02 13:46:05',1),(717,307,'2XS','2017-09-02 13:46:05',1),(718,307,'34','2017-09-02 13:46:05',1),(719,311,'','2017-09-02 14:50:26',1),(720,314,'29','2017-09-02 14:53:59',1),(721,314,'28','2017-09-02 14:53:59',1),(722,314,'2XS','2017-09-02 14:53:59',1),(723,314,'30','2017-09-02 14:53:59',1),(724,314,'38','2017-09-02 14:53:59',1),(725,316,'','2017-09-02 14:57:40',1),(726,317,'28','2017-09-05 16:37:24',1),(727,317,'2XL','2017-09-05 16:37:24',1),(728,317,'2XS','2017-09-05 16:37:24',1),(729,317,'23','2017-09-05 16:37:24',1),(730,336,'898','2017-10-03 14:59:39',1);

/*Table structure for table `product_spcifications` */

DROP TABLE IF EXISTS `product_spcifications`;

CREATE TABLE `product_spcifications` (
  `specification_id` int(11) NOT NULL AUTO_INCREMENT,
  `item_id` int(11) DEFAULT NULL,
  `spc_name` varchar(250) DEFAULT NULL,
  `spc_value` varchar(250) DEFAULT NULL,
  `create_at` datetime DEFAULT NULL,
  PRIMARY KEY (`specification_id`)
) ENGINE=InnoDB AUTO_INCREMENT=454 DEFAULT CHARSET=latin1;

/*Data for the table `product_spcifications` */

insert  into `product_spcifications`(`specification_id`,`item_id`,`spc_name`,`spc_value`,`create_at`) values (413,307,'topware','topware','2017-09-02 13:46:06'),(414,308,'Moto m','Moto m','2017-09-02 14:43:46'),(415,309,'Moto m','Moto m','2017-09-02 14:47:30'),(416,310,'moto e3','moto e3','2017-09-02 14:49:05'),(417,311,'apple','apple','2017-09-02 14:50:27'),(418,312,'buty','buty','2017-09-02 14:51:13'),(419,313,'tomota','tomota','2017-09-02 14:51:57'),(420,314,'sandels','sandels','2017-09-02 14:54:00'),(421,315,'egg puff','egg puff','2017-09-02 14:56:53'),(422,316,'non veg puff','non veg puff','2017-09-02 14:57:40'),(423,317,'puma','puma','2017-09-05 16:37:25'),(424,318,'ram','4gb','2017-09-12 13:02:36'),(425,318,'hardisk','500gb','2017-09-12 13:02:36'),(426,319,'ram','4gb','2017-09-12 16:44:10'),(427,319,'hardisk','500gb','2017-09-12 16:44:10'),(428,320,'ram','4gb','2017-09-12 16:46:04'),(429,320,'hardisk','500gb','2017-09-12 16:46:04'),(430,321,'ram','4gb','2017-09-12 17:06:09'),(431,321,'hardisk','500gb','2017-09-12 17:06:09'),(432,322,'ram','4gb','2017-09-12 17:32:05'),(433,322,'hardisk','500gb','2017-09-12 17:32:05'),(434,323,'ram','4gb','2017-09-12 17:49:23'),(435,323,'hardisk','500gb','2017-09-12 17:49:23'),(436,324,'ram','4gb','2017-09-12 18:06:06'),(437,324,'hardisk','500gb','2017-09-12 18:06:06'),(438,325,'ram','4gb','2017-09-12 18:26:41'),(439,325,'hardisk','500gb','2017-09-12 18:26:41'),(440,326,'ram','4gb','2017-09-12 18:34:40'),(441,326,'hardisk','500gb','2017-09-12 18:34:40'),(442,327,'ram','4gb','2017-09-12 18:42:29'),(443,327,'hardisk','500gb','2017-09-12 18:42:29'),(444,328,'urtyu','ytuyt','2017-09-18 11:20:30'),(445,329,'teat','test','2017-09-18 12:27:28'),(446,330,'yutyu','tyuty','2017-09-18 13:20:05'),(447,331,'56756','56765','2017-09-18 16:19:08'),(448,332,'hfgj','hjgh','2017-09-21 10:44:04'),(449,333,'656','fgfgfg','2017-09-21 10:46:30'),(450,334,'yurt','yutyuty','2017-09-21 11:22:18'),(451,335,'main course','main course','2017-09-26 11:32:06'),(452,335,'test','test','2017-09-26 11:32:06'),(453,336,'896789','89','2017-10-03 14:59:39');

/*Table structure for table `product_uksize_list` */

DROP TABLE IF EXISTS `product_uksize_list`;

CREATE TABLE `product_uksize_list` (
  `p_size_id` int(11) NOT NULL AUTO_INCREMENT,
  `item_id` int(11) DEFAULT NULL,
  `p_size_name` varchar(250) DEFAULT NULL,
  `create_at` datetime DEFAULT NULL,
  PRIMARY KEY (`p_size_id`)
) ENGINE=InnoDB AUTO_INCREMENT=10 DEFAULT CHARSET=latin1;

/*Data for the table `product_uksize_list` */

insert  into `product_uksize_list`(`p_size_id`,`item_id`,`p_size_name`,`create_at`) values (1,314,'10','2017-09-02 14:54:00'),(2,314,'28','2017-09-02 14:54:00'),(3,314,'30','2017-09-02 14:54:00'),(4,314,'32','2017-09-02 14:54:00'),(5,314,'40','2017-09-02 14:54:00'),(6,317,'10','2017-09-05 16:37:24'),(7,317,'28','2017-09-05 16:37:25'),(8,317,'32','2017-09-05 16:37:25'),(9,317,'40','2017-09-05 16:37:25');

/*Table structure for table `products` */

DROP TABLE IF EXISTS `products`;

CREATE TABLE `products` (
  `item_id` int(11) NOT NULL AUTO_INCREMENT,
  `seller_id` int(11) NOT NULL,
  `category_id` int(11) NOT NULL,
  `subcategory_id` int(11) NOT NULL,
  `subitemid` int(11) DEFAULT NULL,
  `itemwise_id` int(11) DEFAULT NULL,
  `item_name` varchar(250) DEFAULT NULL,
  `item_status` int(11) DEFAULT '1',
  `item_cost` varchar(250) DEFAULT NULL,
  `special_price` varchar(250) DEFAULT NULL,
  `item_quantity` int(11) DEFAULT NULL,
  `highlights` text,
  `description` text,
  `warranty_summary` text,
  `warranty_type` varchar(250) DEFAULT NULL,
  `service_type` varchar(250) DEFAULT NULL,
  `return_policy` text,
  `brand` varchar(250) DEFAULT NULL,
  `product_code` varchar(250) DEFAULT NULL,
  `Processor` varchar(250) DEFAULT NULL,
  `screen_size` varchar(250) DEFAULT NULL,
  `internal_memeory` varchar(250) DEFAULT NULL,
  `camera` varchar(250) DEFAULT NULL,
  `sim_type` varchar(250) DEFAULT NULL,
  `os` varchar(250) DEFAULT NULL,
  `colour` varchar(250) DEFAULT NULL,
  `ram` varchar(250) DEFAULT NULL,
  `model_name` varchar(250) DEFAULT NULL,
  `model_id` varchar(250) DEFAULT NULL,
  `internal_memory` varchar(250) DEFAULT NULL,
  `expand_memory` varchar(250) DEFAULT NULL,
  `primary_camera` varchar(250) DEFAULT NULL,
  `primary_camera_feature` varchar(250) DEFAULT NULL,
  `secondary_camera` varchar(250) DEFAULT NULL,
  `secondary_camera_feature` varchar(250) DEFAULT NULL,
  `video_recording` varchar(250) DEFAULT NULL,
  `hd_recording` varchar(250) DEFAULT NULL,
  `flash` varchar(250) DEFAULT NULL,
  `other_camera_features` varchar(250) DEFAULT NULL,
  `battery_capacity` varchar(250) DEFAULT NULL,
  `talk_time` varchar(250) DEFAULT NULL,
  `standby_time` varchar(250) DEFAULT NULL,
  `operating_frequency` varchar(250) DEFAULT NULL,
  `preinstalled_browser` varchar(250) DEFAULT NULL,
  `2g` varchar(250) DEFAULT NULL,
  `3g` varchar(250) DEFAULT NULL,
  `4g` varchar(250) DEFAULT NULL,
  `wifi` varchar(250) DEFAULT NULL,
  `gps` varchar(250) DEFAULT NULL,
  `edge` varchar(250) DEFAULT NULL,
  `edge_features` varchar(250) DEFAULT NULL,
  `bluetooth` varchar(250) DEFAULT NULL,
  `nfc` varchar(250) DEFAULT NULL,
  `usb_connectivity` varchar(250) DEFAULT NULL,
  `music_player` varchar(250) DEFAULT NULL,
  `video_player` varchar(250) DEFAULT NULL,
  `audio_jack` varchar(250) DEFAULT NULL,
  `gpu` varchar(250) DEFAULT NULL,
  `sim_size` varchar(250) DEFAULT NULL,
  `sim_supported` varchar(250) DEFAULT NULL,
  `call_memory` varchar(250) DEFAULT NULL,
  `sms_memory` varchar(250) DEFAULT NULL,
  `phone_book_memory` varchar(250) DEFAULT NULL,
  `sensors` varchar(250) DEFAULT NULL,
  `java` varchar(250) DEFAULT NULL,
  `insales_package` varchar(250) DEFAULT NULL,
  `dislay_resolution` varchar(250) DEFAULT NULL,
  `display_type` varchar(250) DEFAULT NULL,
  `ingredients` varchar(250) DEFAULT NULL,
  `key_feature` varchar(250) DEFAULT NULL,
  `unit` varchar(250) DEFAULT NULL,
  `packingtype` varchar(250) DEFAULT NULL,
  `disclaimer` text,
  `colors` varchar(250) DEFAULT NULL,
  `wash_care` varchar(250) DEFAULT NULL,
  `style_code` varchar(250) DEFAULT NULL,
  `look` varchar(250) DEFAULT NULL,
  `size` varchar(250) DEFAULT NULL,
  `material` varchar(250) DEFAULT NULL,
  `occasion` varchar(250) DEFAULT NULL,
  `pattern` varchar(250) DEFAULT NULL,
  `sleeve` varchar(250) DEFAULT NULL,
  `fit` varchar(250) DEFAULT NULL,
  `gender` enum('Male','Female') DEFAULT NULL,
  `collar_type` varchar(250) DEFAULT NULL,
  `set_contents` varchar(250) DEFAULT NULL,
  `type` varchar(250) DEFAULT NULL,
  `neck_type` varchar(250) DEFAULT NULL,
  `package_contents` varchar(250) DEFAULT NULL,
  `style` varchar(250) DEFAULT NULL,
  `age` varchar(250) DEFAULT NULL,
  `ideal_for` varchar(250) DEFAULT NULL,
  `blouse_length` varchar(250) DEFAULT NULL,
  `saree_length` varchar(250) DEFAULT NULL,
  `pockets` varchar(250) DEFAULT NULL,
  `length` varchar(250) DEFAULT NULL,
  `waterproof` varchar(250) DEFAULT NULL,
  `laptop_compartment` varchar(250) DEFAULT NULL,
  `closure` varchar(250) DEFAULT NULL,
  `wheels` varchar(250) DEFAULT NULL,
  `no_of_pockets` varchar(250) DEFAULT NULL,
  `inner_material` varchar(250) DEFAULT NULL,
  `product_dimension` varchar(250) DEFAULT NULL,
  `f_stop` varchar(250) DEFAULT NULL,
  `picture_angle` varchar(250) DEFAULT NULL,
  `minimum_focusing_distance` varchar(250) DEFAULT NULL,
  `aperture_withmaxfocal_length` varchar(250) DEFAULT NULL,
  `aperture_with_minfocal_length` varchar(250) DEFAULT NULL,
  `maximum_focal_length` varchar(250) DEFAULT NULL,
  `maximum_reproduction_ratio` varchar(250) DEFAULT NULL,
  `lens_construction` varchar(250) DEFAULT NULL,
  `lens_hood` varchar(250) DEFAULT NULL,
  `lens_case` varchar(250) DEFAULT NULL,
  `lens_cap` varchar(250) DEFAULT NULL,
  `filter_attachment_size` varchar(250) DEFAULT NULL,
  `dimension` varchar(250) DEFAULT NULL,
  `weight` varchar(250) DEFAULT NULL,
  `resolution` varchar(250) DEFAULT NULL,
  `sensor_type` varchar(250) DEFAULT NULL,
  `lcd_screen_size` varchar(250) DEFAULT NULL,
  `battery_type` varchar(250) DEFAULT NULL,
  `lens_mount` varchar(250) DEFAULT NULL,
  `exposure_mode` varchar(250) DEFAULT NULL,
  `meter_coupling` varchar(250) DEFAULT NULL,
  `lens_auto_focus` varchar(250) DEFAULT NULL,
  `focus_length` varchar(250) DEFAULT NULL,
  `focus_point` varchar(250) DEFAULT NULL,
  `focus_lock` varchar(250) DEFAULT NULL,
  `manual_focus` varchar(250) DEFAULT NULL,
  `af_area_mode` varchar(250) DEFAULT NULL,
  `detection_range` varchar(250) DEFAULT NULL,
  `number_of_dots_effective_pixels` varchar(250) DEFAULT NULL,
  `brightness_setting` varchar(250) DEFAULT NULL,
  `viewfinder` varchar(250) DEFAULT NULL,
  `viewfindermagnifiaction` varchar(250) DEFAULT NULL,
  `aspect_ratio` varchar(250) DEFAULT NULL,
  `image_size` varchar(250) DEFAULT NULL,
  `image_resolution` varchar(250) DEFAULT NULL,
  `video_resolution` varchar(250) DEFAULT NULL,
  `flash_mode` varchar(250) DEFAULT NULL,
  `flash_range` varchar(250) DEFAULT NULL,
  `built_in_flash` varchar(250) DEFAULT NULL,
  `external_flash` varchar(250) DEFAULT NULL,
  `audio_recording_device` varchar(250) DEFAULT NULL,
  `audio_recording_format` varchar(250) DEFAULT NULL,
  `video_compression` varchar(250) DEFAULT NULL,
  `face_detection` varchar(250) DEFAULT NULL,
  `video_format` varchar(250) DEFAULT NULL,
  `image_format` varchar(250) DEFAULT NULL,
  `microphone` varchar(250) DEFAULT NULL,
  `pictbridge` varchar(250) DEFAULT NULL,
  `card_type` varchar(250) DEFAULT NULL,
  `supplied_battery` varchar(250) DEFAULT NULL,
  `ac_adapter` varchar(250) DEFAULT NULL,
  `iso_rating` varchar(250) DEFAULT NULL,
  `iso_sensitivity` varchar(250) DEFAULT NULL,
  `dust_reduction` varchar(250) DEFAULT NULL,
  `metering_method` varchar(250) DEFAULT NULL,
  `metering_system` varchar(250) DEFAULT NULL,
  `supported_languages` varchar(250) DEFAULT NULL,
  `sync_terminal` varchar(250) DEFAULT NULL,
  `view_finder` varchar(250) DEFAULT NULL,
  `white_balancing` varchar(250) DEFAULT NULL,
  `hdmi` varchar(250) DEFAULT NULL,
  `self_timer` varchar(250) DEFAULT NULL,
  `scene_modes` varchar(250) DEFAULT NULL,
  `environment` varchar(250) DEFAULT NULL,
  `series` varchar(250) DEFAULT NULL,
  `part_number` varchar(250) DEFAULT NULL,
  `hdd_capacity` varchar(250) DEFAULT NULL,
  `processorbrand` varchar(250) DEFAULT NULL,
  `variant` varchar(250) DEFAULT NULL,
  `chipset` varchar(250) DEFAULT NULL,
  `clock_speed` varchar(250) DEFAULT NULL,
  `cache` varchar(250) DEFAULT NULL,
  `screen_type` varchar(250) DEFAULT NULL,
  `graphic_processor` varchar(250) DEFAULT NULL,
  `memory_slots` varchar(250) DEFAULT NULL,
  `rpm` varchar(250) DEFAULT NULL,
  `optical_drive` varchar(250) DEFAULT NULL,
  `wan` varchar(250) DEFAULT NULL,
  `ethernet` varchar(250) DEFAULT NULL,
  `vgaport` varchar(250) DEFAULT NULL,
  `usb_port` varchar(250) DEFAULT NULL,
  `hdmi_port` varchar(250) DEFAULT NULL,
  `multi_card_slot` varchar(250) DEFAULT NULL,
  `web_camera` varchar(250) DEFAULT NULL,
  `keyboard` varchar(250) DEFAULT NULL,
  `speakers` varchar(250) DEFAULT NULL,
  `mic_in` varchar(250) DEFAULT NULL,
  `power_supply` varchar(250) DEFAULT NULL,
  `battery_backup` varchar(250) DEFAULT NULL,
  `battery_cell` varchar(250) DEFAULT NULL,
  `adapter` varchar(250) DEFAULT NULL,
  `office` varchar(250) DEFAULT NULL,
  `fingerprint_point` varchar(250) DEFAULT NULL,
  `noise_reduction` varchar(250) DEFAULT NULL,
  `connectivity` varchar(250) DEFAULT NULL,
  `headphone_jack` varchar(250) DEFAULT NULL,
  `compatible_for` varchar(250) DEFAULT NULL,
  `total_power_output` varchar(250) DEFAULT NULL,
  `sound_system` varchar(250) DEFAULT NULL,
  `speaker_driver` varchar(250) DEFAULT NULL,
  `power` varchar(250) DEFAULT NULL,
  `wired_wireless` varchar(250) DEFAULT NULL,
  `bluetooth_range` varchar(250) DEFAULT NULL,
  `model_series` varchar(250) DEFAULT NULL,
  `installation` varchar(250) DEFAULT NULL,
  `warranty_card` varchar(250) DEFAULT NULL,
  `functions` varchar(250) DEFAULT NULL,
  `printer_type` varchar(250) DEFAULT NULL,
  `interface` varchar(250) DEFAULT NULL,
  `printer_output` varchar(250) DEFAULT NULL,
  `max_print_resolution` varchar(250) DEFAULT NULL,
  `print_speed` varchar(250) DEFAULT NULL,
  `scanner_type` varchar(250) DEFAULT NULL,
  `document_size` varchar(250) DEFAULT NULL,
  `scanning_resolution` varchar(250) DEFAULT NULL,
  `copies_from` varchar(250) DEFAULT NULL,
  `copy_size` varchar(250) DEFAULT NULL,
  `iso_29183` varchar(250) DEFAULT NULL,
  `noise_level` varchar(250) DEFAULT NULL,
  `paper_hold_input` varchar(250) DEFAULT NULL,
  `paper_hold_output` varchar(250) DEFAULT NULL,
  `paper_size` varchar(250) DEFAULT NULL,
  `print_margin` varchar(250) DEFAULT NULL,
  `standby` varchar(250) DEFAULT NULL,
  `operating_temperature_range` varchar(250) DEFAULT NULL,
  `frequency` varchar(250) DEFAULT NULL,
  `sole_material` varchar(250) DEFAULT NULL,
  `fastening` varchar(250) DEFAULT NULL,
  `toe_shape` varchar(250) DEFAULT NULL,
  `ean_upc` varchar(250) DEFAULT NULL,
  `useage` varchar(250) DEFAULT NULL,
  `item_image` varchar(250) DEFAULT NULL,
  `item_image1` varchar(250) DEFAULT NULL,
  `item_image2` varchar(250) DEFAULT NULL,
  `item_image3` varchar(250) DEFAULT NULL,
  `item_image4` varchar(250) DEFAULT NULL,
  `item_image5` varchar(250) DEFAULT NULL,
  `item_image6` varchar(250) DEFAULT NULL,
  `item_image7` varchar(250) DEFAULT NULL,
  `item_image8` varchar(250) DEFAULT NULL,
  `item_image9` varchar(250) DEFAULT NULL,
  `item_image10` varchar(250) DEFAULT NULL,
  `item_image11` varchar(250) DEFAULT NULL,
  `admin_status` int(11) DEFAULT '0',
  `offer_percentage` varbinary(250) DEFAULT NULL,
  `offer_amount` varchar(250) DEFAULT NULL,
  `offer_type` int(11) DEFAULT NULL,
  `offer_combo_item_id` int(111) DEFAULT NULL,
  `offer_combo_item_name` varchar(250) DEFAULT NULL,
  `offer_expairdate` varchar(250) DEFAULT NULL,
  `seller_location_area` int(11) DEFAULT NULL,
  `yes` int(11) DEFAULT '1',
  `created_at` datetime DEFAULT NULL,
  `discount` varchar(250) DEFAULT NULL,
  `offers` varchar(250) DEFAULT NULL,
  `offer_time` varchar(250) DEFAULT NULL,
  `name` varchar(250) DEFAULT NULL,
  `updated_at` datetime DEFAULT NULL,
  PRIMARY KEY (`item_id`)
) ENGINE=InnoDB AUTO_INCREMENT=1114 DEFAULT CHARSET=latin1;

/*Data for the table `products` */

insert  into `products`(`item_id`,`seller_id`,`category_id`,`subcategory_id`,`subitemid`,`itemwise_id`,`item_name`,`item_status`,`item_cost`,`special_price`,`item_quantity`,`highlights`,`description`,`warranty_summary`,`warranty_type`,`service_type`,`return_policy`,`brand`,`product_code`,`Processor`,`screen_size`,`internal_memeory`,`camera`,`sim_type`,`os`,`colour`,`ram`,`model_name`,`model_id`,`internal_memory`,`expand_memory`,`primary_camera`,`primary_camera_feature`,`secondary_camera`,`secondary_camera_feature`,`video_recording`,`hd_recording`,`flash`,`other_camera_features`,`battery_capacity`,`talk_time`,`standby_time`,`operating_frequency`,`preinstalled_browser`,`2g`,`3g`,`4g`,`wifi`,`gps`,`edge`,`edge_features`,`bluetooth`,`nfc`,`usb_connectivity`,`music_player`,`video_player`,`audio_jack`,`gpu`,`sim_size`,`sim_supported`,`call_memory`,`sms_memory`,`phone_book_memory`,`sensors`,`java`,`insales_package`,`dislay_resolution`,`display_type`,`ingredients`,`key_feature`,`unit`,`packingtype`,`disclaimer`,`colors`,`wash_care`,`style_code`,`look`,`size`,`material`,`occasion`,`pattern`,`sleeve`,`fit`,`gender`,`collar_type`,`set_contents`,`type`,`neck_type`,`package_contents`,`style`,`age`,`ideal_for`,`blouse_length`,`saree_length`,`pockets`,`length`,`waterproof`,`laptop_compartment`,`closure`,`wheels`,`no_of_pockets`,`inner_material`,`product_dimension`,`f_stop`,`picture_angle`,`minimum_focusing_distance`,`aperture_withmaxfocal_length`,`aperture_with_minfocal_length`,`maximum_focal_length`,`maximum_reproduction_ratio`,`lens_construction`,`lens_hood`,`lens_case`,`lens_cap`,`filter_attachment_size`,`dimension`,`weight`,`resolution`,`sensor_type`,`lcd_screen_size`,`battery_type`,`lens_mount`,`exposure_mode`,`meter_coupling`,`lens_auto_focus`,`focus_length`,`focus_point`,`focus_lock`,`manual_focus`,`af_area_mode`,`detection_range`,`number_of_dots_effective_pixels`,`brightness_setting`,`viewfinder`,`viewfindermagnifiaction`,`aspect_ratio`,`image_size`,`image_resolution`,`video_resolution`,`flash_mode`,`flash_range`,`built_in_flash`,`external_flash`,`audio_recording_device`,`audio_recording_format`,`video_compression`,`face_detection`,`video_format`,`image_format`,`microphone`,`pictbridge`,`card_type`,`supplied_battery`,`ac_adapter`,`iso_rating`,`iso_sensitivity`,`dust_reduction`,`metering_method`,`metering_system`,`supported_languages`,`sync_terminal`,`view_finder`,`white_balancing`,`hdmi`,`self_timer`,`scene_modes`,`environment`,`series`,`part_number`,`hdd_capacity`,`processorbrand`,`variant`,`chipset`,`clock_speed`,`cache`,`screen_type`,`graphic_processor`,`memory_slots`,`rpm`,`optical_drive`,`wan`,`ethernet`,`vgaport`,`usb_port`,`hdmi_port`,`multi_card_slot`,`web_camera`,`keyboard`,`speakers`,`mic_in`,`power_supply`,`battery_backup`,`battery_cell`,`adapter`,`office`,`fingerprint_point`,`noise_reduction`,`connectivity`,`headphone_jack`,`compatible_for`,`total_power_output`,`sound_system`,`speaker_driver`,`power`,`wired_wireless`,`bluetooth_range`,`model_series`,`installation`,`warranty_card`,`functions`,`printer_type`,`interface`,`printer_output`,`max_print_resolution`,`print_speed`,`scanner_type`,`document_size`,`scanning_resolution`,`copies_from`,`copy_size`,`iso_29183`,`noise_level`,`paper_hold_input`,`paper_hold_output`,`paper_size`,`print_margin`,`standby`,`operating_temperature_range`,`frequency`,`sole_material`,`fastening`,`toe_shape`,`ean_upc`,`useage`,`item_image`,`item_image1`,`item_image2`,`item_image3`,`item_image4`,`item_image5`,`item_image6`,`item_image7`,`item_image8`,`item_image9`,`item_image10`,`item_image11`,`admin_status`,`offer_percentage`,`offer_amount`,`offer_type`,`offer_combo_item_id`,`offer_combo_item_name`,`offer_expairdate`,`seller_location_area`,`yes`,`created_at`,`discount`,`offers`,`offer_time`,`name`,`updated_at`) values (1096,142,20,226,272,0,'moto c Grey 128GB 3gb Ram',1,'25000','13000',20,'high',NULL,'war','warr type','service type','return ','moto','Product Code','Processor','Screen Size','128GB','16 mp','nano','andriod 7.0','Grey','3GB','Model Name','model id','128GB','256','12','yea','16','yes','yes','yes','yes','yes','3050mah','24hrs','48 hours','yesy','yesy','yesy','yesy','yesy','yesy','yesy','yes','yes','yesy','yesy','yesy','yesy','yes','yesy','yesy','yes','nano','yes','yes','yes','yes','no','charger and  cable  and battery','1078*1098','1078*1098','','','','','',NULL,'','','','','','','','','','','','','','','','','','','','','','','','','','','','','',NULL,NULL,'','','','','','','','','','','','','','','','','','','','','','','','','','','','','','','','','','','','','','','','','','','','','','','','','','','','','','','','','','','','','','','','','','','','','','','','','','','','','','','','','','','','','','','','','','','','','','','','','','','','','','','','','','','','','','','','','','','','','','','','','','','',NULL,'','','','','','0.63256800 1513751127b1.jpg','','','','','','','',NULL,NULL,NULL,NULL,0,NULL,NULL,NULL,NULL,NULL,NULL,2,1,'2017-12-20 11:55:27','2,000.00','13.33',NULL,'moto c',NULL),(1097,142,20,226,272,0,'moto c Black 64GB 4GB Ram',1,'15000','13000',20,'high',NULL,'war','warr type','service type','return ','moto','Product Code','Processor','Screen Size','64GB','14 mp','nano','andriod 7.0','Black','4GB','Model Name','model id','64GB','256','12','yea','16','yes','yes','yes','yes','yes','3050mah','24hrs','48 hours','yesy','yesy','yesy','yesy','yesy','yesy','yesy','yes','yes','yesy','yesy','yesy','yesy','yes','yesy','yesy','yes','nano','yes','yes','yes','yes','no','charger and  cable  and battery','1078*1098','1078*1098','','','','','',NULL,'','','','','','','','','','','','','','','','','','','','','','','','','','','','','',NULL,NULL,'','','','','','','','','','','','','','','','','','','','','','','','','','','','','','','','','','','','','','','','','','','','','','','','','','','','','','','','','','','','','','','','','','','','','','','','','','','','','','','','','','','','','','','','','','','','','','','','','','','','','','','','','','','','','','','','','','','','','','','','','','','',NULL,'','','','','','0.26068600 1513751178b2.jpg','','','','','','','',NULL,NULL,NULL,NULL,0,NULL,NULL,NULL,NULL,NULL,NULL,2,1,'2017-12-20 11:56:18','2,000.00','13.33',NULL,'moto c',NULL),(1098,142,20,226,272,0,'moto c  Black 32GB 2GB Ram',1,'15000','13000',20,'high',NULL,'war','warr type','service type','return ','moto','Product Code','Processor','Screen Size','32GB','14 mp','nano','andriod 7.0','Black','2GB','Model Name','model id','32GB','256','12','yea','16','yes','yes','yes','yes','yes','3050mah','24hrs','48 hours','yesy','yesy','yesy','yesy','yesy','yesy','yesy','yes','yes','yesy','yesy','yesy','yesy','yes','yesy','yesy','yes','nano','yes','yes','yes','yes','no','charger and  cable  and battery','1078*1098','1078*1098','','','','','',NULL,'','','','','','','','','','','','','','','','','','','','','','','','','','','','','',NULL,NULL,'','','','','','','','','','','','','','','','','','','','','','','','','','','','','','','','','','','','','','','','','','','','','','','','','','','','','','','','','','','','','','','','','','','','','','','','','','','','','','','','','','','','','','','','','','','','','','','','','','','','','','','','','','','','','','','','','','','','','','','','','','','',NULL,'','','','','','0.57871300 1513751236b2.jpg','','','','','','','',NULL,NULL,NULL,NULL,0,NULL,NULL,NULL,NULL,NULL,NULL,2,1,'2017-12-20 11:57:16','2,000.00','13.33',NULL,'moto c ',NULL),(1099,142,20,226,272,0,'moto c  Grey 32GB 3GB Ram',1,'30000','27000',20,'high',NULL,'war','warr type','service type','return ','moto','Product Code','Processor','Screen Size','32GB','14 mp','nano','andriod 7.0','Grey','3GB','Model Name','model id','32GB','256','12','yea','16','yes','yes','yes','yes','yes','3050mah','24hrs','48 hours','yesy','yesy','yesy','yesy','yesy','yesy','yesy','yes','yes','yesy','yesy','yesy','yesy','yes','yesy','yesy','yes','nano','yes','yes','yes','yes','no','charger and  cable  and battery','1078*1098','1078*1098','','','','','',NULL,'','','','','','','','','','','','','','','','','','','','','','','','','','','','','',NULL,NULL,'','','','','','','','','','','','','','','','','','','','','','','','','','','','','','','','','','','','','','','','','','','','','','','','','','','','','','','','','','','','','','','','','','','','','','','','','','','','','','','','','','','','','','','','','','','','','','','','','','','','','','','','','','','','','','','','','','','','','','','','','','','',NULL,'','','','','','0.96936900 1513751282b2.jpg','','','','','','','',NULL,NULL,NULL,NULL,0,NULL,NULL,NULL,NULL,NULL,NULL,2,1,'2017-12-20 11:58:02','2,000.00','13.33',NULL,'moto c ',NULL),(1100,142,20,227,273,0,'nokia Black 32GB 2GB Ram',1,'16000','14000',32,'hight',NULL,'war','warr type','service type','return polic','nokia','Product Code','Processor','Screen Size','32GB','14 mp','nano','Operating System','Black','2GB','Model Name','model id','32GB','56','16','25','12','36','yes','yes','yes','yes','50000','yes','yes','yes','yes','yes','yes','yes','yes','','','','','','','','','','','','nano','','','','','','','','','','','','','',NULL,'','','','','','','','','','','','','','','','','','','','','','','','','','','','','',NULL,NULL,'','','','','','','','','','','','','','','','','','','','','','','','','','','','','','','','','','','','','','','','','','','','','','','','','','','','','','','','','','','','','','','','','','','','','','','','','','','','','','','','','','','','','','','','','','','','','','','','','','','','','','','','','','','','','','','','','','','','','','','','','','','',NULL,'','','','','','0.77941200 1513751407b1.jpg','','','','','','','',NULL,NULL,NULL,NULL,0,NULL,NULL,NULL,NULL,NULL,NULL,2,1,'2017-12-20 12:00:07','2,000.00','12.50',NULL,'nokia',NULL),(1101,142,20,227,273,0,'nokia  Black 64GB 3GB Ram',1,'16000','14000',32,'hight',NULL,'war','warr type','service type','return polic','nokia','Product Code','Processor','Screen Size','64GB','64 mp','nano','Operating System','Black','3GB','Model Name','model id','64GB','56','16','25','12','36','yes','yes','yes','yes','50000','yes','yes','yes','yes','yes','yes','yes','yes','','','','','','','','','','','','nano','','','','','','','','','','','','','',NULL,'','','','','','','','','','','','','','','','','','','','','','','','','','','','','',NULL,NULL,'','','','','','','','','','','','','','','','','','','','','','','','','','','','','','','','','','','','','','','','','','','','','','','','','','','','','','','','','','','','','','','','','','','','','','','','','','','','','','','','','','','','','','','','','','','','','','','','','','','','','','','','','','','','','','','','','','','','','','','','','','','',NULL,'','','','','','0.48095100 1513751450oppof3.png','','','','','','','',NULL,NULL,NULL,NULL,0,NULL,NULL,NULL,NULL,NULL,NULL,2,1,'2017-12-20 12:00:50','2,000.00','12.50',NULL,'nokia ',NULL),(1102,142,20,227,273,0,'carbon Black 64GB 3GB Ram',1,'16000','14000',32,'hight',NULL,'war','warr type','service type','return polic','carbon','Product Code','Processor','Screen Size','64GB','64 mp','nano','Operating System','Black','3GB','Model Name','model id','64GB','56','16','25','12','36','yes','yes','yes','yes','50000','yes','yes','yes','yes','yes','yes','yes','yes','','','','','','','','','','','','nano','','','','','','','','','','','','','',NULL,'','','','','','','','','','','','','','','','','','','','','','','','','','','','','',NULL,NULL,'','','','','','','','','','','','','','','','','','','','','','','','','','','','','','','','','','','','','','','','','','','','','','','','','','','','','','','','','','','','','','','','','','','','','','','','','','','','','','','','','','','','','','','','','','','','','','','','','','','','','','','','','','','','','','','','','','','','','','','','','','','',NULL,'','','','','','0.23055700 1513751495vasu sign.jpg','','','','','','','',NULL,NULL,NULL,NULL,0,NULL,NULL,NULL,NULL,NULL,NULL,2,1,'2017-12-20 12:01:35','2,000.00','12.50',NULL,'carbon',NULL),(1103,142,21,41,220,35,'allu',1,'45','20',10,'',NULL,'war','warr type','','','allu','allu1','','','','','','','','','','','','','','','','','','','','','','','','','','','','','','','','','','','','','','','','','','','','','','','','','','ingredients','key feature','200grams','packing type','disclaimer',NULL,'','','','','','','','','','','','','','','','','','','','','','','','','','','','','',NULL,NULL,'','','','','','','','','','','','','','','','','','','','','','','','','','','','','','','','','','','','','','','','','','','','','','','','','','','','','','','','','','','','','','','','','','','','','','','','','','','','','','','','','','','','','','','','','','','','','','','','','','','','','','','','','','','','','','','','','','','','','','','','','','','',NULL,'','','','','','0.57093200 1513751564b1.jpg','','','','','','','',NULL,NULL,NULL,NULL,0,NULL,NULL,NULL,NULL,NULL,NULL,2,1,'2017-12-20 12:02:44','25.00','55.56',NULL,'allu',NULL),(1104,142,21,41,220,35,'Tamota',1,'45','20',10,'',NULL,'war','warr type','','','tamota','allu1','','','','','','','','','','','','','','','','','','','','','','','','','','','','','','','','','','','','','','','','','','','','','','','','','','ingredients','','200grams','packing type','disclaimer',NULL,'','','','','','','','','','','','','','','','','','','','','','','','','','','','','',NULL,NULL,'','','','','','','','','','','','','','','','','','','','','','','','','','','','','','','','','','','','','','','','','','','','','','','','','','','','','','','','','','','','','','','','','','','','','','','','','','','','','','','','','','','','','','','','','','','','','','','','','','','','','','','','','','','','','','','','','','','','','','','','','','','',NULL,'','','','','','0.19476500 1513751604vasu sign.jpg','','','','','','','',NULL,NULL,NULL,NULL,0,NULL,NULL,NULL,NULL,NULL,NULL,2,1,'2017-12-20 12:03:24','25.00','55.56',NULL,'Tamota',NULL),(1105,142,21,41,221,37,'herbs',1,'45','20',10,'',NULL,'war','warr type','','','herbs','allu1','','','','','','','','','','','','','','','','','','','','','','','','','','','','','','','','','','','','','','','','','','','','','','','','','','ingredients','','200grams','packing type','disclaimer',NULL,'','','','','','','','','','','','','','','','','','','','','','','','','','','','','',NULL,NULL,'','','','','','','','','','','','','','','','','','','','','','','','','','','','','','','','','','','','','','','','','','','','','','','','','','','','','','','','','','','','','','','','','','','','','','','','','','','','','','','','','','','','','','','','','','','','','','','','','','','','','','','','','','','','','','','','','','','','','','','','','','','',NULL,'','','','','','0.07366100 1513751647b2.jpg','','','','','','','',NULL,NULL,NULL,NULL,0,NULL,NULL,NULL,NULL,NULL,NULL,2,1,'2017-12-20 12:04:07','25.00','55.56',NULL,'herbs',NULL),(1106,142,21,44,204,79,'mango',1,'90','80',56,'',NULL,'','','','','mango','mango','','','','','','','','','','','','','','','','','','','','','','','','','','','','','','','','','','','','','','','','','','','','','','','','','','ingredients','key feature','500 grams','packing type','disclaimer',NULL,'','','','','','','','','','','','','','','','','','','','','','','','','','','','','',NULL,NULL,'','','','','','','','','','','','','','','','','','','','','','','','','','','','','','','','','','','','','','','','','','','','','','','','','','','','','','','','','','','','','','','','','','','','','','','','','','','','','','','','','','','','','','','','','','','','','','','','','','','','','','','','','','','','','','','','','','','','','','','','','','','',NULL,'','','','','','0.91710300 1513751709b3.jpg','','','','','','','',NULL,NULL,NULL,NULL,0,NULL,NULL,NULL,NULL,NULL,NULL,2,1,'2017-12-20 12:05:09','10.00','11.11',NULL,'mango',NULL),(1107,142,21,44,206,88,'tea',1,'15','10',50,'',NULL,'','','','','tea','tea','','','','','','','','','','','','','','','','','','','','','','','','','','','','','','','','','','','','','','','','','','','','','','','','','','ingredients','key feature','unit','packing type','',NULL,'','','','','','','','','','','','','','','','','','','','','','','','','','','','','',NULL,NULL,'','','','','','','','','','','','','','','','','','','','','','','','','','','','','','','','','','','','','','','','','','','','','','','','','','','','','','','','','','','','','','','','','','','','','','','','','','','','','','','','','','','','','','','','','','','','','','','','','','','','','','','','','','','','','','','','','','','','','','','','','','','',NULL,'','','','','','0.23911800 15137517691503725078food2.jpg','','','','','','','',NULL,NULL,NULL,NULL,0,NULL,NULL,NULL,NULL,NULL,NULL,2,1,'2017-12-20 12:06:09','5.00','33.33',NULL,'tea',NULL),(1108,142,21,96,182,194,'markup',1,'600','400',0,'',NULL,'','','','','markup','markup','','','','','','','','','','','','','','','','','','','','','','','','','','','','','','','','','','','','','','','','','','','','','','','','','','ingredients','key feature','600grams','packed','disclaimer',NULL,'','','','','','','','','','','','','','','','','','','','','','','','','','','','','',NULL,NULL,'','','','','','','','','','','','','','','','','','','','','','','','','','','','','','','','','','','','','','','','','','','','','','','','','','','','','','','','','','','','','','','','','','','','','','','','','','','','','','','','','','','','','','','','','','','','','','','','','','','','','','','','','','','','','','','','','','','','','','','','','','','',NULL,'','','','','','0.58475700 15137518331504340166images_-_Copy.jpg','','','','','','','',NULL,NULL,NULL,NULL,0,NULL,NULL,NULL,NULL,NULL,NULL,2,1,'2017-12-20 12:07:13','200.00','33.33',NULL,'markup',NULL),(1109,142,22,107,222,0,'dell Color',1,'45000','33000',32,'highlist',NULL,'war','warr type','service type','return ','dell','Product Code','Processor','Screen Size','','','','Operating System','Color','3GB','Model Name','','','','','','','','','','','','','','','','','','','','','','','','','','','','','','','','','','','','','','','','','','','','','',NULL,'','','','','','','','','','','','','','','','','','','','','','','','','','','','','',NULL,NULL,'','','','','','','','','','','','','Resolution','','','','','','','','','','','','','','','','','','','','','','','','','','','','','','','','','','','','','','','','','','','','','','','','','','Series','Part Number','HDD Capacity','ProcessorBrand','Variant','Chipset','Clock Speed','Cache','Screen Type','Graphic Processor','Memory Slots','RPM','Optical Drive','Wireless WAN','Ethernet','VGA Port','USB Port','HDMI Port','Multi Card Slot','','','','','','','','','','','','','','','','','','','','','','','','','','','','','','','','','','','','','','','','','','',NULL,'','','','','','0.20861800 15137520391503469539router.jpg','','','','','','','',NULL,NULL,NULL,NULL,0,NULL,NULL,NULL,NULL,NULL,NULL,2,1,'2017-12-20 12:10:39','12,000.00','26.67',NULL,'dell',NULL),(1110,142,22,107,222,0,'lenovo Color',1,'45000','33000',32,'highlist',NULL,'war','warr type','service type','return ','dell','Product Code','Processor','Screen Size','','','','Operating System','Color','3GB','Model Name','','','','','','','','','','','','','','','','','','','','','','','','','','','','','','','','','','','','','','','','','','','','','',NULL,'','','','','','','','','','','','','','','','','','','','','','','','','','','','','',NULL,NULL,'','','','','','','','','','','','','Resolution','','','','','','','','','','','','','','','','','','','','','','','','','','','','','','','','','','','','','','','','','','','','','','','','','','Series','Part Number','HDD Capacity','ProcessorBrand','Variant','Chipset','Clock Speed','Cache','Screen Type','Graphic Processor','Memory Slots','RPM','Optical Drive','Wireless WAN','Ethernet','VGA Port','USB Port','HDMI Port','Multi Card Slot','','','','','','','','','','','','','','','','','','','','','','','','','','','','','','','','','','','','','','','','','','',NULL,'','','','','','0.14342500 15137520751503552211camera.jpg','','','','','','','',NULL,NULL,NULL,NULL,0,NULL,NULL,NULL,NULL,NULL,NULL,2,1,'2017-12-20 12:11:15','12,000.00','26.67',NULL,'lenovo',NULL),(1111,142,22,108,234,0,'dell Color',1,'8000','600',10,'hight',NULL,'war','warr type','service type','return ','dell','Product Code','','','','','','','Color','','Model Name','model id','','','','','','','','','','','','','','','','','','','','','','','','','','','','','','','','','','','','','','','','','','','','disclimer',NULL,'','','','Size','','','','','','','','','type','','','','','','','','','','','','','','','','',NULL,NULL,'','','','','','','','','','','','Weight','','','','','','','','','','','','','','','','','','','','','','','','','','','','','','','','','','','','','','','','','','','','','','','','','','','','','','','','','','','','','','','','','','','','','','','','','','','','','','','','','','','','','','','','','','','','','','','','','','','','','','','','','','','','','','','',NULL,'','','','','usage','0.05575200 15137522311504866648bit_grocery.jpg','','','','','','','',NULL,NULL,NULL,NULL,0,NULL,NULL,NULL,NULL,NULL,NULL,2,1,'2017-12-20 12:13:51','7,400.00','92.50',NULL,'dell',NULL),(1112,142,24,136,373,0,'full length Black',1,'800','650',20,'',NULL,'','','','','sari','Product Code','','','','','','','Black','','','','','','','','','','','','','','','','','','','','','','','','','','','','','','','','','','','','','','','','','','','','','','','',NULL,'Wash Care','Style Code','Look','Size','Material','Occasion','Pattern','Sleeve','Fit','Female','Collar Type','','','','','','','','','','','','','','','','','','',NULL,NULL,'','','','','','','','','','','','','','','','','','','','','','','','','','','','','','','','','','','','','','','','','','','','','','','','','','','','','','','','','','','','','','','','','','','','','','','','','','','','','','','','','','','','','','','','','','','','','','','','','','','','','','','','','','','','','','','','','','','','','','','','','','','',NULL,'','','','','','0.05672200 1513752370150538681211131a.jpg','','','','','','','',NULL,NULL,NULL,NULL,0,NULL,NULL,NULL,NULL,NULL,NULL,2,1,'2017-12-20 12:16:10','150.00','18.75',NULL,'full length',NULL),(1113,142,20,226,272,269,'vasu Grey 2TB 16gb Ram',1,'60000','50000',20,'highlights',NULL,'Brand Warranty of 1 Year Available for Mobile and 6 Months for Accessories','warran type','repair','return policy','vasu','vasasu','2.2ghz','16','2TB','16mp','nano','7.1','Grey','16GB','model name','model id','2TB','128 GB','8MP','Aperature: f/2.2','5MP','Aperature: f/2.4, Beauty Camera - Works Even in Low Light, Suport HDR - with 16 Million Colors','1920 x 1080','Yes','Yes','','5000 mAh Battery','','','','','','','','','','','','','','','','','','','','nano','','','','','','','','','','','','','',NULL,'','','','','','','','','','','','','','','','','','','','','','','','','','','','','',NULL,NULL,'','','','','','','','','','','','','','','','','','','','','','','','','','','','','','','','','','','','','','','','','','','','','','','','','','','','','','','','','','','','','','','','','','','','','','','','','','','','','','','','','','','','','','','','','','','','','','','','','','','','','','','','','','','','','','','','','','','','','','','','','','','',NULL,'','','','','','0.06012500 1513834259b1.jpg','','','','','','','',NULL,NULL,NULL,NULL,0,NULL,NULL,NULL,NULL,NULL,NULL,2,1,'2017-12-21 11:00:59','10,000.00','16.67',NULL,'vasu',NULL);

/*Table structure for table `products_back` */

DROP TABLE IF EXISTS `products_back`;

CREATE TABLE `products_back` (
  `item_id` int(11) NOT NULL AUTO_INCREMENT,
  `seller_id` int(11) NOT NULL,
  `category_id` int(11) NOT NULL,
  `subcategory_id` int(11) NOT NULL,
  `item_name` varchar(250) DEFAULT NULL,
  `skuid` varchar(250) DEFAULT NULL,
  `item_code` varchar(250) DEFAULT NULL,
  `item_cost` decimal(10,2) DEFAULT NULL,
  `special_price` decimal(10,2) DEFAULT NULL,
  `offers` varchar(250) DEFAULT NULL,
  `discount` varchar(250) DEFAULT NULL,
  `item_quantity` int(11) DEFAULT NULL,
  `keywords` varchar(250) DEFAULT NULL,
  `title` varchar(250) DEFAULT NULL,
  `item_status` int(11) DEFAULT NULL,
  `item_description` text,
  `ideal_for` varchar(250) DEFAULT NULL,
  `item_sub_name` varchar(250) DEFAULT NULL,
  `sufficient_for` varchar(250) DEFAULT NULL,
  `producttype` varchar(250) DEFAULT NULL,
  `theme` varchar(250) DEFAULT NULL,
  `dial_shape` varchar(250) DEFAULT NULL,
  `compatibleos` varchar(250) DEFAULT NULL,
  `usage` varchar(250) DEFAULT NULL,
  `display_type` varchar(250) DEFAULT NULL,
  `occasion` varchar(250) DEFAULT NULL,
  `material` varchar(250) DEFAULT NULL,
  `gemstones` varchar(250) DEFAULT NULL,
  `strap_color` varchar(250) DEFAULT NULL,
  `dial_color` varchar(250) DEFAULT NULL,
  `packof` varchar(250) DEFAULT NULL,
  `compatible_mobiles` varchar(250) DEFAULT NULL,
  `mega_pixel` varchar(250) DEFAULT NULL,
  `sensor_type` varchar(250) DEFAULT NULL,
  `battery_type` varchar(250) DEFAULT NULL,
  `wireless_speed` varchar(250) DEFAULT NULL,
  `frequency_band` varchar(250) DEFAULT NULL,
  `broadband_compatibility` varchar(250) DEFAULT NULL,
  `usb_ports` varchar(250) DEFAULT NULL,
  `frequency` varchar(250) DEFAULT NULL,
  `antennae` varchar(250) DEFAULT NULL,
  `display_size` varchar(250) DEFAULT NULL,
  `connectivity` varchar(250) DEFAULT NULL,
  `ram` varchar(250) DEFAULT NULL,
  `ram_type` varchar(250) DEFAULT NULL,
  `voice_calling_facility` varchar(250) DEFAULT NULL,
  `operatingsystem` varchar(250) DEFAULT NULL,
  `operating_system_version_name` varchar(250) DEFAULT NULL,
  `battery_capacity` varchar(250) DEFAULT NULL,
  `primary_camera` varchar(250) DEFAULT NULL,
  `secondary_camera` varchar(250) DEFAULT NULL,
  `processor_clock_speed` varchar(250) DEFAULT NULL,
  `processor` varchar(250) DEFAULT NULL,
  `processor_brand` varchar(250) DEFAULT NULL,
  `life_style` varchar(250) DEFAULT NULL,
  `storage_type` varchar(250) DEFAULT NULL,
  `graphics_memory` varchar(250) DEFAULT NULL,
  `memory_type` varchar(250) DEFAULT NULL,
  `touch_screen` varchar(250) DEFAULT NULL,
  `weight` varchar(250) DEFAULT NULL,
  `internal_storage` varchar(250) DEFAULT NULL,
  `network_type` varchar(250) DEFAULT NULL,
  `speciality` varchar(250) DEFAULT NULL,
  `resolution_type` varchar(250) DEFAULT NULL,
  `sim_type` varchar(250) DEFAULT NULL,
  `clock_speed` varchar(250) DEFAULT NULL,
  `cores` varchar(250) DEFAULT NULL,
  `season` varchar(250) DEFAULT NULL,
  `brand` varchar(250) DEFAULT NULL,
  `cusine` varchar(250) DEFAULT NULL,
  `gender` int(11) DEFAULT NULL,
  `item_image` varchar(250) DEFAULT NULL,
  `item_image1` varbinary(250) DEFAULT NULL,
  `item_image2` varchar(250) DEFAULT NULL,
  `item_image3` varchar(250) DEFAULT NULL,
  `item_image4` varchar(250) DEFAULT NULL,
  `item_image5` varchar(250) DEFAULT NULL,
  `item_image6` varchar(250) DEFAULT NULL,
  `item_image7` varchar(250) DEFAULT NULL,
  `item_image8` varchar(250) DEFAULT NULL,
  `item_image9` varchar(250) DEFAULT NULL,
  `item_image10` varchar(250) DEFAULT NULL,
  `item_image11` varchar(250) DEFAULT NULL,
  `admin_status` int(11) DEFAULT '0',
  `offer_percentage` varbinary(250) DEFAULT NULL,
  `offer_amount` varchar(250) DEFAULT NULL,
  `offer_type` int(11) DEFAULT NULL,
  `offer_combo_item_id` int(11) DEFAULT NULL,
  `offer_combo_item_name` varchar(250) DEFAULT NULL,
  `offer_expairdate` varchar(250) DEFAULT NULL,
  `offer_time` varchar(250) DEFAULT NULL,
  `seller_location_area` int(11) DEFAULT NULL,
  `yes` int(11) DEFAULT '1',
  `created_at` datetime DEFAULT NULL,
  PRIMARY KEY (`item_id`)
) ENGINE=InnoDB AUTO_INCREMENT=298 DEFAULT CHARSET=latin1;

/*Data for the table `products_back` */

insert  into `products_back`(`item_id`,`seller_id`,`category_id`,`subcategory_id`,`item_name`,`skuid`,`item_code`,`item_cost`,`special_price`,`offers`,`discount`,`item_quantity`,`keywords`,`title`,`item_status`,`item_description`,`ideal_for`,`item_sub_name`,`sufficient_for`,`producttype`,`theme`,`dial_shape`,`compatibleos`,`usage`,`display_type`,`occasion`,`material`,`gemstones`,`strap_color`,`dial_color`,`packof`,`compatible_mobiles`,`mega_pixel`,`sensor_type`,`battery_type`,`wireless_speed`,`frequency_band`,`broadband_compatibility`,`usb_ports`,`frequency`,`antennae`,`display_size`,`connectivity`,`ram`,`ram_type`,`voice_calling_facility`,`operatingsystem`,`operating_system_version_name`,`battery_capacity`,`primary_camera`,`secondary_camera`,`processor_clock_speed`,`processor`,`processor_brand`,`life_style`,`storage_type`,`graphics_memory`,`memory_type`,`touch_screen`,`weight`,`internal_storage`,`network_type`,`speciality`,`resolution_type`,`sim_type`,`clock_speed`,`cores`,`season`,`brand`,`cusine`,`gender`,`item_image`,`item_image1`,`item_image2`,`item_image3`,`item_image4`,`item_image5`,`item_image6`,`item_image7`,`item_image8`,`item_image9`,`item_image10`,`item_image11`,`admin_status`,`offer_percentage`,`offer_amount`,`offer_type`,`offer_combo_item_id`,`offer_combo_item_name`,`offer_expairdate`,`offer_time`,`seller_location_area`,`yes`,`created_at`) values (220,54,20,40,'546345','563456','63456','123.00','4563456.00','53','56546456',5635,'ewrtwert','rtwrt',1,'rtwer','retwert','','','twer','','','','','','','','','','','','','','','','','','','','','','wretwert','','wretwert','','','retwert','rtwret','twret','','retwert','','','rtwrt','','','','','','','wertwrt','','wertwre','rtwert','retwert','rtwert','rtwretert',NULL,NULL,NULL,NULL,'15013341931.JPG','','','','','','','','','','','',0,'10','5643.5',3,0,NULL,'08/25/2017','02:30am',2,1,'2017-07-29 15:16:33'),(221,54,19,23,'puma','puma','3333','213.00','9999.00','33','2222',236,'puma','puma',1,'puma','test','puma','','','ghdfgh','','','','','','','','','','','','','','','','','','','','','','','','','','','','','','','','','','','','','','','','','','','','','','',NULL,NULL,NULL,NULL,'15013341931.JPG','','','','','','','','','','','',0,NULL,NULL,NULL,NULL,NULL,NULL,NULL,2,1,'2017-08-01 08:00:23'),(222,54,19,0,'sparx','sparx-11','sparx1122','23.00','1500.00','10','20',52,'sparx','sparx',1,'sparx','','snadels','','','theme','','','','','','','','','','','','','','','','','','','','','','','','','','','','','','','','','','','','','','','','','','','','','','',NULL,NULL,NULL,NULL,'15013341931.JPG','','','','','','','','','','','',0,NULL,NULL,NULL,NULL,NULL,NULL,NULL,2,1,'2017-08-01 07:57:36'),(223,93,18,2,'gfdgsdf','gsdfg','5634563456','2323.00','56345643.00','5643563456','5634',56345,'5634563','5634',1,'563456','','653456','6546456','','','','','','','','','','','','','','','','','','','','','','','','','','','','','','','','','','','','','','','','','','','','','','','','',NULL,NULL,NULL,NULL,'15013341931.JPG','','','','','','','','','','','',0,'12','76156.08',1,0,NULL,'08/16/2017','02:00am',2,1,'2017-07-31 14:16:11'),(224,93,18,2,'gfdgsdf','gsdfg','5634563456','23213.00','56345643.00','5643563456','5634',56345,'5634563','5634',1,'563456','','653456','6546456','','','','','','','','','','','','','','','','','','','','','','','','','','','','','','','','','','','','','','','','','','','','','','','','',NULL,NULL,NULL,NULL,'15013341931.JPG','','','','','','','','','','','',0,'12','76156.08',1,0,NULL,'08/16/2017','02:00am',2,1,'2017-07-31 14:16:49'),(225,93,18,2,'yurtyuyt','urtyurt','745674567','2321.00','674567.00','67456','674567',6767,'67467','674567',1,'674567','','674674','67467','','','','','','','','','','','','','','','','','','','','','','','','','','','','','','','','','','','','','','','','','','','','','','','','',NULL,NULL,'test1',NULL,'15013341931.JPG','','','','','','','','','','','',0,'12','8948094.72',1,0,NULL,'08/16/2017','02:00am',2,1,'2017-07-31 14:17:53'),(226,54,19,0,'sparx','sparx-11','sparx1122','2321.00','1500.00','10','20',52,'sparx','sparx',1,'sparx','','snadels','','','','','','','','','','','','','','','','','','','','','','','','','','','','','','','','','','','','','','','','','','','','','','','','','',NULL,NULL,NULL,NULL,'15013341931.JPG','','','','','','','','','','','',0,NULL,NULL,NULL,NULL,NULL,NULL,NULL,2,1,'2017-08-01 07:30:35'),(227,54,19,0,'sparx','sparx-11','sparx1122','125.00','1500.00','10','20',52,'sparx','sparx',1,'sparx','','snadels','','','','','','','','','','','','','','','','','','','','','','','','','','','','','','','','','','','','','','','','','','','','','','','','','',NULL,NULL,NULL,NULL,'15013341931.JPG','','','','','','','','','','','',0,NULL,NULL,NULL,NULL,NULL,NULL,NULL,2,1,'2017-08-01 07:31:10'),(228,54,19,53,'puma2222','ghdfgh','fdghdfgh','2323.00','99999999.99','3456345','1000',546345,'563456','345634',1,'563456','','563456','','','656','','','','','test','','','','','','','','','','','','','','','','','','','','','','','','','','','','','','','','','','','','','','','','','',NULL,NULL,NULL,NULL,'15013341931.JPG','','','','','','','','','','','',0,NULL,NULL,NULL,NULL,NULL,NULL,NULL,2,1,'2017-08-01 08:56:58'),(229,54,20,39,'Dell','fgdfg','dell','232.00','100.00','200','500',56,'ghdfgh','fgdhfg',1,'ghdfgh','ghdfg','ghdfgh','','','','','','','','','','','','','','','','','','','','','','','','15','','4gb','ddr3','','win10','','','','','','i5','inetl','life','liquid','2gb','3d','no','2gb','500gb','','','','','','',NULL,NULL,NULL,NULL,'15013341931.JPG','','','','','','','','','','','',0,'20','2000',2,0,NULL,'08/04/2017','03:30am',2,1,'2017-08-01 09:02:57'),(230,54,20,40,'Sony','sony-11','sony','223.00','30000.00','213','500',52,'sony','sony',1,'sony','sony','laptops','','','','','','','','','','','','','','','','','','','','','','','','16','','8gb','','','in7','6.0','3050','13','16','','','intel','','','','','','','itb','4g','speciality','16','','12','4',NULL,NULL,NULL,NULL,'15013341931.JPG','','','','','','','','','','','',0,'10','2500',3,0,NULL,'08/25/2017','02:30am',2,1,'2017-08-01 09:14:37'),(231,54,20,39,'sony','sony-11','ntg','3123.00','30000.00','ntg','500',13,'metakeywords','metakeywords',1,'metakeywords','ideal','sony','','','','','','','','','','','','','','','','','','','','','','','','16','','8gb','ddr3','','win7','','','','','','i5','intel','lifestyle','sata','5gb','ddr3','yes','5kgs','1tb','','','','','','',NULL,NULL,NULL,NULL,'15013341931.JPG','','','','','','','','','','','',0,'20','10000',2,0,NULL,'08/04/2017','03:30am',2,1,'2017-08-01 09:17:42'),(232,91,18,4,'test','test','test11','2313.00','12.00','ntg','23',2,'2323','123',1,'2321','','23123','2321','','','','','','','','','','','','','','','','','','','','','','','','','','','','','','','','','','','','','','','','','','','','','','','','',NULL,NULL,'test1',NULL,'15013341931.JPG','','','','','','','','','','','',0,'','0',4,229,NULL,'08/17/2017','02:00am',2,1,'2017-08-01 09:22:15'),(233,91,18,8,'test','testing','tenszjsdjhJH','2332.00','6456456.00','45645645','5645',6456,'64564','54645',1,'56456','65456','5645','','','6767','','','','','','','','','','','','','','','','','','','','','','','','','','','','','','','','','','','','','','','','','','','','','','',NULL,'546456','test2',NULL,'15013341931.JPG','','','','','','','','','','','',0,'15','75',5,NULL,NULL,'2017-08-01 11:28:14',NULL,1,1,'2017-08-02 09:16:05'),(234,91,18,1,'prodctname','skuid','otherunique','312.00','999.00','12','10',50,'metakeyword','meta tile',1,'description','','subitem','12','','test','','','','','','','','','','','','','','','','','','','','','','','','','','','','','','','','','','','','','','','','','','','','','','',NULL,'','test1',NULL,'15013341931.JPG','15016709364AffV.png','1501670936rose-flower-blossom-bloom-39517.jpeg','1501670937marguerite-daisy-beautiful-beauty.jpg','1501670937flower-purple-lical-blosso.jpg','1501670937hd_pictures_of_beautiful_flowers_05_166896.jpg','1501670939hqdefault.jpg','1501670940hqdefault.jpg','1501670940hqdefault.jpg','1501670940hqdefault.jpg','1501670940hqdefault.jpg','1501670940hqdefault.jpg',0,NULL,NULL,NULL,NULL,NULL,NULL,NULL,1,1,'2017-08-02 12:52:09'),(235,91,21,41,'apple','apple-11','apple 11','120.00','150.00','10','10',25,'apple ','Apple',1,'Apple','','fruites','','','','','','','','','','','','','','','','','','','','','','','','','','','','','','','','','','','','','','','','','','','','','','','','','',NULL,'','test',NULL,'15013341931.JPG','','','','','','','','','','','',0,NULL,NULL,NULL,NULL,NULL,NULL,NULL,1,1,'2017-08-02 13:29:34'),(236,91,21,41,'56565','64564','4356','3123.00','563456.00','5464356','564356',4564,'563456','54645',1,'6456','','56345','','','','','','','','','','','','','','','','','','','','','','','','','','','','','','','','','','','','','','','','','','','','','','','','','',NULL,'645645','test1',NULL,'15013341931.JPG','','','','','','','','','','','',0,'12','374.76',5,NULL,NULL,'2017-08-16 14:21:10',NULL,1,1,'2017-08-02 13:55:14'),(237,91,21,49,'prodctname','skuidgrocery','otherunique','2322.00','999.00','12','10',50,'metakeyword','meta tile',1,'description',NULL,'subitem',NULL,NULL,NULL,NULL,NULL,NULL,NULL,NULL,NULL,NULL,NULL,NULL,NULL,NULL,NULL,NULL,NULL,NULL,NULL,NULL,NULL,NULL,NULL,NULL,NULL,NULL,NULL,NULL,NULL,NULL,NULL,NULL,NULL,NULL,NULL,NULL,NULL,NULL,NULL,NULL,NULL,NULL,NULL,NULL,NULL,NULL,NULL,NULL,NULL,NULL,'puma',NULL,NULL,'15013341931.JPG','15016760364AffV.png','1501676036rose-flower-blossom-bloom-39517.jpeg','1501676036marguerite-daisy-beautiful-beauty.jpg','1501676036flower-purple-lical-blosso.jpg','1501676037hd_pictures_of_beautiful_flowers_05_166896.jpg','1501676039hqdefault.jpg','1501676039hqdefault.jpg','1501676039hqdefault.jpg','1501676039hqdefault.jpg','1501676040hqdefault.jpg','1501676040hqdefault.jpg',0,'13','301.86',1,0,NULL,'2017-08-31 10:50:00 PM',NULL,1,1,'2017-08-02 14:13:59'),(238,91,21,42,'prodctname','skuhjghjgidgrocery','otherunique','2323.00','999.00','12','10',50,'metakeyword','meta tile',1,'description','','subitem','','','','','','','','','','','','','','','','','','','','','','','','','','','','','','','','','','','','','','','','','','','','','','','','','',NULL,'puma','test2',NULL,'15013341931.JPG','15016761994AffV.png','1501676199rose-flower-blossom-bloom-39517.jpeg','1501676199marguerite-daisy-beautiful-beauty.jpg','1501676199flower-purple-lical-blosso.jpg','1501676200hd_pictures_of_beautiful_flowers_05_166896.jpg','1501676202hqdefault.jpg','1501676202hqdefault.jpg','1501676202hqdefault.jpg','1501676202hqdefault.jpg','1501676202hqdefault.jpg','1501676202hqdefault.jpg',0,NULL,NULL,NULL,NULL,NULL,NULL,NULL,1,1,'2017-08-02 14:27:49'),(239,91,18,2,'prodctname','skuidghfghfg','otherunique','232.00','999.00','12','10',50,'metakeyword','meta tile',1,'description',NULL,'subitem','12',NULL,NULL,NULL,NULL,NULL,NULL,NULL,NULL,NULL,NULL,NULL,NULL,NULL,NULL,NULL,NULL,NULL,NULL,NULL,NULL,NULL,NULL,NULL,NULL,NULL,NULL,NULL,NULL,NULL,NULL,NULL,NULL,NULL,NULL,NULL,NULL,NULL,NULL,NULL,NULL,NULL,NULL,NULL,NULL,NULL,NULL,NULL,NULL,NULL,NULL,'test',NULL,'15013341931.JPG','15016762934AffV.png','1501676293rose-flower-blossom-bloom-39517.jpeg','1501676293marguerite-daisy-beautiful-beauty.jpg','1501676294flower-purple-lical-blosso.jpg','1501676294hd_pictures_of_beautiful_flowers_05_166896.jpg','1501676296hqdefault.jpg','1501676296hqdefault.jpg','1501676297hqdefault.jpg','1501676297hqdefault.jpg','1501676297hqdefault.jpg','1501676297hqdefault.jpg',0,NULL,NULL,NULL,NULL,NULL,NULL,NULL,1,1,'2017-08-02 14:18:17'),(240,91,20,31,'prodctname','elect','otherunique','323.00','999.00','12','10',50,'metakeyword','meta tile',1,'description','ideal for','subitem',NULL,NULL,NULL,NULL,NULL,NULL,NULL,NULL,NULL,NULL,NULL,NULL,NULL,NULL,NULL,NULL,NULL,NULL,NULL,NULL,NULL,NULL,NULL,NULL,NULL,NULL,NULL,NULL,NULL,NULL,NULL,NULL,NULL,NULL,NULL,NULL,NULL,NULL,NULL,NULL,NULL,NULL,NULL,NULL,NULL,NULL,NULL,NULL,NULL,NULL,'puma',NULL,NULL,'15013341931.JPG','15017375704AffV.png','1501737571rose-flower-blossom-bloom-39517.jpeg','1501737571marguerite-daisy-beautiful-beauty.jpg','1501737571flower-purple-lical-blosso.jpg','1501737572hd_pictures_of_beautiful_flowers_05_166896.jpg','1501737574hqdefault.jpg','1501737574hqdefault.jpg','1501737574hqdefault.jpg','1501737574hqdefault.jpg','1501737574hqdefault.jpg','1501737575hqdefault.jpg',0,NULL,NULL,NULL,NULL,NULL,NULL,NULL,1,1,'2017-08-03 07:19:34'),(241,91,20,30,'prodctname','electmobileacc','otherunique','232.00','999.00','12','10',50,'metakeyword','meta tile',1,'description','compatible  mobile','subitem',NULL,NULL,NULL,NULL,NULL,NULL,NULL,NULL,NULL,NULL,NULL,NULL,NULL,NULL,NULL,NULL,NULL,NULL,NULL,NULL,NULL,NULL,NULL,NULL,NULL,NULL,NULL,NULL,NULL,NULL,NULL,NULL,NULL,NULL,NULL,NULL,NULL,NULL,NULL,NULL,NULL,NULL,NULL,NULL,NULL,NULL,NULL,NULL,NULL,NULL,'puma',NULL,NULL,'15013341931.JPG','15017391754AffV.png','1501739175rose-flower-blossom-bloom-39517.jpeg','1501739176marguerite-daisy-beautiful-beauty.jpg','1501739176flower-purple-lical-blosso.jpg','1501739176hd_pictures_of_beautiful_flowers_05_166896.jpg','1501739178hqdefault.jpg','1501739178hqdefault.jpg','1501739178hqdefault.jpg','1501739178hqdefault.jpg','1501739179hqdefault.jpg','1501739179hqdefault.jpg',0,NULL,NULL,NULL,NULL,NULL,NULL,NULL,1,1,'2017-08-03 07:46:18'),(242,91,20,30,'prodctname','electmohhhbileacc','otherunique','323.00','999.00','12','10',50,'metakeyword','meta tile',1,'description','ideal for','subitem',NULL,NULL,NULL,NULL,NULL,NULL,NULL,NULL,NULL,NULL,NULL,NULL,NULL,'compatible  mobile',NULL,NULL,NULL,NULL,NULL,NULL,NULL,NULL,NULL,NULL,NULL,NULL,NULL,NULL,NULL,NULL,NULL,NULL,NULL,NULL,NULL,NULL,NULL,NULL,NULL,NULL,NULL,NULL,NULL,NULL,NULL,NULL,NULL,NULL,NULL,NULL,'puma',NULL,NULL,'15013341931.JPG','15017392914AffV.png','1501739291rose-flower-blossom-bloom-39517.jpeg','1501739292marguerite-daisy-beautiful-beauty.jpg','1501739292flower-purple-lical-blosso.jpg','1501739292hd_pictures_of_beautiful_flowers_05_166896.jpg','1501739294hqdefault.jpg','1501739294hqdefault.jpg','1501739294hqdefault.jpg','1501739294hqdefault.jpg','1501739295hqdefault.jpg','1501739295hqdefault.jpg',0,NULL,NULL,NULL,NULL,NULL,NULL,NULL,1,1,'2017-08-03 07:48:14'),(243,91,20,34,'prodctname','camera','otherunique','232.00','999.00','12','10',50,'metakeyword','meta tile',1,'description','ideal for','subitem',NULL,'type',NULL,NULL,NULL,NULL,NULL,NULL,NULL,NULL,NULL,NULL,NULL,NULL,'12mg','sensor type','305mah',NULL,NULL,NULL,NULL,NULL,NULL,NULL,NULL,NULL,NULL,NULL,NULL,NULL,NULL,NULL,NULL,NULL,NULL,NULL,NULL,NULL,NULL,NULL,NULL,NULL,NULL,NULL,NULL,NULL,NULL,NULL,NULL,NULL,'puma','test',NULL,'15013341931.JPG','15017418754AffV.png','1501741875rose-flower-blossom-bloom-39517.jpeg','1501741876marguerite-daisy-beautiful-beauty.jpg','1501741876flower-purple-lical-blosso.jpg','1501741876hd_pictures_of_beautiful_flowers_05_166896.jpg','1501741878hqdefault.jpg','1501741878hqdefault.jpg','1501741879hqdefault.jpg','1501741879hqdefault.jpg','1501741879hqdefault.jpg','1501741879hqdefault.jpg',0,'12','27.84',5,0,NULL,'2017-08-16 14:17:45','08:00am',1,1,'2017-08-03 08:31:19'),(244,91,20,35,'prodctname','tablet','otherunique','323.00','999.00','12','10',50,'metakeyword','meta tile',1,'description','ideal for','subitem',NULL,NULL,NULL,NULL,NULL,NULL,NULL,NULL,NULL,NULL,NULL,NULL,NULL,NULL,NULL,NULL,NULL,NULL,NULL,NULL,NULL,NULL,NULL,'16inch','4g','2gb',NULL,'yes','win7',NULL,'3050','12px',NULL,'12hz',NULL,NULL,NULL,NULL,NULL,NULL,NULL,NULL,'200gb',NULL,NULL,NULL,NULL,NULL,NULL,NULL,'puma','test',NULL,'15013341931.JPG','15017438374AffV.png','1501743837rose-flower-blossom-bloom-39517.jpeg','1501743838marguerite-daisy-beautiful-beauty.jpg','1501743838flower-purple-lical-blosso.jpg','1501743838hd_pictures_of_beautiful_flowers_05_166896.jpg','1501743840hqdefault.jpg','1501743840hqdefault.jpg','1501743840hqdefault.jpg','1501743840hqdefault.jpg','1501743840hqdefault.jpg','1501743841hqdefault.jpg',0,NULL,NULL,NULL,NULL,NULL,NULL,NULL,1,1,'2017-08-03 09:04:00'),(245,91,20,36,'prodctname','router','otherunique','323.00','999.00','12','10',50,'metakeyword','meta tile',1,'description','ideal for','subitem',NULL,'type',NULL,NULL,NULL,NULL,NULL,NULL,NULL,NULL,NULL,NULL,NULL,NULL,NULL,NULL,NULL,'wirelessspeed','fre band','broadband','usbport','fre','antennae',NULL,NULL,NULL,NULL,NULL,NULL,NULL,NULL,NULL,NULL,NULL,NULL,NULL,NULL,NULL,NULL,NULL,NULL,NULL,NULL,NULL,NULL,NULL,NULL,NULL,NULL,NULL,'puma',NULL,NULL,'15013341931.JPG','15017450284AffV.png','1501745028rose-flower-blossom-bloom-39517.jpeg','1501745029marguerite-daisy-beautiful-beauty.jpg','1501745029flower-purple-lical-blosso.jpg','1501745029hd_pictures_of_beautiful_flowers_05_166896.jpg','1501745031hqdefault.jpg','1501745031hqdefault.jpg','1501745031hqdefault.jpg','1501745032hqdefault.jpg','1501745032hqdefault.jpg','1501745032hqdefault.jpg',0,NULL,NULL,NULL,NULL,NULL,NULL,NULL,1,1,'2017-08-03 09:23:52'),(246,91,20,39,'prodctname','laptops','otherunique','323.00','999.00','12','10',50,'metakeyword','meta tile',1,'description','ideal for','subitem',NULL,NULL,NULL,NULL,NULL,NULL,NULL,NULL,NULL,NULL,NULL,NULL,NULL,NULL,NULL,NULL,NULL,NULL,NULL,NULL,NULL,NULL,NULL,'Screen size',NULL,'ram','Ram type',NULL,'os',NULL,NULL,NULL,NULL,NULL,'Processor','Processor Brand','life Style','Storage type','Dedicated graphics memory','Graphics memory type','Touch screen','Weight','Hard disk capacity',NULL,NULL,NULL,NULL,NULL,NULL,NULL,'puma',NULL,NULL,'15013341931.JPG','15017466464AffV.png','1501746647rose-flower-blossom-bloom-39517.jpeg','1501746647marguerite-daisy-beautiful-beauty.jpg','1501746647flower-purple-lical-blosso.jpg','1501746648hd_pictures_of_beautiful_flowers_05_166896.jpg','1501746649hqdefault.jpg','1501746649hqdefault.jpg','1501746650hqdefault.jpg','1501746650hqdefault.jpg','1501746650hqdefault.jpg','1501746650hqdefault.jpg',0,NULL,NULL,NULL,NULL,NULL,NULL,NULL,1,1,'2017-08-03 09:50:50'),(247,91,20,40,'sony','mobiles','otherunique','323.00','999.00','12','10',50,'metakeyword','meta tile',1,'description','ideal for','subitem',NULL,'type',NULL,NULL,NULL,NULL,NULL,NULL,NULL,NULL,NULL,NULL,NULL,NULL,NULL,NULL,NULL,NULL,NULL,NULL,NULL,NULL,NULL,'Screen size',NULL,'4gb',NULL,NULL,'os','Operating system version name','Battery capacity','Primary camera','Secondary camera',NULL,NULL,'Processor brand',NULL,NULL,NULL,NULL,NULL,NULL,'internal Storage','Network type','Speciality','Resolution type','sim type','Clock Speed','no.of cores',NULL,'puma',NULL,NULL,'15013341931.JPG','15017519114AffV.png','1501751911rose-flower-blossom-bloom-39517.jpeg','1501751913marguerite-daisy-beautiful-beauty.jpg','1501751913flower-purple-lical-blosso.jpg','1501751913hd_pictures_of_beautiful_flowers_05_166896.jpg','1501751915hqdefault.jpg','1501751915hqdefault.jpg','1501751915hqdefault.jpg','1501751915hqdefault.jpg','1501751915hqdefault.jpg','1501751916hqdefault.jpg',0,NULL,NULL,NULL,NULL,NULL,NULL,NULL,1,1,'2017-08-03 11:18:35'),(248,91,19,7,'prodctname','Beauty','otherunique','323.00','999.00','12','10',50,'metakeyword','meta tile',1,'description','ideal for','subitem',NULL,NULL,NULL,NULL,NULL,NULL,NULL,NULL,NULL,NULL,NULL,NULL,NULL,NULL,NULL,NULL,NULL,NULL,NULL,NULL,NULL,NULL,NULL,NULL,NULL,NULL,NULL,NULL,NULL,NULL,NULL,NULL,NULL,NULL,NULL,NULL,NULL,NULL,NULL,NULL,NULL,NULL,NULL,NULL,NULL,NULL,NULL,NULL,NULL,NULL,'puma',NULL,NULL,'15013341931.JPG','15017530234AffV.png','1501753024rose-flower-blossom-bloom-39517.jpeg','1501753024marguerite-daisy-beautiful-beauty.jpg','1501753024flower-purple-lical-blosso.jpg','1501753024hd_pictures_of_beautiful_flowers_05_166896.jpg','1501753026hqdefault.jpg','1501753026hqdefault.jpg','1501753027hqdefault.jpg','1501753027hqdefault.jpg','1501753027hqdefault.jpg','1501753027hqdefault.jpg',0,NULL,NULL,NULL,NULL,NULL,NULL,NULL,1,1,'2017-08-03 11:37:07'),(249,91,19,7,'prodctname','Beauty1','otherunique','323.00','999.00','12','10',50,'metakeyword','meta tile',1,'description','ideal for','subitem',NULL,NULL,NULL,NULL,NULL,NULL,NULL,NULL,NULL,NULL,NULL,NULL,NULL,NULL,NULL,NULL,NULL,NULL,NULL,NULL,NULL,NULL,NULL,NULL,NULL,NULL,NULL,NULL,NULL,NULL,NULL,NULL,NULL,NULL,NULL,NULL,NULL,NULL,NULL,NULL,NULL,NULL,NULL,NULL,NULL,NULL,NULL,NULL,NULL,NULL,'puma',NULL,NULL,'15013341931.JPG','15017530824AffV.png','1501753082rose-flower-blossom-bloom-39517.jpeg','1501753083marguerite-daisy-beautiful-beauty.jpg','1501753083flower-purple-lical-blosso.jpg','1501753083hd_pictures_of_beautiful_flowers_05_166896.jpg','1501753085hqdefault.jpg','1501753085hqdefault.jpg','1501753086hqdefault.jpg','1501753086hqdefault.jpg','1501753086hqdefault.jpg','1501753086hqdefault.jpg',0,NULL,NULL,NULL,NULL,NULL,NULL,NULL,1,1,'2017-08-03 11:38:06'),(250,91,19,8,'winterware','winterware','otherunique','323.00','999.00','12','10',50,'metakeyword','meta tile',1,'description','ideal for','subitem',NULL,NULL,NULL,NULL,NULL,NULL,NULL,NULL,NULL,NULL,NULL,NULL,NULL,NULL,NULL,NULL,NULL,NULL,NULL,NULL,NULL,NULL,NULL,NULL,NULL,NULL,NULL,NULL,NULL,NULL,NULL,NULL,NULL,NULL,NULL,NULL,NULL,NULL,NULL,NULL,NULL,NULL,NULL,NULL,NULL,NULL,NULL,NULL,NULL,NULL,'puma',NULL,NULL,'15013341931.JPG','15017542694AffV.png','1501754269rose-flower-blossom-bloom-39517.jpeg','1501754270marguerite-daisy-beautiful-beauty.jpg','1501754270flower-purple-lical-blosso.jpg','1501754270hd_pictures_of_beautiful_flowers_05_166896.jpg','1501754272hqdefault.jpg','1501754272hqdefault.jpg','1501754272hqdefault.jpg','1501754272hqdefault.jpg','1501754273hqdefault.jpg','1501754273hqdefault.jpg',0,NULL,NULL,NULL,NULL,NULL,NULL,NULL,1,1,'2017-08-03 11:57:52'),(251,91,19,8,'winterwarehj','wintghfghrware','otherunique','323.00','999.00','12','10',50,'metakeyword','meta tile',1,'description','ideal for','subitem',NULL,NULL,NULL,NULL,NULL,NULL,NULL,NULL,NULL,NULL,NULL,NULL,NULL,NULL,NULL,NULL,NULL,NULL,NULL,NULL,NULL,NULL,NULL,NULL,NULL,NULL,NULL,NULL,NULL,NULL,NULL,NULL,NULL,NULL,NULL,NULL,NULL,NULL,NULL,NULL,NULL,NULL,NULL,NULL,NULL,NULL,NULL,NULL,NULL,NULL,'puma',NULL,NULL,'15013341931.JPG','15017543634AffV.png','1501754363rose-flower-blossom-bloom-39517.jpeg','1501754364marguerite-daisy-beautiful-beauty.jpg','1501754364flower-purple-lical-blosso.jpg','1501754365hd_pictures_of_beautiful_flowers_05_166896.jpg','1501754367hqdefault.jpg','1501754367hqdefault.jpg','1501754367hqdefault.jpg','1501754367hqdefault.jpg','1501754367hqdefault.jpg','1501754368hqdefault.jpg',0,NULL,NULL,NULL,NULL,NULL,NULL,NULL,1,1,'2017-08-03 11:59:27'),(252,91,19,10,'smartwatches','smartwatches','otherunique','323.00','999.00','12','10',50,'metakeyword','meta tile',1,'description','ideal for','subitem',NULL,NULL,NULL,'Dial shape','os','usage','Display type',NULL,NULL,NULL,NULL,NULL,NULL,NULL,NULL,NULL,NULL,NULL,NULL,NULL,NULL,NULL,NULL,NULL,NULL,NULL,NULL,NULL,NULL,NULL,NULL,NULL,NULL,NULL,NULL,NULL,NULL,NULL,NULL,NULL,NULL,NULL,NULL,NULL,NULL,NULL,NULL,NULL,NULL,NULL,'puma',NULL,NULL,'15013341931.JPG','15017574974AffV.png','1501757497rose-flower-blossom-bloom-39517.jpeg','1501757499marguerite-daisy-beautiful-beauty.jpg','1501757499flower-purple-lical-blosso.jpg','1501757500hd_pictures_of_beautiful_flowers_05_166896.jpg','1501757502hqdefault.jpg','1501757502hqdefault.jpg','1501757502hqdefault.jpg','1501757502hqdefault.jpg','1501757502hqdefault.jpg','1501757502hqdefault.jpg',0,NULL,NULL,NULL,NULL,NULL,NULL,NULL,1,1,'2017-08-03 12:51:42'),(253,91,19,11,'womenacc','womenacc','otherunique','323.00','999.00','12','10',50,'metakeyword','meta tile',1,'description','ideal for','subitem',NULL,NULL,'Theme',NULL,NULL,NULL,NULL,NULL,NULL,NULL,NULL,NULL,NULL,NULL,NULL,NULL,NULL,NULL,NULL,NULL,NULL,NULL,NULL,NULL,NULL,NULL,NULL,NULL,NULL,NULL,NULL,NULL,NULL,NULL,NULL,NULL,NULL,NULL,NULL,NULL,NULL,NULL,NULL,NULL,NULL,NULL,NULL,NULL,NULL,NULL,'puma',NULL,NULL,'15013341931.JPG','15017588244AffV.png','1501758824rose-flower-blossom-bloom-39517.jpeg','1501758824marguerite-daisy-beautiful-beauty.jpg','1501758825flower-purple-lical-blosso.jpg','1501758825hd_pictures_of_beautiful_flowers_05_166896.jpg','1501758827hqdefault.jpg','1501758827hqdefault.jpg','1501758827hqdefault.jpg','1501758827hqdefault.jpg','1501758827hqdefault.jpg','1501758828hqdefault.jpg',0,NULL,NULL,NULL,NULL,NULL,NULL,NULL,1,1,'2017-08-03 13:13:47'),(254,91,19,53,'footware','footware','otherunique','323.00','999.00','12','10',50,'metakeyword','meta tile',1,'description','ideal for','subitem',NULL,NULL,'theme',NULL,NULL,NULL,NULL,'occasion',NULL,NULL,NULL,NULL,NULL,NULL,NULL,NULL,NULL,NULL,NULL,NULL,NULL,NULL,NULL,NULL,NULL,NULL,NULL,NULL,NULL,NULL,NULL,NULL,NULL,NULL,NULL,NULL,NULL,NULL,NULL,NULL,NULL,NULL,NULL,NULL,NULL,NULL,NULL,NULL,NULL,NULL,'puma','test2',NULL,'15013341931.JPG','15017614274AffV.png','1501761428rose-flower-blossom-bloom-39517.jpeg','1501761428marguerite-daisy-beautiful-beauty.jpg','1501761428flower-purple-lical-blosso.jpg','1501761429hd_pictures_of_beautiful_flowers_05_166896.jpg','1501761431hqdefault.jpg','1501761431hqdefault.jpg','1501761431hqdefault.jpg','1501761431hqdefault.jpg','1501761431hqdefault.jpg','1501761432hqdefault.jpg',0,NULL,NULL,NULL,NULL,NULL,NULL,NULL,1,1,'2017-08-03 13:57:11'),(255,91,19,13,'womensclothing','womensclothing','otherunique','323.00','999.00','12','10',50,'metakeyword','meta tile',1,'description','ideal for','subitem',NULL,'tpe',NULL,NULL,NULL,NULL,NULL,NULL,NULL,NULL,NULL,NULL,NULL,NULL,NULL,NULL,NULL,NULL,NULL,NULL,NULL,NULL,NULL,NULL,NULL,NULL,NULL,NULL,NULL,NULL,NULL,NULL,NULL,NULL,NULL,NULL,NULL,NULL,NULL,NULL,NULL,NULL,NULL,NULL,NULL,NULL,NULL,NULL,NULL,NULL,'puma','test2',NULL,'15013341931.JPG','15017638804AffV.png','1501763880rose-flower-blossom-bloom-39517.jpeg','1501763882marguerite-daisy-beautiful-beauty.jpg','1501763882flower-purple-lical-blosso.jpg','1501763882hd_pictures_of_beautiful_flowers_05_166896.jpg','1501763882hqdefault.jpg','1501763883hqdefault.jpg','1501763883hqdefault.jpg','1501763883hqdefault.jpg','1501763883hqdefault.jpg','1501763883hqdefault.jpg',0,NULL,NULL,NULL,NULL,NULL,NULL,NULL,1,1,'2017-08-03 14:38:03'),(256,91,19,14,'ethinincwear','ethiniwear','otherunique','323.00','999.00','12','10',50,'metakeyword','meta tile',1,'description','ideal for','subitem',NULL,'tpe','Theme',NULL,NULL,NULL,NULL,NULL,NULL,NULL,NULL,NULL,NULL,NULL,NULL,NULL,NULL,NULL,NULL,NULL,NULL,NULL,NULL,NULL,NULL,NULL,NULL,NULL,NULL,NULL,NULL,NULL,NULL,NULL,NULL,NULL,NULL,NULL,NULL,NULL,NULL,NULL,NULL,NULL,NULL,NULL,NULL,NULL,NULL,NULL,'puma',NULL,NULL,'15013341931.JPG','15017650244AffV.png','1501765024rose-flower-blossom-bloom-39517.jpeg','1501765025marguerite-daisy-beautiful-beauty.jpg','1501765025flower-purple-lical-blosso.jpg','1501765025hd_pictures_of_beautiful_flowers_05_166896.jpg','1501765027hqdefault.jpg','1501765027hqdefault.jpg','1501765027hqdefault.jpg','1501765027hqdefault.jpg','1501765028hqdefault.jpg','1501765028hqdefault.jpg',0,NULL,NULL,NULL,NULL,NULL,NULL,NULL,1,1,'2017-08-03 14:57:07'),(257,91,19,15,'JWELLERY','JWELLERY','otherunique','323.00','999.00','12','10',50,'metakeyword','meta tile',1,'description','ideal for','subitem',NULL,'Gemstones',NULL,NULL,NULL,NULL,NULL,NULL,'material','Gemstones',NULL,NULL,NULL,NULL,NULL,NULL,NULL,NULL,NULL,NULL,NULL,NULL,NULL,NULL,NULL,NULL,NULL,NULL,NULL,NULL,NULL,NULL,NULL,NULL,NULL,NULL,NULL,NULL,NULL,NULL,NULL,NULL,NULL,NULL,NULL,NULL,NULL,NULL,NULL,NULL,'puma',NULL,NULL,'15013341931.JPG','15018232614AffV.png','1501823262rose-flower-blossom-bloom-39517.jpeg','1501823262marguerite-daisy-beautiful-beauty.jpg','1501823263flower-purple-lical-blosso.jpg','1501823263hd_pictures_of_beautiful_flowers_05_166896.jpg','1501823265hqdefault.jpg','1501823265hqdefault.jpg','1501823265hqdefault.jpg','1501823266hqdefault.jpg','1501823266hqdefault.jpg','1501823266hqdefault.jpg',0,NULL,NULL,NULL,NULL,NULL,NULL,NULL,1,1,'2017-08-04 07:07:46'),(258,91,19,17,'GYM','GYM','otherunique','323.00','999.00','12','10',50,'metakeyword','meta tile',1,'description','ideal for','subitem',NULL,'tpe',NULL,NULL,NULL,NULL,NULL,NULL,NULL,NULL,NULL,NULL,NULL,NULL,NULL,NULL,NULL,NULL,NULL,NULL,NULL,NULL,NULL,NULL,NULL,NULL,NULL,NULL,NULL,NULL,NULL,NULL,NULL,NULL,NULL,NULL,NULL,NULL,NULL,NULL,NULL,NULL,NULL,NULL,NULL,NULL,NULL,NULL,NULL,NULL,'puma','test2',NULL,'15013341931.JPG','15018238744AffV.png','1501823874rose-flower-blossom-bloom-39517.jpeg','1501823875marguerite-daisy-beautiful-beauty.jpg','1501823875flower-purple-lical-blosso.jpg','1501823875hd_pictures_of_beautiful_flowers_05_166896.jpg','1501823876hqdefault.jpg','1501823876hqdefault.jpg','1501823876hqdefault.jpg','1501823876hqdefault.jpg','1501823877hqdefault.jpg','1501823877hqdefault.jpg',0,NULL,NULL,NULL,NULL,NULL,NULL,NULL,1,1,'2017-08-04 07:17:56'),(259,91,19,18,'WOMENS SWIM & BEACH WEAR','WOMENS SWIM & BEACH WEAR','otherunique','323.00','999.00','12','10',50,'metakeyword','meta tile',1,'description','ideal for','subitem',NULL,NULL,NULL,NULL,NULL,NULL,NULL,NULL,NULL,NULL,NULL,NULL,NULL,NULL,NULL,NULL,NULL,NULL,NULL,NULL,NULL,NULL,NULL,NULL,NULL,NULL,NULL,NULL,NULL,NULL,NULL,NULL,NULL,NULL,NULL,NULL,NULL,NULL,NULL,NULL,NULL,NULL,NULL,NULL,NULL,NULL,NULL,NULL,NULL,NULL,'puma',NULL,NULL,'15013341931.JPG','15018247414AffV.png','1501824741rose-flower-blossom-bloom-39517.jpeg','1501824742marguerite-daisy-beautiful-beauty.jpg','1501824742flower-purple-lical-blosso.jpg','1501824742hd_pictures_of_beautiful_flowers_05_166896.jpg','1501824744hqdefault.jpg','1501824745hqdefault.jpg','1501824745hqdefault.jpg','1501824745hqdefault.jpg','1501824745hqdefault.jpg','1501824746hqdefault.jpg',0,NULL,NULL,NULL,NULL,NULL,NULL,NULL,1,1,'2017-08-04 07:32:25'),(260,91,19,19,'westernware','westernware','otherunique','323.00','999.00','12','10',50,'metakeyword','meta tile',1,'description','ideal for','subitem',NULL,'tpe','Theme',NULL,NULL,NULL,NULL,NULL,NULL,NULL,NULL,NULL,NULL,NULL,NULL,NULL,NULL,NULL,NULL,NULL,NULL,NULL,NULL,NULL,NULL,NULL,NULL,NULL,NULL,NULL,NULL,NULL,NULL,NULL,NULL,NULL,NULL,NULL,NULL,NULL,NULL,NULL,NULL,NULL,NULL,NULL,NULL,NULL,NULL,NULL,'puma',NULL,NULL,'15013341931.JPG','15018260014AffV.png','1501826001rose-flower-blossom-bloom-39517.jpeg','1501826001marguerite-daisy-beautiful-beauty.jpg','1501826002flower-purple-lical-blosso.jpg','1501826002hd_pictures_of_beautiful_flowers_05_166896.jpg','1501826004hqdefault.jpg','1501826004hqdefault.jpg','1501826004hqdefault.jpg','1501826004hqdefault.jpg','1501826004hqdefault.jpg','1501826004hqdefault.jpg',0,NULL,NULL,NULL,NULL,NULL,NULL,NULL,1,1,'2017-08-04 07:53:24'),(261,91,19,50,'womenwatches','womenwatches','otherunique','323.00','999.00','12','10',50,'metakeyword','meta tile',1,'description','ideal for','subitem',NULL,'Type',NULL,'Dial Shape',NULL,NULL,NULL,NULL,'Material',NULL,'Strap Color','Dial Color',NULL,NULL,NULL,NULL,NULL,NULL,NULL,NULL,NULL,NULL,NULL,NULL,NULL,NULL,NULL,NULL,NULL,NULL,NULL,NULL,NULL,NULL,NULL,NULL,NULL,NULL,NULL,NULL,NULL,NULL,NULL,NULL,NULL,NULL,NULL,NULL,NULL,NULL,'puma',NULL,NULL,'15013341931.JPG','15018273504AffV.png','1501827350rose-flower-blossom-bloom-39517.jpeg','1501827350marguerite-daisy-beautiful-beauty.jpg','1501827351flower-purple-lical-blosso.jpg','1501827351hd_pictures_of_beautiful_flowers_05_166896.jpg','1501827353hqdefault.jpg','1501827353hqdefault.jpg','1501827353hqdefault.jpg','1501827353hqdefault.jpg','1501827354hqdefault.jpg','1501827354hqdefault.jpg',0,NULL,NULL,NULL,NULL,NULL,NULL,NULL,1,1,'2017-08-04 08:15:53'),(262,91,19,51,'mensethinic','mensethinic','otherunique','323.00','999.00','12','10',50,'metakeyword','meta tile',1,'description','ideal for','subitem',NULL,'tpe','Theme',NULL,NULL,NULL,NULL,'Occasion',NULL,NULL,NULL,NULL,'packof',NULL,NULL,NULL,NULL,NULL,NULL,NULL,NULL,NULL,NULL,NULL,NULL,NULL,NULL,NULL,NULL,NULL,NULL,NULL,NULL,NULL,NULL,NULL,NULL,NULL,NULL,NULL,NULL,NULL,NULL,NULL,NULL,NULL,NULL,NULL,NULL,NULL,'puma','Qucik bytes1',NULL,'15013341931.JPG','15018306764AffV.png','1501830676rose-flower-blossom-bloom-39517.jpeg','1501830677marguerite-daisy-beautiful-beauty.jpg','1501830677flower-purple-lical-blosso.jpg','1501830677hd_pictures_of_beautiful_flowers_05_166896.jpg','1501830679hqdefault.jpg','1501830679hqdefault.jpg','1501830679hqdefault.jpg','1501830680hqdefault.jpg','1501830680hqdefault.jpg','1501830680hqdefault.jpg',0,NULL,NULL,NULL,NULL,NULL,NULL,NULL,1,1,'2017-08-04 09:11:20'),(263,91,19,23,'mensfabric','fabric','otherunique','323.00','999.00','12','10',50,'metakeyword','meta tile',1,'description','ideal for','subitem',NULL,'tpe',NULL,NULL,NULL,NULL,NULL,NULL,NULL,NULL,NULL,NULL,NULL,NULL,NULL,NULL,NULL,NULL,NULL,NULL,NULL,NULL,NULL,NULL,NULL,NULL,NULL,NULL,NULL,NULL,NULL,NULL,NULL,NULL,NULL,NULL,NULL,NULL,NULL,NULL,NULL,NULL,NULL,NULL,NULL,NULL,NULL,NULL,NULL,NULL,'puma','Qucik bytes1',NULL,'15013341931.JPG','15018316554AffV.png','1501831655rose-flower-blossom-bloom-39517.jpeg','1501831656marguerite-daisy-beautiful-beauty.jpg','1501831656flower-purple-lical-blosso.jpg','1501831656hd_pictures_of_beautiful_flowers_05_166896.jpg','1501831658hqdefault.jpg','1501831658hqdefault.jpg','1501831658hqdefault.jpg','1501831658hqdefault.jpg','1501831659hqdefault.jpg','1501831659hqdefault.jpg',0,NULL,NULL,NULL,NULL,NULL,NULL,NULL,1,1,'2017-08-04 09:27:38'),(264,91,19,24,'gromming','gromming','otherunique','323.00','999.00','12','10',50,'metakeyword','meta tile',1,'description','ideal for','subitem',NULL,NULL,NULL,NULL,NULL,NULL,NULL,NULL,NULL,NULL,NULL,NULL,NULL,NULL,NULL,NULL,NULL,NULL,NULL,NULL,NULL,NULL,NULL,NULL,NULL,NULL,NULL,NULL,NULL,NULL,NULL,NULL,NULL,NULL,NULL,NULL,NULL,NULL,NULL,NULL,NULL,NULL,NULL,NULL,NULL,NULL,NULL,NULL,NULL,NULL,'puma','Qucik bytes1',NULL,'15013341931.JPG','15018319484AffV.png','1501831949rose-flower-blossom-bloom-39517.jpeg','1501831949marguerite-daisy-beautiful-beauty.jpg','1501831949flower-purple-lical-blosso.jpg','1501831950hd_pictures_of_beautiful_flowers_05_166896.jpg','1501831951hqdefault.jpg','1501831951hqdefault.jpg','1501831952hqdefault.jpg','1501831952hqdefault.jpg','1501831952hqdefault.jpg','1501831952hqdefault.jpg',0,NULL,NULL,NULL,NULL,NULL,NULL,NULL,1,1,'2017-08-04 09:32:32'),(265,91,18,25,'mensinnerware','mensinnserware','otherunique','323.00','999.00','12','10',50,'metakeyword','meta tile',1,'description','ideal for','subitem',NULL,NULL,'Theme',NULL,NULL,NULL,NULL,NULL,NULL,NULL,NULL,NULL,NULL,NULL,NULL,NULL,NULL,NULL,NULL,NULL,NULL,NULL,NULL,NULL,NULL,NULL,NULL,NULL,NULL,NULL,NULL,NULL,NULL,NULL,NULL,NULL,NULL,NULL,NULL,NULL,NULL,NULL,NULL,NULL,NULL,NULL,NULL,NULL,NULL,NULL,'puma','Qucik bytes1',NULL,'15013341931.JPG','15018375944AffV.png','1501837594rose-flower-blossom-bloom-39517.jpeg','1501837595marguerite-daisy-beautiful-beauty.jpg','1501837595flower-purple-lical-blosso.jpg','1501837596hd_pictures_of_beautiful_flowers_05_166896.jpg','1501837596hqdefault.jpg','1501837596hqdefault.jpg','1501837596hqdefault.jpg','1501837596hqdefault.jpg','1501837597hqdefault.jpg','1501837597hqdefault.jpg',0,NULL,NULL,NULL,NULL,NULL,NULL,NULL,1,1,'2017-08-04 11:06:36'),(266,91,19,27,'watches','watches','watches','323.00','111.00','11','111',111,'watches','watches',1,'watches','watches','watches','','','','watches','','watches','watches','','','','','','','','','','','','','','','','','','','','','','','','','','','','','','','','','','','','','','','','','','',NULL,'watches','test',NULL,'15013341931.JPG','','','','','','','','','','','',0,NULL,NULL,NULL,NULL,NULL,NULL,NULL,1,1,'2017-08-04 14:03:59'),(267,91,19,27,'watches','watchess','otherunique','323.00','999.00','12','10',50,'metakeyword','meta tile',1,'description','ideal for','subitem',NULL,NULL,NULL,'Dial shape',NULL,'usage','Display type',NULL,NULL,NULL,NULL,NULL,NULL,NULL,NULL,NULL,NULL,NULL,NULL,NULL,NULL,NULL,NULL,NULL,NULL,NULL,NULL,NULL,NULL,NULL,NULL,NULL,NULL,NULL,NULL,NULL,NULL,NULL,NULL,NULL,NULL,NULL,NULL,NULL,NULL,NULL,NULL,NULL,NULL,NULL,'puma',NULL,NULL,'15013341931.JPG','15018493864AffV.png','1501849387rose-flower-blossom-bloom-39517.jpeg','1501849387marguerite-daisy-beautiful-beauty.jpg','1501849387flower-purple-lical-blosso.jpg','1501849388hd_pictures_of_beautiful_flowers_05_166896.jpg','1501849389hqdefault.jpg','1501849390hqdefault.jpg','1501849390hqdefault.jpg','1501849390hqdefault.jpg','1501849390hqdefault.jpg','1501849390hqdefault.jpg',0,NULL,NULL,NULL,NULL,NULL,NULL,NULL,1,1,'2017-08-04 14:23:10'),(268,93,18,1,'Qucik bytes1','Qucik bytes1','Qucik bytes1','323.00','2.00','ntg','1',21,'Qucik bytes1','Qucik bytes1',1,'Qucik bytes1','','Qucik bytes1','Qucik bytes1','','','','','','','','','','','','','','','','','','','','','','','','','','','','','','','','','','','','','','','','','','','','','','','','',NULL,'Qucik bytes1','Qucik bytes1',NULL,'15013341931.JPG','','','','','','','','','','','',0,NULL,NULL,NULL,NULL,NULL,NULL,NULL,2,1,'2017-08-04 14:47:30'),(269,93,18,1,'Qucik bytes11','Qucik bytes11','otherunique','500.00','999.00','12','10',50,'metakeyword','meta tile',1,'description',NULL,'subitem','2',NULL,NULL,NULL,NULL,NULL,NULL,NULL,NULL,NULL,NULL,NULL,NULL,NULL,NULL,NULL,NULL,NULL,NULL,NULL,NULL,NULL,NULL,NULL,NULL,NULL,NULL,NULL,NULL,NULL,NULL,NULL,NULL,NULL,NULL,NULL,NULL,NULL,NULL,NULL,NULL,NULL,NULL,NULL,NULL,NULL,NULL,NULL,NULL,NULL,NULL,'test2',NULL,'15013341931.JPG','15018514384AffV.png','1501851438rose-flower-blossom-bloom-39517.jpeg','1501851439marguerite-daisy-beautiful-beauty.jpg','1501851439flower-purple-lical-blosso.jpg','1501851440hd_pictures_of_beautiful_flowers_05_166896.jpg','1501851441hqdefault.jpg','1501851441hqdefault.jpg','1501851442hqdefault.jpg','1501851442hqdefault.jpg','1501851442hqdefault.jpg','1501851442hqdefault.jpg',0,NULL,NULL,NULL,NULL,NULL,NULL,NULL,2,1,'2017-08-04 14:57:22'),(270,93,21,41,'fruites','fruites','otherunique','323.00','999.00','12','10',50,'metakeyword','meta tile',1,'description',NULL,'subitem',NULL,NULL,NULL,NULL,NULL,NULL,NULL,NULL,NULL,NULL,NULL,NULL,NULL,NULL,NULL,NULL,NULL,NULL,NULL,NULL,NULL,NULL,NULL,NULL,NULL,NULL,NULL,NULL,NULL,NULL,NULL,NULL,NULL,NULL,NULL,NULL,NULL,NULL,NULL,NULL,NULL,NULL,NULL,NULL,NULL,NULL,NULL,NULL,NULL,NULL,'puma',NULL,NULL,'15013341931.JPG','15018515234AffV.png','1501851523rose-flower-blossom-bloom-39517.jpeg','1501851523marguerite-daisy-beautiful-beauty.jpg','1501851523flower-purple-lical-blosso.jpg','1501851524hd_pictures_of_beautiful_flowers_05_166896.jpg','1501851525hqdefault.jpg','1501851526hqdefault.jpg','1501851526hqdefault.jpg','1501851526hqdefault.jpg','1501851526hqdefault.jpg','1501851526hqdefault.jpg',0,NULL,NULL,NULL,NULL,NULL,NULL,NULL,2,1,'2017-08-04 14:58:46'),(271,93,21,42,'grocery','grocery','12','123.00','1.00','12','12',12,'grocery','grocery',1,'grocery','','grocery','','','','','','','','','','','','','','','','','','','','','','','','','','','','','','','','','','','','','','','','','','','','','','','','','',NULL,'grocery','Qucik bytes1',NULL,'15013341931.JPG','','','','','','','','','','','',0,NULL,NULL,NULL,NULL,NULL,NULL,NULL,2,1,'2017-08-04 15:01:33'),(272,91,19,8,'westernwbnvbcnare','westerjghjgfhjnware','otherunique','323.00','999.00','12','10',50,'metakeyword','meta tile',1,'description','ideal for','subitem',NULL,'tpe','Theme',NULL,NULL,NULL,NULL,NULL,NULL,NULL,NULL,NULL,NULL,NULL,NULL,NULL,NULL,NULL,NULL,NULL,NULL,NULL,NULL,NULL,NULL,NULL,NULL,NULL,NULL,NULL,NULL,NULL,NULL,NULL,NULL,NULL,NULL,NULL,NULL,NULL,NULL,NULL,NULL,NULL,NULL,NULL,NULL,NULL,NULL,NULL,'puma',NULL,NULL,'15013341931.JPG','15021926594AffV.png','1502192659rose-flower-blossom-bloom-39517.jpeg','1502192659marguerite-daisy-beautiful-beauty.jpg','1502192660flower-purple-lical-blosso.jpg','1502192660hd_pictures_of_beautiful_flowers_05_166896.jpg','1502192662hqdefault.jpg','1502192662hqdefault.jpg','1502192662hqdefault.jpg','1502192662hqdefault.jpg','1502192663hqdefault.jpg','1502192663hqdefault.jpg',0,NULL,NULL,NULL,NULL,NULL,NULL,NULL,1,1,'2017-08-08 13:44:22'),(273,91,20,30,'prodctname','electmohhhbileacc11','otherunique','100.00','999.00','12','7',50,'metakeyword','meta tile',1,'description','ideal for','subitem',NULL,NULL,NULL,NULL,NULL,NULL,NULL,NULL,NULL,NULL,NULL,NULL,NULL,'compatible  mobile',NULL,NULL,NULL,NULL,NULL,NULL,NULL,NULL,NULL,NULL,NULL,NULL,NULL,NULL,NULL,NULL,NULL,NULL,NULL,NULL,NULL,NULL,NULL,NULL,NULL,NULL,NULL,NULL,NULL,NULL,NULL,NULL,NULL,NULL,NULL,NULL,'puma',NULL,NULL,'1502444707hqdefault.jpg','15024447074AffV.png','1502444707rose-flower-blossom-bloom-39517.jpeg','1502444708marguerite-daisy-beautiful-beauty.jpg','1502444709flower-purple-lical-blosso.jpg','1502444709hd_pictures_of_beautiful_flowers_05_166896.jpg','1502444711hqdefault.jpg','1502444711hqdefault.jpg','1502444711hqdefault.jpg','1502444712hqdefault.jpg','1502444712hqdefault.jpg','1502444712hqdefault.jpg',0,NULL,NULL,NULL,NULL,NULL,NULL,NULL,1,1,'2017-08-11 11:45:12'),(274,91,20,30,'prodctname','electmohhhbileacc12','otherunique','200.00','999.00','12','8',50,'metakeyword','meta tile',1,'description','ideal for','subitem',NULL,NULL,NULL,NULL,NULL,NULL,NULL,NULL,NULL,NULL,NULL,NULL,NULL,'compatible  mobile',NULL,NULL,NULL,NULL,NULL,NULL,NULL,NULL,NULL,NULL,NULL,NULL,NULL,NULL,NULL,NULL,NULL,NULL,NULL,NULL,NULL,NULL,NULL,NULL,NULL,NULL,NULL,NULL,NULL,NULL,NULL,NULL,NULL,NULL,NULL,NULL,'puma',NULL,NULL,'1502444712hqdefault.jpg','15024447134AffV.png','1502444713rose-flower-blossom-bloom-39517.jpeg','1502444714marguerite-daisy-beautiful-beauty.jpg','1502444714flower-purple-lical-blosso.jpg','1502444714hd_pictures_of_beautiful_flowers_05_166896.jpg','1502444716hqdefault.jpg','1502444716hqdefault.jpg','1502444716hqdefault.jpg','1502444716hqdefault.jpg','1502444717hqdefault.jpg','1502444717hqdefault.jpg',0,NULL,NULL,NULL,NULL,NULL,NULL,NULL,1,1,'2017-08-11 11:45:17'),(275,91,20,30,'prodctname','electmohhhbileacc13','otherunique','300.00','999.00','12','9',50,'metakeyword','meta tile',1,'description','ideal for','subitem',NULL,NULL,NULL,NULL,NULL,NULL,NULL,NULL,NULL,NULL,NULL,NULL,NULL,'compatible  mobile',NULL,NULL,NULL,NULL,NULL,NULL,NULL,NULL,NULL,NULL,NULL,NULL,NULL,NULL,NULL,NULL,NULL,NULL,NULL,NULL,NULL,NULL,NULL,NULL,NULL,NULL,NULL,NULL,NULL,NULL,NULL,NULL,NULL,NULL,NULL,NULL,'puma',NULL,NULL,'1502444717hqdefault.jpg','15024447174AffV.png','1502444718rose-flower-blossom-bloom-39517.jpeg','1502444718marguerite-daisy-beautiful-beauty.jpg','1502444719flower-purple-lical-blosso.jpg','1502444720hd_pictures_of_beautiful_flowers_05_166896.jpg','1502444721hqdefault.jpg','1502444721hqdefault.jpg','1502444722hqdefault.jpg','1502444722hqdefault.jpg','1502444722hqdefault.jpg','1502444722hqdefault.jpg',0,NULL,NULL,NULL,NULL,NULL,NULL,NULL,1,1,'2017-08-11 11:45:22'),(276,91,20,30,'prodctname','electmohhhbileacc41','otherunique','400.00','999.00','12','10',50,'metakeyword','meta tile',1,'description','ideal for','subitem',NULL,NULL,NULL,NULL,NULL,NULL,NULL,NULL,NULL,NULL,NULL,NULL,NULL,'compatible  mobile',NULL,NULL,NULL,NULL,NULL,NULL,NULL,NULL,NULL,NULL,NULL,NULL,NULL,NULL,NULL,NULL,NULL,NULL,NULL,NULL,NULL,NULL,NULL,NULL,NULL,NULL,NULL,NULL,NULL,NULL,NULL,NULL,NULL,NULL,NULL,NULL,'puma',NULL,NULL,'1502444723hqdefault.jpg','15024447234AffV.png','1502444723rose-flower-blossom-bloom-39517.jpeg','1502444724marguerite-daisy-beautiful-beauty.jpg','1502444724flower-purple-lical-blosso.jpg','1502444725hd_pictures_of_beautiful_flowers_05_166896.jpg','1502444726hqdefault.jpg','1502444727hqdefault.jpg','1502444727hqdefault.jpg','1502444727hqdefault.jpg','1502444727hqdefault.jpg','1502444727hqdefault.jpg',0,NULL,NULL,NULL,NULL,NULL,NULL,NULL,1,1,'2017-08-11 11:45:27'),(277,91,20,30,'prodctname','electmohhhbileacc55','otherunique','500.00','999.00','12','11',50,'metakeyword','meta tile',1,'description','ideal for','subitem',NULL,NULL,NULL,NULL,NULL,NULL,NULL,NULL,NULL,NULL,NULL,NULL,NULL,'compatible  mobile',NULL,NULL,NULL,NULL,NULL,NULL,NULL,NULL,NULL,NULL,NULL,NULL,NULL,NULL,NULL,NULL,NULL,NULL,NULL,NULL,NULL,NULL,NULL,NULL,NULL,NULL,NULL,NULL,NULL,NULL,NULL,NULL,NULL,NULL,NULL,NULL,'puma',NULL,NULL,'1502444728hqdefault.jpg','15024447284AffV.png','1502444728rose-flower-blossom-bloom-39517.jpeg','1502444729marguerite-daisy-beautiful-beauty.jpg','1502444730flower-purple-lical-blosso.jpg','1502444731hd_pictures_of_beautiful_flowers_05_166896.jpg','1502444735hqdefault.jpg','1502444736hqdefault.jpg','1502444736hqdefault.jpg','1502444736hqdefault.jpg','1502444736hqdefault.jpg','1502444737hqdefault.jpg',0,NULL,NULL,NULL,NULL,NULL,NULL,NULL,1,1,'2017-08-11 11:45:36'),(278,91,20,31,'prodctname','elect1','otherunique','100.00','999.00','12','10',50,'metakeyword','meta tile',1,'description','ideal for','subitem',NULL,NULL,NULL,NULL,NULL,NULL,NULL,NULL,NULL,NULL,NULL,NULL,NULL,NULL,NULL,NULL,NULL,NULL,NULL,NULL,NULL,NULL,NULL,NULL,NULL,NULL,NULL,NULL,NULL,NULL,NULL,NULL,NULL,NULL,NULL,NULL,NULL,NULL,NULL,NULL,NULL,NULL,NULL,NULL,NULL,NULL,NULL,NULL,NULL,NULL,'puma',NULL,NULL,'1502445113hqdefault.jpg','15024451144AffV.png','1502445114rose-flower-blossom-bloom-39517.jpeg','1502445115marguerite-daisy-beautiful-beauty.jpg','1502445115flower-purple-lical-blosso.jpg','1502445116hd_pictures_of_beautiful_flowers_05_166896.jpg','1502445118hqdefault.jpg','1502445118hqdefault.jpg','1502445118hqdefault.jpg','1502445119hqdefault.jpg','1502445119hqdefault.jpg','1502445119hqdefault.jpg',0,NULL,NULL,NULL,NULL,NULL,NULL,NULL,1,1,'2017-08-11 11:51:59'),(279,91,20,31,'prodctname','elect2','otherunique','2000.00','999.00','12','5',50,'metakeyword','meta tile',1,'description','ideal for','subitem',NULL,NULL,NULL,NULL,NULL,NULL,NULL,NULL,NULL,NULL,NULL,NULL,NULL,NULL,NULL,NULL,NULL,NULL,NULL,NULL,NULL,NULL,NULL,NULL,NULL,NULL,NULL,NULL,NULL,NULL,NULL,NULL,NULL,NULL,NULL,NULL,NULL,NULL,NULL,NULL,NULL,NULL,NULL,NULL,NULL,NULL,NULL,NULL,NULL,NULL,'puma',NULL,NULL,'1502445119hqdefault.jpg','15024451204AffV.png','1502445120rose-flower-blossom-bloom-39517.jpeg','1502445120marguerite-daisy-beautiful-beauty.jpg','1502445121flower-purple-lical-blosso.jpg','1502445122hd_pictures_of_beautiful_flowers_05_166896.jpg','1502445123hqdefault.jpg','1502445124hqdefault.jpg','1502445124hqdefault.jpg','1502445124hqdefault.jpg','1502445124hqdefault.jpg','1502445125hqdefault.jpg',0,NULL,NULL,NULL,NULL,NULL,NULL,NULL,1,1,'2017-08-11 11:52:04'),(280,91,20,31,'prodctname','elect3','otherunique','300.00','999.00','12','7',50,'metakeyword','meta tile',1,'description','ideal for','subitem',NULL,NULL,NULL,NULL,NULL,NULL,NULL,NULL,NULL,NULL,NULL,NULL,NULL,NULL,NULL,NULL,NULL,NULL,NULL,NULL,NULL,NULL,NULL,NULL,NULL,NULL,NULL,NULL,NULL,NULL,NULL,NULL,NULL,NULL,NULL,NULL,NULL,NULL,NULL,NULL,NULL,NULL,NULL,NULL,NULL,NULL,NULL,NULL,NULL,NULL,'puma',NULL,NULL,'1502445125hqdefault.jpg','15024451254AffV.png','1502445125rose-flower-blossom-bloom-39517.jpeg','1502445126marguerite-daisy-beautiful-beauty.jpg','1502445126flower-purple-lical-blosso.jpg','1502445127hd_pictures_of_beautiful_flowers_05_166896.jpg','1502445128hqdefault.jpg','1502445129hqdefault.jpg','1502445129hqdefault.jpg','1502445129hqdefault.jpg','1502445129hqdefault.jpg','1502445129hqdefault.jpg',0,NULL,NULL,NULL,NULL,NULL,NULL,NULL,1,1,'2017-08-11 11:52:09'),(281,91,20,31,'prodctname','3','otherunique','700.00','999.00','12','8',50,'metakeyword','meta tile',1,'description','ideal for','subitem',NULL,NULL,NULL,NULL,NULL,NULL,NULL,NULL,NULL,NULL,NULL,NULL,NULL,NULL,NULL,NULL,NULL,NULL,NULL,NULL,NULL,NULL,NULL,NULL,NULL,NULL,NULL,NULL,NULL,NULL,NULL,NULL,NULL,NULL,NULL,NULL,NULL,NULL,NULL,NULL,NULL,NULL,NULL,NULL,NULL,NULL,NULL,NULL,NULL,NULL,'puma',NULL,NULL,'1502445130hqdefault.jpg','15024451304AffV.png','1502445130rose-flower-blossom-bloom-39517.jpeg','1502445132marguerite-daisy-beautiful-beauty.jpg','1502445132flower-purple-lical-blosso.jpg','1502445132hd_pictures_of_beautiful_flowers_05_166896.jpg','1502445134hqdefault.jpg','1502445134hqdefault.jpg','1502445134hqdefault.jpg','1502445135hqdefault.jpg','1502445135hqdefault.jpg','1502445135hqdefault.jpg',0,NULL,NULL,NULL,NULL,NULL,NULL,NULL,1,1,'2017-08-11 11:52:15'),(282,91,20,34,'prodctname','camera1','otherunique','200.00','999.00','12','10',50,'metakeyword','meta tile',1,'description','ideal for','subitem',NULL,'type',NULL,NULL,NULL,NULL,NULL,NULL,NULL,NULL,NULL,NULL,NULL,NULL,'12mg','sensor type','305mah',NULL,NULL,NULL,NULL,NULL,NULL,NULL,NULL,NULL,NULL,NULL,NULL,NULL,NULL,NULL,NULL,NULL,NULL,NULL,NULL,NULL,NULL,NULL,NULL,NULL,NULL,NULL,NULL,NULL,NULL,NULL,NULL,NULL,'puma',NULL,NULL,'1502445273hqdefault.jpg','15024452734AffV.png','1502445273rose-flower-blossom-bloom-39517.jpeg','1502445275marguerite-daisy-beautiful-beauty.jpg','1502445275flower-purple-lical-blosso.jpg','1502445275hd_pictures_of_beautiful_flowers_05_166896.jpg','1502445277hqdefault.jpg','1502445277hqdefault.jpg','1502445277hqdefault.jpg','1502445277hqdefault.jpg','1502445278hqdefault.jpg','1502445278hqdefault.jpg',0,'12','24',5,0,NULL,'2017-08-16 14:17:45','08:00am',1,1,'2017-08-11 11:54:38'),(283,91,20,34,'prodctname','camera2','otherunique','300.00','999.00','12','10',50,'metakeyword','meta tile',1,'description','ideal for','subitem',NULL,'type',NULL,NULL,NULL,NULL,NULL,NULL,NULL,NULL,NULL,NULL,NULL,NULL,'12mg','sensor type','305mah',NULL,NULL,NULL,NULL,NULL,NULL,NULL,NULL,NULL,NULL,NULL,NULL,NULL,NULL,NULL,NULL,NULL,NULL,NULL,NULL,NULL,NULL,NULL,NULL,NULL,NULL,NULL,NULL,NULL,NULL,NULL,NULL,NULL,'puma',NULL,NULL,'1502445278hqdefault.jpg','15024452784AffV.png','1502445279rose-flower-blossom-bloom-39517.jpeg','1502445280marguerite-daisy-beautiful-beauty.jpg','1502445281flower-purple-lical-blosso.jpg','1502445281hd_pictures_of_beautiful_flowers_05_166896.jpg','1502445283hqdefault.jpg','1502445283hqdefault.jpg','1502445283hqdefault.jpg','1502445283hqdefault.jpg','1502445284hqdefault.jpg','1502445284hqdefault.jpg',0,'12','36',5,0,NULL,'2017-08-16 14:17:45','08:00am',1,1,'2017-08-11 11:54:43'),(284,91,20,34,'prodctname','camera3','otherunique','400.00','999.00','12','10',50,'metakeyword','meta tile',1,'description','ideal for','subitem',NULL,'type',NULL,NULL,NULL,NULL,NULL,NULL,NULL,NULL,NULL,NULL,NULL,NULL,'12mg','sensor type','305mah',NULL,NULL,NULL,NULL,NULL,NULL,NULL,NULL,NULL,NULL,NULL,NULL,NULL,NULL,NULL,NULL,NULL,NULL,NULL,NULL,NULL,NULL,NULL,NULL,NULL,NULL,NULL,NULL,NULL,NULL,NULL,NULL,NULL,'puma',NULL,NULL,'1502445284hqdefault.jpg','15024452844AffV.png','1502445284rose-flower-blossom-bloom-39517.jpeg','1502445288marguerite-daisy-beautiful-beauty.jpg','1502445288flower-purple-lical-blosso.jpg','1502445288hd_pictures_of_beautiful_flowers_05_166896.jpg','1502445290hqdefault.jpg','1502445290hqdefault.jpg','1502445290hqdefault.jpg','1502445291hqdefault.jpg','1502445291hqdefault.jpg','1502445291hqdefault.jpg',0,'12','48',5,0,NULL,'2017-08-16 14:17:45','08:00am',1,1,'2017-08-11 11:54:51'),(285,91,20,34,'prodctname','camera8','otherunique','500.00','999.00','12','10',50,'metakeyword','meta tile',1,'description','ideal for','subitem',NULL,'type',NULL,NULL,NULL,NULL,NULL,NULL,NULL,NULL,NULL,NULL,NULL,NULL,'12mg','sensor type','305mah',NULL,NULL,NULL,NULL,NULL,NULL,NULL,NULL,NULL,NULL,NULL,NULL,NULL,NULL,NULL,NULL,NULL,NULL,NULL,NULL,NULL,NULL,NULL,NULL,NULL,NULL,NULL,NULL,NULL,NULL,NULL,NULL,NULL,'puma',NULL,NULL,'1502445292hqdefault.jpg','15024452924AffV.png','1502445292rose-flower-blossom-bloom-39517.jpeg','1502445293marguerite-daisy-beautiful-beauty.jpg','1502445294flower-purple-lical-blosso.jpg','1502445294hd_pictures_of_beautiful_flowers_05_166896.jpg','1502445296hqdefault.jpg','1502445296hqdefault.jpg','1502445296hqdefault.jpg','1502445296hqdefault.jpg','1502445297hqdefault.jpg','1502445297hqdefault.jpg',0,'12','60',5,0,NULL,'2017-08-16 14:17:45','08:00am',1,1,'2017-08-11 11:54:57'),(286,91,20,35,'prodctname','15','otherunique','100.00','999.00','12','10',50,'metakeyword','meta tile',1,'description','ideal for','subitem',NULL,NULL,NULL,NULL,NULL,NULL,NULL,NULL,NULL,NULL,NULL,NULL,NULL,NULL,NULL,NULL,NULL,NULL,NULL,NULL,NULL,NULL,NULL,'16inch','4g','2gb',NULL,'yes','win7',NULL,'3050','12px',NULL,'12hz',NULL,NULL,NULL,NULL,NULL,NULL,NULL,NULL,'200gb',NULL,NULL,NULL,NULL,NULL,NULL,NULL,'puma',NULL,NULL,'1502453605hqdefault.jpg','15024536054AffV.png','1502453605rose-flower-blossom-bloom-39517.jpeg','1502453606marguerite-daisy-beautiful-beauty.jpg','1502453607flower-purple-lical-blosso.jpg','1502453607hd_pictures_of_beautiful_flowers_05_166896.jpg','1502453609hqdefault.jpg','1502453609hqdefault.jpg','1502453609hqdefault.jpg','1502453609hqdefault.jpg','1502453610hqdefault.jpg','1502453610hqdefault.jpg',0,NULL,NULL,NULL,NULL,NULL,NULL,NULL,1,1,'2017-08-11 14:13:30'),(287,91,20,35,'prodctname','25','otherunique','200.00','999.00','12','10',50,'metakeyword','meta tile',1,'description','ideal for','subitem',NULL,NULL,NULL,NULL,NULL,NULL,NULL,NULL,NULL,NULL,NULL,NULL,NULL,NULL,NULL,NULL,NULL,NULL,NULL,NULL,NULL,NULL,NULL,'16inch','4g','2gb',NULL,'yes','win7',NULL,'3050','12px',NULL,'12hz',NULL,NULL,NULL,NULL,NULL,NULL,NULL,NULL,'200gb',NULL,NULL,NULL,NULL,NULL,NULL,NULL,'puma',NULL,NULL,'1502453610hqdefault.jpg','15024536104AffV.png','1502453611rose-flower-blossom-bloom-39517.jpeg','1502453613marguerite-daisy-beautiful-beauty.jpg','1502453613flower-purple-lical-blosso.jpg','1502453614hd_pictures_of_beautiful_flowers_05_166896.jpg','1502453615hqdefault.jpg','1502453616hqdefault.jpg','1502453616hqdefault.jpg','1502453616hqdefault.jpg','1502453616hqdefault.jpg','1502453616hqdefault.jpg',0,NULL,NULL,NULL,NULL,NULL,NULL,NULL,1,1,'2017-08-11 14:13:36'),(288,91,20,35,'prodctname','3222','otherunique','300.00','999.00','12','10',50,'metakeyword','meta tile',1,'description','ideal for','subitem',NULL,NULL,NULL,NULL,NULL,NULL,NULL,NULL,NULL,NULL,NULL,NULL,NULL,NULL,NULL,NULL,NULL,NULL,NULL,NULL,NULL,NULL,NULL,'16inch','4g','2gb',NULL,'yes','win7',NULL,'3050','12px',NULL,'12hz',NULL,NULL,NULL,NULL,NULL,NULL,NULL,NULL,'200gb',NULL,NULL,NULL,NULL,NULL,NULL,NULL,'puma',NULL,NULL,'1502453617hqdefault.jpg','15024536174AffV.png','1502453617rose-flower-blossom-bloom-39517.jpeg','1502453618marguerite-daisy-beautiful-beauty.jpg','1502453618flower-purple-lical-blosso.jpg','1502453619hd_pictures_of_beautiful_flowers_05_166896.jpg','1502453620hqdefault.jpg','1502453621hqdefault.jpg','1502453621hqdefault.jpg','1502453621hqdefault.jpg','1502453621hqdefault.jpg','1502453621hqdefault.jpg',0,NULL,NULL,NULL,NULL,NULL,NULL,NULL,1,1,'2017-08-11 14:13:41'),(289,91,20,35,'prodctname','4222','otherunique','500.00','999.00','12','10',50,'metakeyword','meta tile',1,'description','ideal for','subitem',NULL,NULL,NULL,NULL,NULL,NULL,NULL,NULL,NULL,NULL,NULL,NULL,NULL,NULL,NULL,NULL,NULL,NULL,NULL,NULL,NULL,NULL,NULL,'16inch','4g','2gb',NULL,'yes','win7',NULL,'3050','12px',NULL,'12hz',NULL,NULL,NULL,NULL,NULL,NULL,NULL,NULL,'200gb',NULL,NULL,NULL,NULL,NULL,NULL,NULL,'puma',NULL,NULL,'1502453622hqdefault.jpg','15024536224AffV.png','1502453622rose-flower-blossom-bloom-39517.jpeg','1502453623marguerite-daisy-beautiful-beauty.jpg','1502453623flower-purple-lical-blosso.jpg','1502453624hd_pictures_of_beautiful_flowers_05_166896.jpg','1502453626hqdefault.jpg','1502453626hqdefault.jpg','1502453627hqdefault.jpg','1502453627hqdefault.jpg','1502453627hqdefault.jpg','1502453627hqdefault.jpg',0,NULL,NULL,NULL,NULL,NULL,NULL,NULL,1,1,'2017-08-11 14:13:47'),(290,91,20,35,'prodctname','22222','otherunique','600.00','999.00','12','10',50,'metakeyword','meta tile',1,'description','ideal for','subitem',NULL,NULL,NULL,NULL,NULL,NULL,NULL,NULL,NULL,NULL,NULL,NULL,NULL,NULL,NULL,NULL,NULL,NULL,NULL,NULL,NULL,NULL,NULL,'16inch','4g','2gb',NULL,'yes','win7',NULL,'3050','12px',NULL,'12hz',NULL,NULL,NULL,NULL,NULL,NULL,NULL,NULL,'200gb',NULL,NULL,NULL,NULL,NULL,NULL,NULL,'puma',NULL,NULL,'1502453627hqdefault.jpg','15024536284AffV.png','1502453628rose-flower-blossom-bloom-39517.jpeg','1502453628marguerite-daisy-beautiful-beauty.jpg','1502453629flower-purple-lical-blosso.jpg','1502453630hd_pictures_of_beautiful_flowers_05_166896.jpg','1502453631hqdefault.jpg','1502453632hqdefault.jpg','1502453632hqdefault.jpg','1502453632hqdefault.jpg','1502453632hqdefault.jpg','1502453632hqdefault.jpg',0,NULL,NULL,NULL,NULL,NULL,NULL,NULL,1,1,'2017-08-11 14:13:52'),(291,91,20,37,'rty','tryrt','546456','56456.00','56456.00','5654','65',5654,'565','565',1,'5645','56456','5645','','','','','','','','','','','','','','','','','','','','','','','','','','','','','','','','','','','','','','','','','','','','','','','','','',NULL,'56546','',NULL,'15025274131.JPG','','','','','','','','','','','',0,NULL,NULL,NULL,NULL,NULL,NULL,NULL,1,1,'2017-08-12 10:43:33'),(292,91,19,16,'hjfghj','fghj','hjfghj','768.00','867867.00','678657','78',87,'7867','6786',1,'787','78678','78678','','','','','','','','','','','','','','','','','','','','','','','','','','','','','','','','','','','','','','','','','','','','','','','','','',NULL,'7867','',NULL,'15025398081.JPG','','','','','','','','','','','',0,NULL,NULL,NULL,NULL,NULL,NULL,NULL,1,1,'2017-08-12 14:10:07'),(293,91,19,16,'uiyiu','yiyui','6756','6776.00','67567.00','67567','67',67546,'675467','675467',1,'674567','567567','6756','','','','','','','','','','','','','','','','','','','','','','','','','','','','','','','','','','','','','','','','','','','','','','','','','',NULL,'67567','',NULL,'15025399921.JPG','','','','','','','','','','','',0,NULL,NULL,NULL,NULL,NULL,NULL,NULL,1,1,'2017-08-12 14:13:11'),(294,91,19,16,'8978','8978','89789','89789.00','78978.00','897','89',89,'89','898',1,'89','89','89','','898','','','','','','','','','','','','','','','','','','','','','','','','','','','','','','','','','','','','','','','','','','','','','','','',NULL,'89','',NULL,'15025401491.JPG','','','','','','','','','','','',0,NULL,NULL,NULL,NULL,NULL,NULL,NULL,1,1,'2017-08-12 14:15:48'),(295,91,18,1,'tyty','tyt','tytry','100.00','80.00','','',25,'tytry','tryrt',1,'tyt','','tyt','tyrt','','','','','','','','','','','','','','','','','','','','','','','','','','','','','','','','','','','','','','','','','','','','','','','','',NULL,'','tyrty',NULL,'15028677151.JPG','','','','','','','','','','','',0,NULL,NULL,NULL,NULL,NULL,NULL,NULL,1,1,'2017-08-16 09:15:15'),(296,91,21,41,'friutes','ytry','tyrty','123.00','122.00','','',45,'tret','rtre',1,'rtre','','rter','','','','','','','','','','','','','','','','','','','','','','','','','','','','','','','','','','','','','','','','','','','','','','','','','',NULL,'rter','',NULL,'15028682711.JPG','','','','','','','','','','','',0,'12','14.76',1,0,NULL,'2017-08-16 11:24:31','08:00am',1,1,'2017-08-16 09:24:31'),(297,91,21,49,'vasu','dgfdf','454','454.00','400.00','','',454,'4534','534',1,'4534','','45345','','','','','','','','','','','','','','','','','','','','','','','','','','','','','','','','','','','','','','','','','','','','','','','','','',NULL,'4534','',NULL,'15028829581.JPG','','','','','','','','','','','',0,'13','59.02',1,0,NULL,'2017-08-31 10:50:00 PM',NULL,1,1,'2017-08-16 13:29:17');

/*Table structure for table `products_imgs` */

DROP TABLE IF EXISTS `products_imgs`;

CREATE TABLE `products_imgs` (
  `img_id` int(11) NOT NULL AUTO_INCREMENT,
  `seller_id` int(11) NOT NULL,
  `product_id` int(11) NOT NULL,
  `image_name` varchar(500) NOT NULL,
  PRIMARY KEY (`img_id`)
) ENGINE=InnoDB AUTO_INCREMENT=3 DEFAULT CHARSET=latin1;

/*Data for the table `products_imgs` */

insert  into `products_imgs`(`img_id`,`seller_id`,`product_id`,`image_name`) values (2,8,27,'report_1159008266.jpg');

/*Table structure for table `ratings` */

DROP TABLE IF EXISTS `ratings`;

CREATE TABLE `ratings` (
  `rating_id` int(11) NOT NULL AUTO_INCREMENT,
  `review_id` int(11) DEFAULT NULL,
  `customer_id` int(11) DEFAULT NULL,
  `item_id` int(11) DEFAULT NULL,
  `name` varchar(250) DEFAULT NULL,
  `email` varchar(250) DEFAULT NULL,
  `rating` int(11) DEFAULT NULL,
  `seller_id` int(11) DEFAULT NULL,
  `create_at` datetime DEFAULT NULL,
  PRIMARY KEY (`rating_id`)
) ENGINE=InnoDB AUTO_INCREMENT=40 DEFAULT CHARSET=latin1;

/*Data for the table `ratings` */

insert  into `ratings`(`rating_id`,`review_id`,`customer_id`,`item_id`,`name`,`email`,`rating`,`seller_id`,`create_at`) values (37,51,99,580,'Faisal Rizwan','fais.riz@gmail.com',5,140,'2017-10-28 10:23:37'),(38,53,118,895,'vasu reddy','vasu@gmail.com',4,140,'2017-11-08 16:28:19'),(39,54,118,895,'vasu reddy','vasu@gmail.com',2,140,'2017-11-08 16:28:25');

/*Table structure for table `referral_fee` */

DROP TABLE IF EXISTS `referral_fee`;

CREATE TABLE `referral_fee` (
  `referral_fee_id` int(11) NOT NULL AUTO_INCREMENT,
  `category_id` int(11) NOT NULL,
  `subcategory_id` int(11) NOT NULL,
  `referral_fee` varchar(500) NOT NULL,
  PRIMARY KEY (`referral_fee_id`)
) ENGINE=InnoDB AUTO_INCREMENT=11 DEFAULT CHARSET=latin1;

/*Data for the table `referral_fee` */

insert  into `referral_fee`(`referral_fee_id`,`category_id`,`subcategory_id`,`referral_fee`) values (1,1,1,'10%'),(2,1,3,'12%'),(3,2,11,'13%'),(5,3,6,'9%'),(6,3,12,'15%'),(7,3,13,'15%'),(8,4,14,'10%'),(9,4,15,'12%'),(10,2,16,'15%');

/*Table structure for table `rejected_orders_list` */

DROP TABLE IF EXISTS `rejected_orders_list`;

CREATE TABLE `rejected_orders_list` (
  `rejected_id` int(11) unsigned NOT NULL AUTO_INCREMENT,
  `order_item_id` int(11) DEFAULT NULL,
  `delivery_boy_id` int(11) DEFAULT NULL,
  `created_at` datetime DEFAULT NULL,
  PRIMARY KEY (`rejected_id`)
) ENGINE=InnoDB AUTO_INCREMENT=5 DEFAULT CHARSET=latin1;

/*Data for the table `rejected_orders_list` */

insert  into `rejected_orders_list`(`rejected_id`,`order_item_id`,`delivery_boy_id`,`created_at`) values (1,281,112,'2017-10-26 18:59:23'),(2,280,99,'2017-10-26 18:59:26'),(3,380,117,'2017-10-27 20:33:17'),(4,444,101,'2017-11-06 19:30:57');

/*Table structure for table `request_for_services` */

DROP TABLE IF EXISTS `request_for_services`;

CREATE TABLE `request_for_services` (
  `service_id` int(11) NOT NULL AUTO_INCREMENT,
  `seller_id` int(11) NOT NULL,
  `seller_name` varchar(500) COLLATE utf8_bin NOT NULL,
  `phone_number` varchar(500) COLLATE utf8_bin NOT NULL,
  `select_plan` varchar(500) COLLATE utf8_bin NOT NULL,
  `replymsg` text COLLATE utf8_bin,
  `status` int(11) DEFAULT '0',
  `created_at` datetime NOT NULL,
  `updated_at` datetime NOT NULL,
  KEY `service_id` (`service_id`)
) ENGINE=InnoDB AUTO_INCREMENT=9 DEFAULT CHARSET=utf8 COLLATE=utf8_bin;

/*Data for the table `request_for_services` */

insert  into `request_for_services`(`service_id`,`seller_id`,`seller_name`,`phone_number`,`select_plan`,`replymsg`,`status`,`created_at`,`updated_at`) values (1,54,'vasudevareddy','8500005094','Catalog Management','rtwertwert',1,'2017-07-12 12:52:52','2017-07-12 12:52:52'),(2,65,'that','9916296306','Catalog Management','replied',1,'2017-07-19 08:28:33','2017-07-19 08:28:33'),(3,54,'vasudevareddyreddem','8500050944','Both','testing purpoe',1,'2017-07-24 07:16:14','2017-07-24 07:16:14'),(4,91,'vasu','8500050944','Both',NULL,0,'2017-08-30 10:52:07','2017-08-30 10:52:07'),(5,91,'vasu','8500226782','Both',NULL,0,'2017-08-30 12:28:45','2017-08-30 12:28:45'),(6,123,'Faisal','9916296306','Both',NULL,0,'2017-10-20 11:31:51','2017-10-20 11:31:51'),(7,142,'Faisal','9916296306','Both',NULL,0,'2017-10-28 16:16:47','2017-10-28 16:16:47'),(8,142,'Faisal','8500050944','Both',NULL,0,'2017-12-01 15:39:01','2017-12-01 15:39:01');

/*Table structure for table `reviews` */

DROP TABLE IF EXISTS `reviews`;

CREATE TABLE `reviews` (
  `review_id` int(11) NOT NULL AUTO_INCREMENT,
  `customer_id` int(11) DEFAULT NULL,
  `item_id` int(11) DEFAULT NULL,
  `name` varchar(250) DEFAULT NULL,
  `email` varchar(250) DEFAULT NULL,
  `review_content` text,
  `seller_id` int(11) DEFAULT NULL,
  `create_at` datetime DEFAULT NULL,
  PRIMARY KEY (`review_id`)
) ENGINE=InnoDB AUTO_INCREMENT=55 DEFAULT CHARSET=latin1;

/*Data for the table `reviews` */

insert  into `reviews`(`review_id`,`customer_id`,`item_id`,`name`,`email`,`review_content`,`seller_id`,`create_at`) values (51,99,580,'Faisal Rizwan','fais.riz@gmail.com','fine',140,'2017-10-28 10:23:37'),(52,118,895,'vasu reddy','vasu@gmail.com','testing',140,'2017-11-08 16:28:13'),(53,118,895,'vasu reddy','vasu@gmail.com','hfghfgh',140,'2017-11-08 16:28:19'),(54,118,895,'vasu reddy','vasu@gmail.com','ghgjgjfghj',140,'2017-11-08 16:28:25');

/*Table structure for table `roles` */

DROP TABLE IF EXISTS `roles`;

CREATE TABLE `roles` (
  `role_id` int(11) NOT NULL AUTO_INCREMENT,
  `role` varchar(250) DEFAULT NULL,
  `status` int(11) DEFAULT NULL,
  PRIMARY KEY (`role_id`)
) ENGINE=InnoDB AUTO_INCREMENT=7 DEFAULT CHARSET=latin1;

/*Data for the table `roles` */

insert  into `roles`(`role_id`,`role`,`status`) values (1,'customer',1),(2,'admin',1),(4,'seller',1),(5,'inventory manager',1),(6,'deliveryboy',1);

/*Table structure for table `season_sales` */

DROP TABLE IF EXISTS `season_sales`;

CREATE TABLE `season_sales` (
  `season_sales_id` int(11) NOT NULL AUTO_INCREMENT,
  `item_id` int(11) DEFAULT NULL,
  `seller_id` int(11) DEFAULT NULL,
  `category_id` int(11) DEFAULT NULL,
  `subcategory_id` int(11) DEFAULT NULL,
  `item_price` varchar(250) DEFAULT NULL,
  `offer_percentage` varchar(11) DEFAULT NULL,
  `offer_amount` varchar(250) DEFAULT NULL,
  `intialdate` date DEFAULT NULL,
  `expairdate` varchar(250) DEFAULT NULL,
  `status` int(11) DEFAULT '0',
  `create_at` datetime DEFAULT NULL,
  `area` int(11) DEFAULT NULL,
  `home_page_status` int(11) DEFAULT '0',
  `preview_ok` int(11) DEFAULT '0',
  PRIMARY KEY (`season_sales_id`)
) ENGINE=InnoDB AUTO_INCREMENT=151 DEFAULT CHARSET=latin1;

/*Data for the table `season_sales` */

insert  into `season_sales`(`season_sales_id`,`item_id`,`seller_id`,`category_id`,`subcategory_id`,`item_price`,`offer_percentage`,`offer_amount`,`intialdate`,`expairdate`,`status`,`create_at`,`area`,`home_page_status`,`preview_ok`) values (137,901,140,20,40,'12638.5','15','1895.775','2017-11-20','2017-12-27 11:22:54 AM',1,'2017-11-20 11:32:53',1,0,0),(138,902,140,20,40,'12638.5','15','1895.775','2017-11-20','2017-12-27 11:22:54 AM',1,'2017-11-20 11:32:53',1,0,0),(139,903,140,20,40,'13788.5','14','1930.39','2017-11-20','2017-12-27 11:22:54 AM',1,'2017-11-20 11:33:51',1,0,0),(140,904,140,20,40,'13788.5','15','2068.275','2017-11-20','2017-12-27 11:22:54 AM',1,'2017-11-20 11:34:14',1,0,0),(141,905,140,20,40,'11488.5','15','1723.275','2017-11-20','2017-12-27 11:22:54 AM',1,'2017-11-20 11:34:52',1,0,0),(142,907,140,20,40,'7473.85','13','971.6005','2017-11-20','2017-12-27 11:22:54 AM',1,'2017-11-20 11:35:15',1,0,0),(143,906,140,20,40,'7473.85','13','971.6005','2017-11-20','2017-12-27 11:22:54 AM',1,'2017-11-20 11:35:15',1,0,0),(144,909,140,20,40,'8623.85','12','1034.862','2017-11-20','2017-12-27 11:22:54 AM',1,'2017-11-20 11:35:46',1,0,0),(145,908,140,20,40,'8623.85','12','1034.862','2017-11-20','2017-12-27 11:22:54 AM',1,'2017-11-20 11:35:46',1,0,0),(146,1074,142,21,41,'120','19.00','22.8','2017-12-16','2017-12-13 05:46:40 PM',1,'2017-12-16 17:46:40',2,1,1),(147,1072,142,21,41,'500','19.00','95','2017-12-16','2017-12-23 05:46:40 PM',1,'2017-12-16 17:46:40',2,1,1),(148,1071,142,21,41,'500','19.00','95','2017-12-16','2017-12-23 05:46:40 PM',1,'2017-12-16 17:46:40',2,1,1),(149,1075,142,21,42,'500','22.00','110','2017-12-16','2017-12-23 05:46:48 PM',1,'2017-12-16 17:46:48',2,1,1),(150,1076,142,21,42,'200','22.00','44','2017-12-16','2017-12-23 05:46:48 PM',1,'2017-12-16 17:46:48',2,1,1);

/*Table structure for table `seller_all_notifications` */

DROP TABLE IF EXISTS `seller_all_notifications`;

CREATE TABLE `seller_all_notifications` (
  `id` int(11) NOT NULL AUTO_INCREMENT,
  PRIMARY KEY (`id`)
) ENGINE=InnoDB DEFAULT CHARSET=latin1;

/*Data for the table `seller_all_notifications` */

/*Table structure for table `seller_categories` */

DROP TABLE IF EXISTS `seller_categories`;

CREATE TABLE `seller_categories` (
  `seller_cat_id` int(11) NOT NULL AUTO_INCREMENT,
  `seller_id` int(11) NOT NULL,
  `seller_category_id` int(11) NOT NULL,
  `category_name` varchar(250) COLLATE utf8_bin DEFAULT NULL,
  `created_at` datetime NOT NULL,
  `updated_at` datetime NOT NULL,
  `ip_address` varchar(250) COLLATE utf8_bin DEFAULT NULL,
  PRIMARY KEY (`seller_cat_id`)
) ENGINE=InnoDB AUTO_INCREMENT=303 DEFAULT CHARSET=utf8 COLLATE=utf8_bin;

/*Data for the table `seller_categories` */

insert  into `seller_categories`(`seller_cat_id`,`seller_id`,`seller_category_id`,`category_name`,`created_at`,`updated_at`,`ip_address`) values (269,139,20,'ELECTRONICS','2017-10-27 04:59:12','2017-10-27 04:59:12',NULL),(270,140,20,'ELECTRONICS','2017-10-27 05:04:42','2017-10-27 05:04:42',NULL),(271,141,20,'ELECTRONICS','2017-10-28 11:25:13','2017-10-28 11:25:13',NULL),(275,143,20,'ELECTRONICS','2017-11-24 04:00:43','2017-11-24 04:00:43','49.207.6.7'),(276,144,20,'ELECTRONICS','2017-11-28 05:08:17','2017-11-28 05:08:17','110.224.241.29'),(289,142,20,'Mobiles & Tablets','2017-12-15 06:09:01','2017-12-15 06:09:01',NULL),(290,142,21,'Grocery','2017-12-15 06:09:01','2017-12-15 06:09:01',NULL),(291,142,22,'Computers, Laptops & Accessories.','2017-12-15 06:09:01','2017-12-15 06:09:01',NULL),(292,142,23,'TVs, ACs & Appliances','2017-12-15 06:09:01','2017-12-15 06:09:01',NULL),(293,142,24,'Women\'s Fashion','2017-12-15 06:09:01','2017-12-15 06:09:01',NULL),(294,142,18,'Home & Kitchen','2017-12-15 06:09:01','2017-12-15 06:09:01',NULL),(295,142,19,'Men\'s Fashion','2017-12-15 06:09:01','2017-12-15 06:09:01',NULL),(296,142,28,'Car & Bike Accessories ','2017-12-15 06:09:01','2017-12-15 06:09:01',NULL),(297,142,29,'Books & Stationary','2017-12-15 06:09:01','2017-12-15 06:09:01',NULL),(298,142,30,'Kids Store','2017-12-15 06:09:01','2017-12-15 06:09:01',NULL),(299,142,31,'Sports & Fitness','2017-12-15 06:09:01','2017-12-15 06:09:01',NULL),(300,142,32,'Furniture & Home-Living','2017-12-15 06:09:01','2017-12-15 06:09:01',NULL),(301,142,34,'Gifts Store','2017-12-15 06:09:01','2017-12-15 06:09:01',NULL),(302,142,35,'Bags & Outdoor','2017-12-15 06:09:01','2017-12-15 06:09:01',NULL);

/*Table structure for table `seller_payments` */

DROP TABLE IF EXISTS `seller_payments`;

CREATE TABLE `seller_payments` (
  `seller_payment_id` int(11) NOT NULL AUTO_INCREMENT,
  `seller_id` int(11) NOT NULL,
  `order_id` varchar(500) NOT NULL,
  `cih_comission` varchar(500) NOT NULL,
  `net_profit` varchar(500) NOT NULL,
  `amount_status` int(11) NOT NULL DEFAULT '0',
  `invoice` varchar(500) NOT NULL,
  `created_at` datetime NOT NULL,
  `updated_at` datetime NOT NULL,
  PRIMARY KEY (`seller_payment_id`)
) ENGINE=InnoDB AUTO_INCREMENT=2 DEFAULT CHARSET=latin1;

/*Data for the table `seller_payments` */

insert  into `seller_payments`(`seller_payment_id`,`seller_id`,`order_id`,`cih_comission`,`net_profit`,`amount_status`,`invoice`,`created_at`,`updated_at`) values (1,8,'10','100','10%',0,'project1.txt','2017-05-06 09:06:44','2017-05-06 09:06:44');

/*Table structure for table `seller_request` */

DROP TABLE IF EXISTS `seller_request`;

CREATE TABLE `seller_request` (
  `seller_request_id` int(11) NOT NULL AUTO_INCREMENT,
  `seller_id` int(11) NOT NULL,
  `message` varchar(500) COLLATE utf8_bin NOT NULL,
  `created_at` datetime NOT NULL,
  `updated_at` datetime NOT NULL,
  PRIMARY KEY (`seller_request_id`)
) ENGINE=InnoDB DEFAULT CHARSET=utf8 COLLATE=utf8_bin;

/*Data for the table `seller_request` */

/*Table structure for table `seller_store_details` */

DROP TABLE IF EXISTS `seller_store_details`;

CREATE TABLE `seller_store_details` (
  `seller_store_details_id` int(11) NOT NULL AUTO_INCREMENT,
  `seller_id` int(11) DEFAULT NULL,
  `store_name` varchar(250) COLLATE utf8_bin DEFAULT NULL,
  `addrees1` varchar(250) COLLATE utf8_bin DEFAULT NULL,
  `addrees2` varchar(250) COLLATE utf8_bin DEFAULT NULL,
  `area` int(11) DEFAULT NULL,
  `pin_code` varchar(250) COLLATE utf8_bin DEFAULT NULL,
  `other_shops` varchar(500) COLLATE utf8_bin DEFAULT NULL,
  `other_shops_location` varchar(500) COLLATE utf8_bin DEFAULT NULL,
  `deliveryes` int(11) DEFAULT NULL,
  `weblink` varchar(250) COLLATE utf8_bin DEFAULT NULL,
  `tin_vat` varchar(250) COLLATE utf8_bin DEFAULT NULL,
  `tinvatimage` varchar(250) COLLATE utf8_bin DEFAULT NULL,
  `tan` varchar(250) COLLATE utf8_bin DEFAULT NULL,
  `tanimage` varchar(250) COLLATE utf8_bin DEFAULT NULL,
  `cst` varchar(250) COLLATE utf8_bin DEFAULT NULL,
  `cstimage` varchar(250) COLLATE utf8_bin DEFAULT NULL,
  `gstin` varchar(250) COLLATE utf8_bin DEFAULT NULL,
  `gstinimage` varchar(250) COLLATE utf8_bin DEFAULT NULL,
  `created_at` datetime NOT NULL,
  `image` tinyblob,
  `ip_address` varchar(250) COLLATE utf8_bin DEFAULT NULL,
  PRIMARY KEY (`seller_store_details_id`)
) ENGINE=InnoDB AUTO_INCREMENT=121 DEFAULT CHARSET=utf8 COLLATE=utf8_bin;

/*Data for the table `seller_store_details` */

insert  into `seller_store_details`(`seller_store_details_id`,`seller_id`,`store_name`,`addrees1`,`addrees2`,`area`,`pin_code`,`other_shops`,`other_shops_location`,`deliveryes`,`weblink`,`tin_vat`,`tinvatimage`,`tan`,`tanimage`,`cst`,`cstimage`,`gstin`,`gstinimage`,`created_at`,`image`,`ip_address`) values (115,139,'test cartinhours store','Sri vani nilayam','Sardar patel nagar',1,'500085','','',NULL,'','',NULL,'',NULL,'',NULL,NULL,'Sign.png','2017-10-27 17:01:23',NULL,NULL),(116,140,'test cartinhours store','Sri vani nilayam','Sardar patel nagar',1,'500072','yes','',NULL,'','',NULL,'',NULL,'',NULL,NULL,'Sign.png','2017-10-31 17:33:24',NULL,NULL),(118,142,'Testing Store Kukatpalli','Health Care Products Hyderabad, Kukatpally',' Hyderabad, Telangana ',2,'500072','yes','Kukatpally',NULL,'www.sample.com','',NULL,'',NULL,'',NULL,NULL,NULL,'2017-10-28 11:52:23',NULL,NULL),(119,143,'Remake mobile store','h no, 4-101, shop no, 3&4, beside anu furniture, main road chandanagar','main road chandanagar',3,'500050','No','',NULL,'','',NULL,'',NULL,'',NULL,NULL,NULL,'2017-11-24 16:02:02',NULL,'49.207.6.7'),(120,144,'Jashwitha Communication Mobile Store','shop no.1,82/c,opp Apollo pharmacy,addagutta society','shop no.1,82/c,opp Apollo pharmacy,addagutta society',1,'500072','','',NULL,'','',NULL,'',NULL,'',NULL,NULL,NULL,'2017-11-28 17:10:14',NULL,'110.224.241.29');

/*Table structure for table `selleradmin_users` */

DROP TABLE IF EXISTS `selleradmin_users`;

CREATE TABLE `selleradmin_users` (
  `selleradmin_id` int(11) NOT NULL AUTO_INCREMENT,
  `selleradmin_name` varchar(250) NOT NULL,
  `selleradmin_password` varchar(250) NOT NULL,
  `selleradmin_email` varchar(250) NOT NULL,
  `created_at` datetime NOT NULL,
  `updated_at` datetime NOT NULL,
  PRIMARY KEY (`selleradmin_id`)
) ENGINE=InnoDB AUTO_INCREMENT=3 DEFAULT CHARSET=latin1;

/*Data for the table `selleradmin_users` */

insert  into `selleradmin_users`(`selleradmin_id`,`selleradmin_name`,`selleradmin_password`,`selleradmin_email`,`created_at`,`updated_at`) values (1,'admin','admin','sameer@siriwebsolutions.com','2016-09-30 12:37:45','2016-09-30 13:22:48'),(2,'kiran','Kiran@123','kiran@kateit.in','0000-00-00 00:00:00','0000-00-00 00:00:00');

/*Table structure for table `sellers` */

DROP TABLE IF EXISTS `sellers`;

CREATE TABLE `sellers` (
  `seller_id` int(11) NOT NULL AUTO_INCREMENT,
  `seller_rand_id` varchar(250) DEFAULT NULL,
  `seller_name` varchar(20) DEFAULT NULL,
  `seller_email` varchar(50) DEFAULT NULL,
  `seller_mobile` bigint(20) DEFAULT NULL,
  `mobile_verification` varchar(20) DEFAULT NULL,
  `verifiation_yes` int(11) DEFAULT '0',
  `seller_password` varchar(60) DEFAULT NULL,
  `org_password` varchar(250) DEFAULT NULL,
  `password_status` varchar(250) DEFAULT NULL,
  `seller_address` text,
  `seller_location` varchar(500) DEFAULT NULL,
  `seller_shop` varchar(250) DEFAULT NULL,
  `seller_bank_account` varchar(250) DEFAULT NULL,
  `seller_aaccount_ifsc_code` varchar(250) DEFAULT NULL,
  `seller_account_name` varchar(250) DEFAULT NULL,
  `seller_pan_card` varchar(250) DEFAULT NULL,
  `seller_adhar` varchar(250) DEFAULT NULL,
  `seller_license` varchar(250) DEFAULT NULL,
  `seller_servicetime` varchar(250) DEFAULT NULL,
  `seller_bank` varchar(250) DEFAULT NULL,
  `seller_business_name` varchar(500) DEFAULT NULL,
  `seller_business_displayname` varchar(500) DEFAULT NULL,
  `seller_type_category` varchar(500) DEFAULT NULL,
  `seller_tan` varchar(500) DEFAULT NULL,
  `seller_gstin` varchar(500) DEFAULT NULL,
  `seller_pan` varchar(500) DEFAULT NULL,
  `type` int(11) DEFAULT NULL,
  `status` int(11) DEFAULT '1',
  `created_at` datetime DEFAULT NULL,
  `updated_at` datetime DEFAULT NULL,
  `register_complete` int(11) DEFAULT '0',
  `profile_pic` varchar(500) DEFAULT NULL,
  `any_refer` varchar(250) DEFAULT NULL,
  `bank_complete` int(11) NOT NULL,
  `readcount` int(11) DEFAULT '0',
  `verification_otp` varchar(250) DEFAULT NULL,
  `ip_address` varchar(250) DEFAULT NULL,
  PRIMARY KEY (`seller_id`)
) ENGINE=InnoDB AUTO_INCREMENT=145 DEFAULT CHARSET=latin1;

/*Data for the table `sellers` */

insert  into `sellers`(`seller_id`,`seller_rand_id`,`seller_name`,`seller_email`,`seller_mobile`,`mobile_verification`,`verifiation_yes`,`seller_password`,`org_password`,`password_status`,`seller_address`,`seller_location`,`seller_shop`,`seller_bank_account`,`seller_aaccount_ifsc_code`,`seller_account_name`,`seller_pan_card`,`seller_adhar`,`seller_license`,`seller_servicetime`,`seller_bank`,`seller_business_name`,`seller_business_displayname`,`seller_type_category`,`seller_tan`,`seller_gstin`,`seller_pan`,`type`,`status`,`created_at`,`updated_at`,`register_complete`,`profile_pic`,`any_refer`,`bank_complete`,`readcount`,`verification_otp`,`ip_address`) values (140,'SEL213413','test.cartinhours','pushkar.cartinhour@gmail.com',7095235504,NULL,0,'e10adc3949ba59abbe56e057f20f883e','123456','0',NULL,NULL,NULL,'1234567890','sbin0000830','pushkar.test',NULL,NULL,NULL,NULL,NULL,NULL,NULL,NULL,NULL,NULL,NULL,NULL,1,'2017-10-27 17:05:43','2017-10-27 17:05:43',1,NULL,'',1,1,NULL,NULL),(142,'SEL637544','Faisal','vasu@gmail.com',8500050944,NULL,0,'e10adc3949ba59abbe56e057f20f883e','123456','0',NULL,NULL,NULL,'3234234234234442','punb3423434','pnb',NULL,NULL,NULL,NULL,NULL,NULL,NULL,NULL,NULL,NULL,NULL,NULL,1,'2017-10-28 11:52:35','2017-10-28 11:52:35',1,NULL,'',1,1,'',NULL),(143,'SEL942325','Moin khazani','satishjaiswal020@gmail.com',9398888512,NULL,0,'0a5244992c372934b1f89fab453bee26','remake123456','0',NULL,NULL,NULL,'2412058402','KKBK0007467','remake mobiles',NULL,NULL,NULL,NULL,NULL,NULL,NULL,NULL,NULL,NULL,NULL,NULL,1,'2017-11-24 16:02:43','2017-11-24 16:02:43',1,NULL,'',1,1,NULL,'49.207.6.7'),(144,'SEL248468','sanjay','rajaboinasanjay297@gmail.com',9989592671,NULL,0,'01d8341eee4c8ad1e5c183393794b34c','jash123456','0',NULL,NULL,NULL,'50200013683889','HDFC0001639','jashwitha communication',NULL,NULL,NULL,NULL,NULL,NULL,NULL,NULL,NULL,NULL,NULL,NULL,1,'2017-11-28 17:13:45','2017-11-28 17:13:45',1,NULL,'',1,0,NULL,'110.224.241.29');

/*Table structure for table `servicefee` */

DROP TABLE IF EXISTS `servicefee`;

CREATE TABLE `servicefee` (
  `service_id` int(11) NOT NULL AUTO_INCREMENT,
  `service_fee` varchar(500) NOT NULL,
  `created_at` datetime NOT NULL,
  `updated_at` datetime NOT NULL,
  PRIMARY KEY (`service_id`)
) ENGINE=InnoDB AUTO_INCREMENT=2 DEFAULT CHARSET=latin1;

/*Data for the table `servicefee` */

insert  into `servicefee`(`service_id`,`service_fee`,`created_at`,`updated_at`) values (1,'1.3%','2017-04-28 13:33:38','2017-05-10 09:11:30');

/*Table structure for table `shipping` */

DROP TABLE IF EXISTS `shipping`;

CREATE TABLE `shipping` (
  `weight_id` int(11) NOT NULL AUTO_INCREMENT,
  `product_weight` int(11) NOT NULL,
  `shipping_charges` int(11) NOT NULL,
  `created_at` datetime NOT NULL,
  `updated_at` datetime NOT NULL,
  PRIMARY KEY (`weight_id`)
) ENGINE=InnoDB AUTO_INCREMENT=110 DEFAULT CHARSET=latin1;

/*Data for the table `shipping` */

insert  into `shipping`(`weight_id`,`product_weight`,`shipping_charges`,`created_at`,`updated_at`) values (1,500,30,'2017-05-09 11:43:31','2017-05-10 11:33:28'),(2,1000,55,'2017-05-09 11:43:48','2017-05-09 11:43:48'),(3,1500,80,'2017-05-09 11:44:03','2017-05-09 11:44:03'),(4,2000,105,'2017-05-09 11:44:13','2017-05-09 11:44:13'),(5,2500,130,'2017-05-09 11:44:23','2017-05-09 11:44:23'),(6,3000,155,'2017-05-09 11:44:35','2017-05-09 11:44:35'),(7,3500,180,'2017-05-09 11:44:50','2017-05-09 11:44:50'),(8,4000,205,'2017-05-09 11:45:00','2017-05-09 11:45:00'),(9,4500,230,'2017-05-09 11:45:23','2017-05-09 11:45:23'),(10,5000,255,'2017-05-09 11:45:33','2017-05-09 11:45:33'),(11,6000,80,'2017-05-09 11:46:11','2017-05-09 11:46:11'),(12,7000,90,'2017-05-09 11:46:19','2017-05-09 11:46:19'),(13,8000,100,'2017-05-09 11:46:27','2017-05-09 11:46:27'),(14,9000,110,'2017-05-09 11:46:34','2017-05-09 11:46:34'),(15,10000,120,'2017-05-09 11:46:44','2017-05-09 11:46:44'),(16,11000,130,'2017-05-09 11:47:09','2017-05-09 11:47:09'),(17,12000,140,'2017-05-09 11:47:26','2017-05-09 11:47:26'),(18,13000,200,'2017-05-09 11:47:59','2017-05-09 11:47:59'),(19,14000,203,'2017-05-09 11:48:06','2017-05-09 11:48:06'),(20,15000,206,'2017-05-09 11:48:14','2017-05-09 11:48:14'),(21,16000,209,'2017-05-09 11:48:23','2017-05-09 11:48:23'),(22,17000,212,'2017-05-09 11:48:34','2017-05-09 11:48:34'),(23,18000,215,'2017-05-09 11:48:42','2017-05-09 11:48:42'),(24,19000,218,'2017-05-09 11:48:51','2017-05-09 11:48:51'),(25,20000,221,'2017-05-09 11:49:28','2017-05-09 11:49:28'),(26,21000,224,'2017-05-09 11:49:42','2017-05-09 11:49:42'),(27,22000,227,'2017-05-09 11:49:56','2017-05-09 11:49:56'),(28,23000,230,'2017-05-09 11:50:15','2017-05-09 11:50:15'),(29,24000,233,'2017-05-09 11:50:23','2017-05-09 11:50:23'),(30,25000,236,'2017-05-09 11:50:31','2017-05-09 11:50:31'),(31,26000,239,'2017-05-09 11:50:39','2017-05-09 11:50:39'),(32,27000,242,'2017-05-09 11:51:09','2017-05-09 11:51:09'),(33,28000,245,'2017-05-09 11:51:16','2017-05-09 11:51:16'),(34,29000,248,'2017-05-09 11:51:26','2017-05-09 11:51:26'),(35,30000,251,'2017-05-09 11:52:28','2017-05-09 11:52:28'),(36,31000,254,'2017-05-09 11:52:49','2017-05-09 11:52:49'),(37,32000,257,'2017-05-09 11:53:05','2017-05-09 11:53:05'),(38,33000,260,'2017-05-09 11:53:12','2017-05-09 11:53:12'),(39,34000,263,'2017-05-09 11:53:37','2017-05-09 11:53:37'),(40,35000,266,'2017-05-09 11:53:49','2017-05-09 11:53:49'),(41,36000,269,'2017-05-09 11:54:17','2017-05-09 11:54:17'),(42,37000,272,'2017-05-09 11:54:28','2017-05-09 11:54:28'),(43,38000,275,'2017-05-09 11:54:35','2017-05-09 11:54:35'),(44,39000,278,'2017-05-09 11:54:44','2017-05-09 11:54:44'),(45,40000,281,'2017-05-09 11:54:53','2017-05-09 11:54:53'),(46,41000,284,'2017-05-09 11:56:38','2017-05-09 11:56:38'),(47,42000,287,'2017-05-09 11:56:48','2017-05-09 11:56:48'),(48,43000,290,'2017-05-09 11:56:57','2017-05-09 11:56:57'),(49,44000,293,'2017-05-09 11:57:21','2017-05-09 11:57:21'),(50,45000,296,'2017-05-09 11:57:30','2017-05-09 11:57:30'),(51,46000,299,'2017-05-09 11:57:48','2017-05-09 11:57:48'),(52,47000,302,'2017-05-09 11:58:06','2017-05-09 11:58:06'),(53,48000,305,'2017-05-09 11:58:27','2017-05-09 11:58:27'),(54,49000,308,'2017-05-09 11:58:42','2017-05-09 11:58:42'),(55,50000,311,'2017-05-09 11:58:50','2017-05-09 11:58:50'),(56,51000,314,'2017-05-09 11:59:41','2017-05-09 11:59:41'),(57,52000,317,'2017-05-09 11:59:51','2017-05-09 11:59:51'),(58,53000,320,'2017-05-09 12:00:11','2017-05-09 12:00:11'),(59,54000,323,'2017-05-09 12:00:11','2017-05-09 12:00:11'),(60,55000,326,'2017-05-09 12:00:11','2017-05-09 12:00:11'),(61,56000,329,'2017-05-09 12:00:11','2017-05-09 12:00:11'),(62,57000,333,'2017-05-09 12:00:11','2017-05-09 12:00:11'),(63,58000,335,'2017-05-09 12:00:11','2017-05-09 12:00:11'),(64,59000,338,'2017-05-09 12:00:11','2017-05-09 12:00:11'),(65,60000,341,'2017-05-09 12:00:11','2017-05-09 12:00:11'),(66,61000,344,'2017-05-09 12:00:11','2017-05-09 12:00:11'),(67,62000,347,'2017-05-09 12:00:11','2017-05-09 12:00:11'),(68,63000,350,'2017-05-09 12:00:11','2017-05-09 12:00:11'),(69,64000,353,'2017-05-09 12:00:11','2017-05-09 12:00:11'),(70,65000,356,'2017-05-09 12:00:11','2017-05-09 12:00:11'),(71,66000,359,'2017-05-09 12:00:11','2017-05-09 12:00:11'),(72,67000,362,'2017-05-09 12:00:11','2017-05-09 12:00:11'),(73,68000,365,'2017-05-09 12:00:11','2017-05-09 12:00:11'),(74,69000,368,'2017-05-09 12:00:11','2017-05-09 12:00:11'),(75,70000,371,'2017-05-09 12:00:11','2017-05-09 12:00:11'),(76,71000,374,'2017-05-09 12:00:11','2017-05-09 12:00:11'),(77,72000,377,'2017-05-09 12:00:11','2017-05-09 12:00:11'),(78,73000,381,'2017-05-09 12:00:11','2017-05-09 12:00:11'),(79,74000,384,'2017-05-09 12:00:11','2017-05-09 12:00:11'),(80,75000,387,'2017-05-09 12:00:11','2017-05-09 12:00:11'),(81,76000,390,'2017-05-09 12:00:11','2017-05-09 12:00:11'),(82,77000,393,'2017-05-09 12:00:11','2017-05-09 12:00:11'),(83,78000,396,'2017-05-09 12:00:11','2017-05-09 12:00:11'),(84,79000,399,'2017-05-09 12:00:11','2017-05-09 12:00:11'),(85,80000,402,'2017-05-09 12:00:11','2017-05-09 12:00:11'),(86,81000,405,'2017-05-09 12:00:11','2017-05-09 12:00:11'),(87,82000,408,'2017-05-09 12:00:11','2017-05-09 12:00:11'),(88,83000,412,'2017-05-09 12:00:11','2017-05-09 12:00:11'),(89,84000,415,'2017-05-09 12:00:11','2017-05-09 12:00:11'),(90,85000,418,'2017-05-09 12:00:11','2017-05-09 12:00:11'),(91,86000,421,'2017-05-09 12:00:11','2017-05-09 12:00:11'),(92,87000,424,'2017-05-09 12:00:11','2017-05-09 12:00:11'),(93,88000,427,'2017-05-09 12:00:11','2017-05-09 12:00:11'),(94,89000,430,'2017-05-09 12:00:11','2017-05-09 12:00:11'),(95,90000,433,'2017-05-09 12:00:11','2017-05-09 12:00:11'),(96,91000,436,'2017-05-09 12:00:11','2017-05-09 12:00:11'),(97,92000,439,'2017-05-09 12:00:11','2017-05-09 12:00:11'),(98,93000,442,'2017-05-09 12:00:11','2017-05-09 12:00:11'),(99,94000,445,'2017-05-09 12:00:11','2017-05-09 12:00:11'),(100,95000,448,'2017-05-09 12:00:11','2017-05-09 12:00:11'),(101,96000,451,'2017-05-09 12:00:11','2017-05-09 12:00:11'),(102,97000,454,'2017-05-09 12:00:11','2017-05-09 12:00:11'),(103,98000,457,'2017-05-09 12:00:11','2017-05-09 12:00:11'),(104,99000,460,'2017-05-09 12:00:11','2017-05-09 12:00:11'),(105,100000,463,'2017-05-09 12:00:11','2017-05-09 12:00:11'),(106,0,0,'2017-05-10 08:55:21','2017-05-10 08:55:21'),(107,0,0,'2017-05-10 08:56:21','2017-05-10 08:56:21'),(108,123123,2131,'2017-05-10 11:31:11','2017-05-10 11:31:11'),(109,10,100,'2017-05-10 13:46:33','2017-05-10 13:46:33');

/*Table structure for table `sizes_list` */

DROP TABLE IF EXISTS `sizes_list`;

CREATE TABLE `sizes_list` (
  `size_id` int(11) NOT NULL AUTO_INCREMENT,
  `size_name` varchar(250) DEFAULT NULL,
  `status` int(11) DEFAULT '1',
  `create_at` datetime DEFAULT NULL,
  `seller_id` int(11) DEFAULT NULL,
  `seller_status` int(11) DEFAULT '1',
  PRIMARY KEY (`size_id`)
) ENGINE=MyISAM AUTO_INCREMENT=16 DEFAULT CHARSET=latin1;

/*Data for the table `sizes_list` */

insert  into `sizes_list`(`size_id`,`size_name`,`status`,`create_at`,`seller_id`,`seller_status`) values (1,'Xl',1,'2017-07-19 13:37:32',NULL,1),(2,'2XS',1,'2017-07-19 13:38:08',NULL,1),(3,'S',1,'2017-07-19 13:38:15',NULL,1),(4,'M',1,'2017-07-19 13:38:22',NULL,1),(5,'L',1,'2017-07-19 13:38:27',NULL,1),(6,'2XL',1,'2017-07-19 13:38:38',NULL,1),(7,'XXL',1,'2017-07-19 13:38:52',NULL,1),(8,'38',1,'2017-07-19 13:39:01',NULL,1),(9,'36',1,'2017-07-19 13:39:06',NULL,1),(10,'34',1,'2017-07-19 13:39:14',NULL,1),(11,'30',1,'2017-07-19 13:39:22',NULL,1),(12,'28',1,'2017-07-19 13:39:27',NULL,1),(13,'S Regular',1,'2017-07-19 13:39:44',NULL,1),(14,'XS',1,'2017-07-19 13:40:37',NULL,1),(15,'29',1,'2017-07-19 14:30:40',NULL,1);

/*Table structure for table `sub_items` */

DROP TABLE IF EXISTS `sub_items`;

CREATE TABLE `sub_items` (
  `subitem_id` int(11) NOT NULL AUTO_INCREMENT,
  `category_id` int(11) NOT NULL,
  `subcategory_id` int(11) NOT NULL,
  `subitem_name` varchar(250) COLLATE utf8_bin NOT NULL,
  `image` varchar(250) COLLATE utf8_bin DEFAULT NULL,
  `created_at` datetime NOT NULL,
  `updated_at` datetime NOT NULL,
  `status` int(11) DEFAULT '1',
  `created_by` int(11) DEFAULT NULL,
  PRIMARY KEY (`subitem_id`)
) ENGINE=InnoDB AUTO_INCREMENT=375 DEFAULT CHARSET=utf8 COLLATE=utf8_bin;

/*Data for the table `sub_items` */

insert  into `sub_items`(`subitem_id`,`category_id`,`subcategory_id`,`subitem_name`,`image`,`created_at`,`updated_at`,`status`,`created_by`) values (141,22,55,'shirts',NULL,'2017-12-12 11:00:36','2017-12-12 11:00:36',1,12),(142,21,102,'Dog Supplies',NULL,'2017-12-12 11:09:26','2017-12-12 11:09:26',1,12),(143,21,102,'Cat Supplies',NULL,'2017-12-12 11:09:26','2017-12-12 11:09:26',1,12),(144,21,101,'Chocolates & Snacks',NULL,'2017-12-12 11:10:41','2017-12-12 11:10:41',1,12),(145,21,101,'Jams & Spreads',NULL,'2017-12-12 11:10:41','2017-12-12 11:10:41',1,12),(146,21,101,'Breakfast & Dairy',NULL,'2017-12-12 11:10:41','2017-12-12 11:10:41',1,12),(147,21,101,'Cooking & Baking',NULL,'2017-12-12 11:10:41','2017-12-12 11:10:41',1,12),(148,21,100,'Baby Food',NULL,'2017-12-12 11:12:02','2017-12-12 11:12:02',1,12),(149,21,100,'Diapers & Wipes',NULL,'2017-12-12 11:12:02','2017-12-12 11:12:02',1,12),(150,21,100,'Baby Skin & Hair Care',NULL,'2017-12-12 11:12:02','2017-12-12 11:12:02',1,12),(151,21,100,'Baby Accessories & More',NULL,'2017-12-12 11:12:02','2017-12-12 11:12:02',1,12),(152,21,99,'Noodles & Vermicelli',NULL,'2017-12-12 11:13:07','2017-12-12 11:13:07',1,12),(153,21,99,'Sauces & Ketchups',NULL,'2017-12-12 11:13:07','2017-12-12 11:13:07',1,12),(154,21,99,'Jams, Honey & Spreads',NULL,'2017-12-12 11:13:07','2017-12-12 11:13:07',1,12),(155,21,99,'Pasta & Soups',NULL,'2017-12-12 11:13:07','2017-12-12 11:13:07',1,12),(156,21,99,'Ready Made Meals & Mixes',NULL,'2017-12-12 11:13:07','2017-12-12 11:13:07',1,12),(157,21,99,'Baking & Dessert Items',NULL,'2017-12-12 11:13:07','2017-12-12 11:13:07',1,12),(158,21,99,'Canned & Frozen Food',NULL,'2017-12-12 11:13:07','2017-12-12 11:13:07',1,12),(159,21,99,'Pickles & Chutneys',NULL,'2017-12-12 11:13:07','2017-12-12 11:13:07',1,12),(160,21,99,'Chyawanprash & Health Foods',NULL,'2017-12-12 11:13:07','2017-12-12 11:13:07',1,12),(161,21,98,'Biscuits & Cookies',NULL,'2017-12-12 11:14:08','2017-12-12 11:14:08',1,12),(162,21,98,'Namkeen & Snacks',NULL,'2017-12-12 11:14:08','2017-12-12 11:14:08',1,12),(163,21,98,'Chips & Crisps',NULL,'2017-12-12 11:14:08','2017-12-12 11:14:08',1,12),(164,21,98,'Chocolates & Candies',NULL,'2017-12-12 11:14:08','2017-12-12 11:14:08',1,12),(165,21,98,'Sweets',NULL,'2017-12-12 11:14:08','2017-12-12 11:14:08',1,12),(166,21,97,'Milk & Milk Products',NULL,'2017-12-12 11:15:32','2017-12-12 11:15:32',1,12),(167,21,97,'Bread & Eggs',NULL,'2017-12-12 11:15:32','2017-12-12 11:15:32',1,12),(168,21,97,'Paneer & Curd',NULL,'2017-12-12 11:15:32','2017-12-12 11:15:32',1,12),(169,21,97,'Butter & Cheese',NULL,'2017-12-12 11:15:32','2017-12-12 11:15:32',1,12),(170,21,97,'Breakfast Cereal & Mixes',NULL,'2017-12-12 11:15:32','2017-12-12 11:15:32',1,12),(171,21,97,'Jams, Honey & Spreads',NULL,'2017-12-12 11:15:32','2017-12-12 11:15:32',1,12),(172,21,97,'Fruits',NULL,'2017-12-12 11:15:32','2017-12-12 11:15:32',1,12),(173,21,96,'Bath & Body',NULL,'2017-12-12 11:16:12','2017-12-12 11:16:12',1,12),(174,21,96,'Hair Care',NULL,'2017-12-12 11:16:12','2017-12-12 11:16:12',1,12),(175,21,96,'Skin Care',NULL,'2017-12-12 11:16:12','2017-12-12 11:16:12',1,12),(176,21,96,'Oral Care',NULL,'2017-12-12 11:16:12','2017-12-12 11:16:12',1,12),(177,21,96,'Deos & Perfumes',NULL,'2017-12-12 11:16:12','2017-12-12 11:16:12',1,12),(178,21,96,'Face Care',NULL,'2017-12-12 11:16:12','2017-12-12 11:16:12',1,12),(179,21,96,'Feminine Hygiene',NULL,'2017-12-12 11:16:12','2017-12-12 11:16:12',1,12),(180,21,96,'Shaving Needs',NULL,'2017-12-12 11:16:12','2017-12-12 11:16:12',1,12),(181,21,96,'Health & Wellness',NULL,'2017-12-12 11:16:12','2017-12-12 11:16:12',1,12),(182,21,96,'Cosmetics',NULL,'2017-12-12 11:16:12','2017-12-12 11:16:12',1,12),(183,21,95,'Plasticware',NULL,'2017-12-12 11:17:13','2017-12-12 11:17:13',1,12),(184,21,95,'Cookware',NULL,'2017-12-12 11:17:13','2017-12-12 11:17:13',1,12),(185,21,95,'Kitchen Tools & Accessories',NULL,'2017-12-12 11:17:13','2017-12-12 11:17:13',1,12),(186,21,95,'Home Furnishing',NULL,'2017-12-12 11:17:13','2017-12-12 11:17:13',1,12),(187,21,95,'Dining & Servings',NULL,'2017-12-12 11:17:13','2017-12-12 11:17:13',1,12),(188,21,95,'Rainwear',NULL,'2017-12-12 11:17:13','2017-12-12 11:17:13',1,12),(189,21,95,'Stationery & Magazines',NULL,'2017-12-12 11:17:13','2017-12-12 11:17:13',1,12),(190,21,95,'Cleaning Equipment',NULL,'2017-12-12 11:17:13','2017-12-12 11:17:13',1,12),(191,21,95,'Storage & Containers',NULL,'2017-12-12 11:17:13','2017-12-12 11:17:13',1,12),(192,21,95,'Electrical Goods & Accessories',NULL,'2017-12-12 11:17:13','2017-12-12 11:17:13',1,12),(193,21,45,'Laundry Detergents',NULL,'2017-12-12 11:17:53','2017-12-12 11:17:53',1,12),(194,21,45,'Dishwashers',NULL,'2017-12-12 11:17:53','2017-12-12 11:17:53',1,12),(195,21,45,'Cleaners',NULL,'2017-12-12 11:17:53','2017-12-12 11:17:53',1,12),(196,21,45,'Cleaning Tools & Brushes',NULL,'2017-12-12 11:17:53','2017-12-12 11:17:53',1,12),(197,21,45,'Pooja Needs',NULL,'2017-12-12 11:17:53','2017-12-12 11:17:53',1,12),(198,21,45,'Repellents',NULL,'2017-12-12 11:17:53','2017-12-12 11:17:53',1,12),(199,21,45,'Home & Car Fresheners',NULL,'2017-12-12 11:17:53','2017-12-12 11:17:53',1,12),(200,21,45,'Tissues & Disposables',NULL,'2017-12-12 11:17:53','2017-12-12 11:17:53',1,12),(201,21,45,'Shoe Care',NULL,'2017-12-12 11:17:53','2017-12-12 11:17:53',1,12),(202,21,45,'Storage & Containers',NULL,'2017-12-12 11:17:53','2017-12-12 11:17:53',1,12),(203,21,45,'Electrical Goods & Accessories',NULL,'2017-12-12 11:17:53','2017-12-12 11:17:53',1,12),(204,21,44,'Soft Drinks',NULL,'2017-12-12 11:18:38','2017-12-12 11:18:38',1,12),(205,21,44,'Juices & Concentrates',NULL,'2017-12-12 11:18:38','2017-12-12 11:18:38',1,12),(206,21,44,'Tea & Coffee',NULL,'2017-12-12 11:18:38','2017-12-12 11:18:38',1,12),(207,21,44,'Health & Energy Drinks',NULL,'2017-12-12 11:18:38','2017-12-12 11:18:38',1,12),(208,21,44,'Water & Soda',NULL,'2017-12-12 11:18:38','2017-12-12 11:18:38',1,12),(209,21,44,'Milk Drinks',NULL,'2017-12-12 11:18:38','2017-12-12 11:18:38',1,12),(210,21,42,'Pulses',NULL,'2017-12-12 11:19:26','2017-12-12 11:19:26',1,12),(211,21,42,'Atta & Other Flours',NULL,'2017-12-12 11:19:26','2017-12-12 11:19:26',1,12),(212,21,42,'Rice & Other Grains',NULL,'2017-12-12 11:19:26','2017-12-12 11:19:26',1,12),(213,21,42,'Dry Fruits & Nuts',NULL,'2017-12-12 11:19:26','2017-12-12 11:19:26',1,12),(214,21,42,'Edible Oils',NULL,'2017-12-12 11:19:26','2017-12-12 11:19:26',1,12),(215,21,42,'Ghee & Vanaspati',NULL,'2017-12-12 11:19:26','2017-12-12 11:19:26',1,12),(216,21,42,'Spices',NULL,'2017-12-12 11:19:26','2017-12-12 11:19:26',1,12),(217,21,42,'Salt & Sugar',NULL,'2017-12-12 11:19:26','2017-12-12 11:19:26',1,12),(218,21,42,'Organic Staples',NULL,'2017-12-12 11:19:26','2017-12-12 11:19:26',1,12),(219,21,41,'Fruits',NULL,'2017-12-12 11:21:57','2017-12-12 11:21:57',1,12),(220,21,41,'Vegetables',NULL,'2017-12-12 11:21:58','2017-12-12 11:21:58',1,12),(221,21,41,'Cut fresh, sprouts & herbs',NULL,'2017-12-12 11:52:25','2017-12-12 11:52:25',1,12),(222,22,107,'Laptops for Businesses',NULL,'2017-12-13 17:54:01','2017-12-13 17:54:01',1,12),(223,22,107,'2 in 1 Laptops',NULL,'2017-12-13 17:54:01','2017-12-13 17:54:01',1,12),(224,22,107,'Intel Gaming Store',NULL,'2017-12-13 17:54:01','2017-12-13 17:54:01',1,12),(225,22,107,'Intel I3 Laptops',NULL,'2017-12-13 17:54:01','2017-12-13 17:54:01',1,12),(226,22,107,'Microsoft Surface',NULL,'2017-12-13 17:54:01','2017-12-13 17:54:01',1,12),(227,22,107,'HP',NULL,'2017-12-13 17:54:01','2017-12-13 17:54:01',1,12),(228,22,107,'Lenovo',NULL,'2017-12-13 17:54:01','2017-12-13 17:54:01',1,12),(229,22,107,'MSI',NULL,'2017-12-13 17:54:01','2017-12-13 17:54:01',1,12),(230,22,107,'Dell Vostro Laptops',NULL,'2017-12-13 17:54:01','2017-12-13 17:54:01',1,12),(231,22,107,'Dell',NULL,'2017-12-13 17:54:01','2017-12-13 17:54:01',1,12),(232,22,107,'Asus',NULL,'2017-12-13 17:54:01','2017-12-13 17:54:01',1,12),(233,22,107,'MacBook',NULL,'2017-12-13 17:54:01','2017-12-13 17:54:01',1,12),(234,22,108,'All in One PCs',NULL,'2017-12-13 17:55:15','2017-12-13 17:55:15',1,12),(235,22,108,'Desktops',NULL,'2017-12-13 17:55:15','2017-12-13 17:55:15',1,12),(236,22,108,'Monitors',NULL,'2017-12-13 17:55:15','2017-12-13 17:55:15',1,12),(237,22,109,'DSLRs',NULL,'2017-12-13 17:55:54','2017-12-13 17:55:54',1,12),(238,22,109,'Point & Shoot',NULL,'2017-12-13 17:55:54','2017-12-13 17:55:54',1,12),(239,22,109,'Lifestyle & Action Cameras',NULL,'2017-12-13 17:55:54','2017-12-13 17:55:54',1,12),(240,22,109,'Camera Accessories',NULL,'2017-12-13 17:55:54','2017-12-13 17:55:54',1,12),(241,22,110,'Routers',NULL,'2017-12-13 17:56:37','2017-12-13 17:56:37',1,12),(242,22,110,'Keyboards & Mouse',NULL,'2017-12-13 17:56:37','2017-12-13 17:56:37',1,12),(243,22,110,'Computer Components',NULL,'2017-12-13 17:56:37','2017-12-13 17:56:37',1,12),(244,22,110,'Softwares',NULL,'2017-12-13 17:56:37','2017-12-13 17:56:37',1,12),(245,22,111,'Printers',NULL,'2017-12-13 17:57:26','2017-12-13 17:57:26',1,12),(246,22,111,'Ink Cartridges',NULL,'2017-12-13 17:57:26','2017-12-13 17:57:26',1,12),(247,22,111,'Projectors',NULL,'2017-12-13 17:57:26','2017-12-13 17:57:26',1,12),(248,22,111,'Toner Cartridges',NULL,'2017-12-13 17:57:26','2017-12-13 17:57:26',1,12),(249,22,111,'Scanners',NULL,'2017-12-13 17:57:26','2017-12-13 17:57:26',1,12),(250,22,112,'Gaming Laptops',NULL,'2017-12-13 17:58:00','2017-12-13 17:58:00',1,12),(251,22,112,'Gaming Console',NULL,'2017-12-13 17:58:00','2017-12-13 17:58:00',1,12),(252,22,112,'Gaming Monitors',NULL,'2017-12-13 17:58:00','2017-12-13 17:58:00',1,12),(253,22,112,'Sony Playstation',NULL,'2017-12-13 17:58:00','2017-12-13 17:58:00',1,12),(254,22,112,'Microsoft Xbox',NULL,'2017-12-13 17:58:00','2017-12-13 17:58:00',1,12),(255,22,112,'Games',NULL,'2017-12-13 17:58:00','2017-12-13 17:58:00',1,12),(256,22,112,'Gaming Accessories',NULL,'2017-12-13 17:58:00','2017-12-13 17:58:00',1,12),(257,22,113,'External Hard Disks',NULL,'2017-12-13 17:59:03','2017-12-13 17:59:03',1,12),(258,22,113,'Seagate Hard Disks',NULL,'2017-12-13 17:59:03','2017-12-13 17:59:03',1,12),(259,22,113,'WD Hard Disks',NULL,'2017-12-13 17:59:03','2017-12-13 17:59:03',1,12),(260,22,113,'Pendrives',NULL,'2017-12-13 17:59:03','2017-12-13 17:59:03',1,12),(261,22,113,'Memory Cards',NULL,'2017-12-13 17:59:03','2017-12-13 17:59:03',1,12),(262,22,114,'Bluetooth Speakers',NULL,'2017-12-13 17:59:23','2017-12-13 17:59:23',1,12),(263,22,114,'Computer Speakers',NULL,'2017-12-13 17:59:40','2017-12-13 17:59:40',1,12),(264,20,231,'Cases & Covers',NULL,'2017-12-18 11:25:27','2017-12-18 11:25:27',1,12),(265,20,231,'Power Banks',NULL,'2017-12-18 11:25:27','2017-12-18 11:25:27',1,12),(266,20,231,'Cables',NULL,'2017-12-18 11:25:27','2017-12-18 11:25:27',1,12),(267,20,231,'Mobile Chargers',NULL,'2017-12-18 11:25:27','2017-12-18 11:25:27',1,12),(268,20,231,'VR Headsets',NULL,'2017-12-18 11:25:27','2017-12-18 11:25:27',1,12),(269,20,231,'Selfie Sticks',NULL,'2017-12-18 11:25:27','2017-12-18 11:25:27',1,12),(270,20,231,'Mobile Holders',NULL,'2017-12-18 11:25:27','2017-12-18 11:25:27',1,12),(271,20,231,'Batteries',NULL,'2017-12-18 11:25:27','2017-12-18 11:25:27',1,12),(272,20,226,'Android',NULL,'2017-12-18 11:30:39','2017-12-18 11:30:39',1,12),(273,20,227,'Windows',NULL,'2017-12-18 11:30:55','2017-12-18 11:30:55',1,12),(274,20,228,'IOS',NULL,'2017-12-18 11:31:06','2017-12-18 11:31:06',1,12),(275,20,229,'Symbian',NULL,'2017-12-18 11:31:46','2017-12-18 11:31:46',1,12),(276,20,230,'Basic',NULL,'2017-12-18 11:32:41','2017-12-18 11:32:41',1,12),(277,20,231,'Mobile Accessories',NULL,'2017-12-18 11:33:00','2017-12-18 11:33:00',1,12),(278,20,234,'Tablets',NULL,'2017-12-18 11:33:17','2017-12-18 11:33:17',1,12),(279,20,226,'Mobiles Store',NULL,'2017-12-18 14:49:09','2017-12-18 14:49:09',1,12),(280,35,221,'luggage sub item',NULL,'2017-12-18 16:43:42','2017-12-18 16:43:42',1,12),(281,35,220,'bags packs sub item',NULL,'2017-12-18 16:50:13','2017-12-18 16:50:13',1,12),(282,35,220,'hand bags sub item',NULL,'2017-12-18 16:56:25','2017-12-18 16:56:25',1,12),(283,35,223,'wallet sub item',NULL,'2017-12-18 17:00:13','2017-12-18 17:00:13',1,12),(284,35,222,'clutches',NULL,'2017-12-18 17:07:35','2017-12-18 17:07:35',1,12),(285,35,224,'Store Sub item',NULL,'2017-12-18 17:09:51','2017-12-18 17:09:51',1,12),(286,35,225,'camping and hiking sub item',NULL,'2017-12-18 17:15:59','2017-12-18 17:15:59',1,12),(287,24,135,'ethinic',NULL,'2017-12-18 17:25:02','2017-12-18 17:25:02',1,12),(288,24,135,'vasu',NULL,'2017-12-18 17:32:49','2017-12-18 17:32:49',1,12),(290,24,137,'t-shirt',NULL,'2017-12-18 17:39:09','2017-12-18 17:39:09',1,12),(291,24,135,'womens  ethinic',NULL,'2017-12-18 17:42:45','2017-12-18 17:42:45',1,12),(292,34,211,'gift store.',NULL,'2017-12-18 17:52:35','2017-12-18 17:52:35',1,12),(293,24,233,'ladies shoes',NULL,'2017-12-18 17:54:15','2017-12-18 17:54:15',1,12),(294,24,233,'women ',NULL,'2017-12-18 17:57:23','2017-12-18 17:57:23',1,12),(295,19,124,'inner pocket, front pocket',NULL,'2017-12-18 18:04:35','2017-12-18 18:04:35',1,12),(296,23,115,'videocon',NULL,'2017-12-18 18:06:16','2017-12-18 18:06:16',1,12),(297,23,117,'washing',NULL,'2017-12-18 18:08:55','2017-12-18 18:08:55',1,12),(298,23,121,'kitchen',NULL,'2017-12-18 18:10:52','2017-12-18 18:10:52',1,12),(299,23,119,'home appliances sub item',NULL,'2017-12-18 18:11:33','2017-12-18 18:11:33',1,12),(300,23,118,'refri-item',NULL,'2017-12-18 18:14:02','2017-12-18 18:14:02',1,12),(301,23,120,'Break fast essential',NULL,'2017-12-18 18:16:13','2017-12-18 18:16:13',1,12),(302,23,116,'audio & video',NULL,'2017-12-18 18:19:56','2017-12-18 18:19:56',1,12),(303,34,217,'gift type',NULL,'2017-12-18 18:21:51','2017-12-18 18:21:51',1,12),(304,34,218,'byrecipent',NULL,'2017-12-18 18:24:30','2017-12-18 18:24:30',1,12),(305,28,155,'GPS',NULL,'2017-12-18 18:37:45','2017-12-18 18:37:45',1,12),(306,24,145,'Shawl',NULL,'2017-12-18 18:52:59','2017-12-18 18:52:59',1,12),(307,24,137,'sweater',NULL,'2017-12-18 18:53:23','2017-12-18 18:53:23',1,12),(308,24,143,'lensess',NULL,'2017-12-18 18:53:45','2017-12-18 18:53:45',1,12),(309,24,142,'hand bags',NULL,'2017-12-18 18:54:03','2017-12-18 18:54:03',1,12),(310,24,141,'ladies Watch',NULL,'2017-12-18 18:54:21','2017-12-18 18:54:21',1,12),(311,24,135,'shawl',NULL,'2017-12-18 18:55:27','2017-12-18 18:55:27',1,12),(312,24,145,'jacket',NULL,'2017-12-18 18:56:12','2017-12-18 18:56:12',1,12),(313,24,140,'Womens shoe',NULL,'2017-12-18 18:58:22','2017-12-18 18:58:22',1,12),(314,28,156,'car perfume sub item',NULL,'2017-12-19 10:39:06','2017-12-19 10:39:06',1,12),(315,22,110,'computer sub accessories',NULL,'2017-12-19 10:55:24','2017-12-19 10:55:24',1,12),(316,32,204,'Furniture sub item',NULL,'2017-12-19 11:29:18','2017-12-19 11:29:18',1,12),(317,24,232,'casual shoes',NULL,'2017-12-19 11:31:44','2017-12-19 11:31:44',1,12),(318,24,140,'Footwear',NULL,'2017-12-19 11:32:07','2017-12-19 11:32:07',1,12),(319,32,205,'Living Room',NULL,'2017-12-19 12:01:51','2017-12-19 12:01:51',1,12),(320,32,206,'BED ROOM',NULL,'2017-12-19 12:13:52','2017-12-19 12:13:52',1,12),(321,32,207,'MODULAR WARDROBES',NULL,'2017-12-19 12:17:19','2017-12-19 12:17:19',1,12),(322,32,204,'MODULAR KITCHENS',NULL,'2017-12-19 12:21:19','2017-12-19 12:21:19',1,12),(323,32,209,'KIDS FURNITURE',NULL,'2017-12-19 12:29:01','2017-12-19 12:29:01',1,12),(324,32,210,'STUDY ROOM',NULL,'2017-12-19 12:36:26','2017-12-19 12:36:26',1,12),(325,32,205,'WALL SHELVES',NULL,'2017-12-19 14:41:33','2017-12-19 14:41:33',1,12),(326,32,204,'Coffee Tables',NULL,'2017-12-19 14:47:24','2017-12-19 14:47:24',1,12),(327,32,204,'MODULARS  WARDROBES',NULL,'2017-12-19 14:55:54','2017-12-19 14:55:54',1,12),(328,32,204,'FINISHING TOUCHES',NULL,'2017-12-19 15:01:21','2017-12-19 15:01:21',1,12),(329,32,204,'GARDEN & PATIO FURNITURE',NULL,'2017-12-19 15:03:23','2017-12-19 15:03:23',1,12),(330,32,205,'WALL ACCENTS',NULL,'2017-12-19 15:04:41','2017-12-19 15:04:41',1,12),(331,32,206,'WALL LIGHTS',NULL,'2017-12-19 15:09:13','2017-12-19 15:09:13',1,12),(332,32,206,'CEILING LIGHTS',NULL,'2017-12-19 15:16:47','2017-12-19 15:16:47',1,12),(333,32,207,'CARPETS & AREA RUGS',NULL,'2017-12-19 15:21:38','2017-12-19 15:21:38',1,12),(334,32,208,'FOOD STORAGE',NULL,'2017-12-19 15:24:27','2017-12-19 15:24:27',1,12),(335,32,209,'DRINKWARE',NULL,'2017-12-19 15:26:24','2017-12-19 15:26:24',1,12),(336,32,210,'FANS',NULL,'2017-12-19 15:28:22','2017-12-19 15:28:22',1,12),(337,19,123,'Tshirts',NULL,'2017-12-19 15:53:19','2017-12-19 15:53:19',1,12),(338,19,124,'Jeans',NULL,'2017-12-19 15:53:52','2017-12-19 15:53:52',1,12),(339,19,125,'Active T-shirts',NULL,'2017-12-19 15:54:14','2017-12-19 15:54:14',1,12),(340,19,126,'Briefs & Trunks',NULL,'2017-12-19 15:54:33','2017-12-19 15:54:33',1,12),(341,19,127,'Kurta Pyjamas',NULL,'2017-12-19 15:54:51','2017-12-19 15:54:51',1,12),(342,19,129,'Formal Shoes',NULL,'2017-12-19 15:55:38','2017-12-19 15:55:38',1,12),(343,19,130,'Running',NULL,'2017-12-19 15:56:06','2017-12-19 15:56:06',1,12),(344,19,131,'All Watches',NULL,'2017-12-19 15:56:27','2017-12-19 15:56:27',1,12),(345,19,132,'Luggage & Suitcases',NULL,'2017-12-19 15:56:45','2017-12-19 15:56:45',1,12),(346,19,133,'Men Sunglasses',NULL,'2017-12-19 15:57:11','2017-12-19 15:57:11',1,12),(347,19,134,'Wallets',NULL,'2017-12-19 15:57:32','2017-12-19 15:57:32',1,12),(348,24,135,'Kurtas & Kurtis',NULL,'2017-12-19 15:59:55','2017-12-19 15:59:55',1,12),(349,29,172,'Premium Pens',NULL,'2017-12-19 16:17:36','2017-12-19 16:17:36',1,12),(350,29,173,'Pencils',NULL,'2017-12-19 16:18:06','2017-12-19 16:18:06',1,12),(351,29,174,'Clip Files',NULL,'2017-12-19 16:18:38','2017-12-19 16:18:38',1,12),(352,29,175,'Office MachinesNote-counting Machine',NULL,'2017-12-19 16:18:59','2017-12-19 16:18:59',1,12),(353,29,176,'Scientific',NULL,'2017-12-19 16:19:18','2017-12-19 16:19:18',1,12),(354,29,177,'Notebooks',NULL,'2017-12-19 16:19:38','2017-12-19 16:19:38',1,12),(355,29,178,'Adhesives',NULL,'2017-12-19 16:19:56','2017-12-19 16:19:56',1,12),(356,29,179,'School Bags',NULL,'2017-12-19 16:20:13','2017-12-19 16:20:13',1,12),(357,29,180,'Printer & Copier Paper',NULL,'2017-12-19 16:20:31','2017-12-19 16:20:31',1,12),(358,29,181,'Competitive Exams',NULL,'2017-12-19 16:21:12','2017-12-19 16:21:12',1,12),(359,34,216,'Everyday',NULL,'2017-12-19 16:27:38','2017-12-19 16:27:38',1,12),(360,34,217,'Flowers',NULL,'2017-12-19 16:43:17','2017-12-19 16:43:17',1,12),(361,34,217,'Eggless Cakes',NULL,'2017-12-19 16:45:09','2017-12-19 16:45:09',1,12),(362,34,217,'Cakes',NULL,'2017-12-19 16:46:10','2017-12-19 16:46:10',1,12),(363,32,208,'MODULAR KITCHENS',NULL,'2017-12-19 16:50:34','2017-12-19 16:50:34',1,12),(364,34,217,'Corporate',NULL,'2017-12-19 16:55:50','2017-12-19 16:55:50',1,12),(365,34,218,'Corporate',NULL,'2017-12-19 16:56:26','2017-12-19 16:56:26',1,12),(366,24,144,'Luggage & Trolley Bags',NULL,'2017-12-19 17:55:35','2017-12-19 17:55:35',1,12),(367,24,143,'Ray-Ban,IDEE & More',NULL,'2017-12-19 17:55:56','2017-12-19 17:55:56',1,12),(368,24,142,'Wallets',NULL,'2017-12-19 17:56:30','2017-12-19 17:56:30',1,12),(369,24,141,'Women Watches',NULL,'2017-12-19 17:57:30','2017-12-19 17:57:30',1,12),(370,24,139,'Jewellery',NULL,'2017-12-19 17:58:05','2017-12-19 17:58:05',1,12),(371,24,138,'Lingerie & Sleepwear',NULL,'2017-12-19 17:58:37','2017-12-19 17:58:37',1,12),(372,24,137,'Jackets',NULL,'2017-12-19 17:59:00','2017-12-19 17:59:00',1,12),(373,24,136,'Trousers',NULL,'2017-12-19 17:59:26','2017-12-19 17:59:26',1,12),(374,24,135,'Sarees',NULL,'2017-12-19 18:00:05','2017-12-19 18:00:05',1,12);

/*Table structure for table `subcat_wise_fliter_search` */

DROP TABLE IF EXISTS `subcat_wise_fliter_search`;

CREATE TABLE `subcat_wise_fliter_search` (
  `id` int(11) NOT NULL AUTO_INCREMENT,
  `Ip_address` varchar(250) DEFAULT NULL,
  `category_id` int(11) DEFAULT NULL,
  `subcategory_id` int(11) DEFAULT NULL,
  `mini_amount` varchar(250) DEFAULT NULL,
  `max_amount` varchar(250) DEFAULT NULL,
  `offers` varchar(250) DEFAULT NULL,
  `brand` varchar(250) DEFAULT NULL,
  `size` varchar(250) DEFAULT NULL,
  `color` varchar(250) DEFAULT NULL,
  `ram` varchar(250) DEFAULT NULL,
  `colour` varchar(250) DEFAULT NULL,
  `os` varchar(250) DEFAULT NULL,
  `create` datetime DEFAULT NULL,
  PRIMARY KEY (`id`)
) ENGINE=MyISAM AUTO_INCREMENT=2650 DEFAULT CHARSET=latin1;

/*Data for the table `subcat_wise_fliter_search` */

/*Table structure for table `subcategories` */

DROP TABLE IF EXISTS `subcategories`;

CREATE TABLE `subcategories` (
  `subcategory_id` int(11) NOT NULL AUTO_INCREMENT,
  `category_id` int(11) NOT NULL,
  `subcategory_name` varchar(500) NOT NULL,
  `subcategory_image` varchar(500) DEFAULT NULL,
  `commission` int(11) DEFAULT NULL,
  `created_at` datetime NOT NULL,
  `updated_at` datetime NOT NULL,
  `yes` int(11) DEFAULT '0',
  `status` int(11) DEFAULT '1',
  `created_by` int(11) DEFAULT NULL,
  `document` varchar(250) DEFAULT NULL,
  PRIMARY KEY (`subcategory_id`)
) ENGINE=InnoDB AUTO_INCREMENT=236 DEFAULT CHARSET=latin1;

/*Data for the table `subcategories` */

insert  into `subcategories`(`subcategory_id`,`category_id`,`subcategory_name`,`subcategory_image`,`commission`,`created_at`,`updated_at`,`yes`,`status`,`created_by`,`document`) values (41,21,'Fruits & Vegetables','Fruits-&-Vegetables.png',12,'2017-12-13 18:38:37','2017-12-13 18:38:37',0,1,12,'grocerycategoryfile.xlsx'),(42,21,'Grocery & Staples','Grocery-&-Staples.png',12,'2017-12-13 18:38:54','2017-12-13 18:38:54',0,1,12,'grocerycategoryfile.xlsx'),(44,21,'Beverages','Beverages.png',12,'2017-12-13 18:37:20','2017-12-13 18:37:20',0,1,12,'grocerycategoryfile.xlsx'),(45,21,'Home & Kitchen','Home-&-Kitchen.png',12,'2017-12-13 18:39:08','2017-12-13 18:39:08',0,1,12,'grocerycategoryfile.xlsx'),(95,21,'Household Needs','Household-Needs.png',14,'2017-12-13 18:39:26','2017-12-13 18:39:26',0,1,12,'grocerycategoryfile.xlsx'),(96,21,'Personal Care','Personal-Care.png',14,'2017-12-13 18:40:27','2017-12-13 18:40:27',0,1,12,'grocerycategoryfile.xlsx'),(97,21,'Breakfast & Dairy','Breakfast-&-Dairy.png',12,'2017-12-13 18:38:19','2017-12-13 18:38:19',0,1,12,'grocerycategoryfile.xlsx'),(98,21,'Biscuits, Snacks & Chocolates','Biscuits.png',14,'2017-12-13 18:37:45','2017-12-13 18:37:45',0,1,12,'grocerycategoryfile.xlsx'),(99,21,'Noodles, Sauces & Instant Food','Noodles,-Sauces-&-Instant-Food.png',41,'2017-12-13 18:39:57','2017-12-13 18:39:57',0,1,12,'grocerycategoryfile.xlsx'),(100,21,'Baby & Kids','Baby-&-Kids.png',45,'2017-12-13 18:36:57','2017-12-13 18:36:57',0,1,12,'grocerycategoryfile.xlsx'),(101,21,'Organic & Gourmet','Organic-&-Gourmet.png',41,'2017-12-13 18:40:14','2017-12-13 18:40:14',0,1,12,'grocerycategoryfile.xlsx'),(102,21,'Pet Care','Pet-Care.png',14,'2017-12-13 18:36:31','2017-12-13 18:36:31',0,1,12,'grocerycategoryfile.xlsx'),(107,22,'Laptops Store',NULL,20,'2017-12-13 17:52:10','2017-12-13 17:52:10',0,1,12,'Electroniclaptops.xlsx'),(108,22,'Desktops & Monitors',NULL,20,'2017-12-13 17:52:10','2017-12-13 17:52:10',0,1,12,'allfields.xlsx'),(109,22,'Camera & Accessories',NULL,20,'2017-12-13 17:52:10','2017-12-13 17:52:10',0,1,12,'Electroniccameraaccessories.xlsx'),(110,22,'Computer Accessories',NULL,20,'2017-12-13 17:52:10','2017-12-13 17:52:10',0,1,12,'allfields.xlsx'),(111,22,'Printers & Office Electronics',NULL,20,'2017-12-13 17:52:10','2017-12-13 17:52:10',0,1,12,'Electronicprinters.xlsx'),(112,22,'Gaming',NULL,20,'2017-12-13 17:52:10','2017-12-13 17:52:10',0,1,12,'allfields.xlsx'),(113,22,'Storage Devices',NULL,20,'2017-12-13 17:52:10','2017-12-13 17:52:10',0,1,12,'allfields.xlsx'),(115,23,'All Televisions',NULL,20,'2017-12-13 18:02:42','2017-12-13 18:02:42',0,1,12,'allfields.xlsx'),(116,23,'Audio & Video',NULL,20,'2017-12-13 18:02:42','2017-12-13 18:02:42',0,1,12,'allfields.xlsx'),(117,23,'Washing Machines',NULL,20,'2017-12-13 18:02:42','2017-12-13 18:02:42',0,1,12,'allfields.xlsx'),(118,23,'Refrigerators',NULL,20,'2017-12-13 18:02:42','2017-12-13 18:02:42',0,1,12,'allfields.xlsx'),(119,23,'Home Appliances',NULL,20,'2017-12-13 18:02:42','2017-12-13 18:02:42',0,1,12,'allfields.xlsx'),(120,23,'Breakfast Essentials',NULL,20,'2017-12-13 18:02:42','2017-12-13 18:02:42',0,1,12,'allfields.xlsx'),(121,23,'Kitchen Essentials',NULL,20,'2017-12-13 18:02:42','2017-12-13 18:02:42',0,1,12,'allfields.xlsx'),(122,23,'Personal Grooming Appliances',NULL,20,'2017-12-13 18:02:42','2017-12-13 18:02:42',0,1,12,'allfields.xlsx'),(123,19,'Men T-shirts,Shirts & More',NULL,20,'2017-12-13 18:11:23','2017-12-13 18:11:23',0,1,12,'clothcategoryfile.xlsx'),(124,19,'Men Jeans, Trousers & More',NULL,20,'2017-12-13 18:11:23','2017-12-13 18:11:23',0,1,12,'clothcategoryfile62.xlsx'),(125,19,'Men Sports & Active Wear',NULL,20,'2017-12-13 18:11:23','2017-12-13 18:11:23',0,1,12,'clothcategoryfile.xlsx'),(126,19,'Men Innerwear & Nightwear',NULL,20,'2017-12-13 18:11:23','2017-12-13 18:11:23',0,1,12,'clothcategoryfile.xlsx'),(127,19,'Men Ethnic Wear',NULL,20,'2017-12-13 18:11:23','2017-12-13 18:11:23',0,1,12,'clothcategoryfile.xlsx'),(128,19,'Men\'s Footwear Store',NULL,20,'2017-12-13 18:11:23','2017-12-13 18:11:23',0,1,12,'footwareshoe.xlsx'),(129,19,'Formal & Casual Shoes',NULL,20,'2017-12-13 18:11:23','2017-12-13 18:11:23',0,1,12,'footwareshoe.xlsx'),(130,19,'Sports Shoes',NULL,20,'2017-12-13 18:11:23','2017-12-13 18:11:23',0,1,12,'footwareshoe.xlsx'),(131,19,'Watch Store',NULL,20,'2017-12-13 18:11:23','2017-12-13 18:11:23',0,1,12,'allfields.xlsx'),(132,19,'Bags & Luggage Store',NULL,20,'2017-12-13 18:11:23','2017-12-13 18:11:23',0,1,12,'bagscategoryfile.xlsx'),(133,19,'Eyewear',NULL,20,'2017-12-13 18:11:23','2017-12-13 18:11:23',0,1,12,'allfields.xlsx'),(134,19,'Wallet, Belts & more',NULL,20,'2017-12-13 18:11:23','2017-12-13 18:11:23',0,1,12,'allfields.xlsx'),(135,24,'Women Ethnic Wear',NULL,20,'2017-12-13 18:13:54','2017-12-13 18:13:54',0,1,12,'clothcategoryfile63.xlsx'),(136,24,'Women Western Wear',NULL,20,'2017-12-13 18:13:54','2017-12-13 18:13:54',0,1,12,'clothcategoryfile.xlsx'),(137,24,'Women Winterwear',NULL,20,'2017-12-13 18:13:54','2017-12-13 18:13:54',0,1,12,'clothcategoryfile.xlsx'),(138,24,'Woman Sports & Active Wear',NULL,20,'2017-12-13 18:13:54','2017-12-13 18:13:54',0,1,12,'clothcategoryfile.xlsx'),(139,24,'Women\'s Clothing Store',NULL,20,'2017-12-13 18:13:54','2017-12-13 18:13:54',0,1,12,'clothcategoryfile63.xlsx'),(140,24,'Women\'s Footwear Store',NULL,20,'2017-12-13 18:13:54','2017-12-13 18:13:54',0,1,12,'footwareshoe.xlsx'),(141,24,'Watch Store',NULL,20,'2017-12-13 18:13:54','2017-12-13 18:13:54',0,1,12,'allfields.xlsx'),(142,24,'Women Bags',NULL,20,'2017-12-13 18:13:54','2017-12-13 18:13:54',0,1,12,'bagscategoryfile.xlsx'),(143,24,'Eyewear',NULL,20,'2017-12-13 18:13:54','2017-12-13 18:13:54',0,1,12,'allfields.xlsx'),(144,24,'Bags & Luggage Store',NULL,20,'2017-12-13 18:13:54','2017-12-13 18:13:54',0,1,12,'bagscategoryfile.xlsx'),(145,24,'Winter Accessories',NULL,20,'2017-12-13 18:13:54','2017-12-13 18:13:54',0,1,12,'allfields.xlsx'),(146,18,'Home Decorative',NULL,20,'2017-12-14 17:00:30','2017-12-14 17:00:30',0,1,12,'allfields.xlsx'),(147,18,'Home Furnishings',NULL,20,'2017-12-14 17:00:30','2017-12-14 17:00:30',0,1,12,'allfields.xlsx'),(148,18,'Kitchen & Dining',NULL,20,'2017-12-14 17:00:30','2017-12-14 17:00:30',0,1,12,'allfields.xlsx'),(149,18,'Home Improvement',NULL,20,'2017-12-14 17:00:30','2017-12-14 17:00:30',0,1,12,'allfields.xlsx'),(150,18,'Hardware & Fittings',NULL,20,'2017-12-14 17:00:30','2017-12-14 17:00:30',0,1,12,'allfields.xlsx'),(151,18,'LEDs & Lighting',NULL,20,'2017-12-14 17:00:30','2017-12-14 17:00:30',0,1,12,'allfields.xlsx'),(152,18,'Bathroom Accessories',NULL,20,'2017-12-14 17:00:30','2017-12-14 17:00:30',0,1,12,'allfields.xlsx'),(153,18,'Brand Store',NULL,20,'2017-12-14 17:00:30','2017-12-14 17:00:30',0,1,12,'allfields.xlsx'),(154,18,'Home & Kitchen products under 299',NULL,20,'2017-12-14 17:00:30','2017-12-14 17:00:30',0,1,12,'allfields.xlsx'),(155,28,'Car Audio & GPS',NULL,20,'2017-12-14 17:02:12','2017-12-14 17:02:12',0,1,12,'allfields.xlsx'),(156,28,'Car Perfumes',NULL,20,'2017-12-14 17:02:12','2017-12-14 17:02:12',0,1,12,'allfields.xlsx'),(157,28,'Helmets',NULL,20,'2017-12-14 17:02:12','2017-12-14 17:02:12',0,1,12,'allfields.xlsx'),(158,28,'Car & Bike Body Covers',NULL,20,'2017-12-14 17:02:12','2017-12-14 17:02:12',0,1,12,'allfields.xlsx'),(159,28,'Seat Covers',NULL,20,'2017-12-14 17:02:12','2017-12-14 17:02:12',0,1,12,'allfields.xlsx'),(160,28,'Vacuum cleaners',NULL,20,'2017-12-14 17:02:12','2017-12-14 17:02:12',0,1,12,'allfields.xlsx'),(161,28,'Bluetooth Devices',NULL,20,'2017-12-14 17:02:12','2017-12-14 17:02:12',0,1,12,'allfields.xlsx'),(162,28,'Tyres',NULL,20,'2017-12-14 17:02:12','2017-12-14 17:02:12',0,1,12,'allfields.xlsx'),(163,28,'Car Interior Accessories',NULL,20,'2017-12-14 17:02:12','2017-12-14 17:02:12',0,1,12,'allfields.xlsx'),(164,28,'Car Exterior Accessories',NULL,20,'2017-12-14 17:02:12','2017-12-14 17:02:12',0,1,12,'allfields.xlsx'),(165,28,'Helmets',NULL,20,'2017-12-14 17:02:12','2017-12-14 17:02:12',0,1,12,'allfields.xlsx'),(166,28,'Car Audio & GPS',NULL,20,'2017-12-14 17:02:12','2017-12-14 17:02:12',0,1,12,'allfields.xlsx'),(167,28,'Car Care & Tool Kits',NULL,20,'2017-12-14 17:02:12','2017-12-14 17:02:12',0,1,12,'allfields.xlsx'),(168,28,'Car Air Fresheners',NULL,20,'2017-12-14 17:02:12','2017-12-14 17:02:12',0,1,12,'allfields.xlsx'),(169,28,'Riding Accessories',NULL,20,'2017-12-14 17:02:12','2017-12-14 17:02:12',0,1,12,'allfields.xlsx'),(170,28,'Bike Accessories',NULL,20,'2017-12-14 17:02:12','2017-12-14 17:02:12',0,1,12,'allfields.xlsx'),(171,28,'Comfort & Safety',NULL,20,'2017-12-14 17:02:12','2017-12-14 17:02:12',0,1,12,'allfields.xlsx'),(172,29,'Pens',NULL,15,'2017-12-14 17:10:09','2017-12-14 17:10:09',0,1,12,'allfields.xlsx'),(173,29,'Writing & Drawing',NULL,15,'2017-12-14 17:10:09','2017-12-14 17:10:09',0,1,12,'allfields.xlsx'),(174,29,'Files & Folders',NULL,15,'2017-12-14 17:10:09','2017-12-14 17:10:09',0,1,12,'allfields.xlsx'),(175,29,'Office Supplies',NULL,15,'2017-12-14 17:10:09','2017-12-14 17:10:09',0,1,12,'allfields.xlsx'),(176,29,'Calculators',NULL,15,'2017-12-14 17:10:09','2017-12-14 17:10:09',0,1,12,'allfields.xlsx'),(177,29,'Diaries & Notebooks',NULL,15,'2017-12-14 17:10:09','2017-12-14 17:10:09',0,1,12,'allfields.xlsx'),(178,29,'Tapes, Envelopes and more',NULL,15,'2017-12-14 17:10:09','2017-12-14 17:10:09',0,1,12,'allfields.xlsx'),(179,29,'Student Stuff',NULL,15,'2017-12-14 17:10:09','2017-12-14 17:10:09',0,1,12,'allfields.xlsx'),(180,29,'Paper Supplies',NULL,15,'2017-12-14 17:10:09','2017-12-14 17:10:09',0,1,12,'allfields.xlsx'),(181,29,'Books',NULL,15,'2017-12-14 17:10:09','2017-12-14 17:10:09',0,1,12,'allfields.xlsx'),(182,30,'Toys & Games',NULL,15,'2017-12-14 17:13:01','2017-12-14 17:13:01',0,1,12,'allfields.xlsx'),(183,30,'International Toys',NULL,15,'2017-12-14 17:13:01','2017-12-14 17:13:01',0,1,12,'allfields.xlsx'),(184,30,'Indoor Toys & Games',NULL,15,'2017-12-14 17:13:01','2017-12-14 17:13:01',0,1,12,'allfields.xlsx'),(185,30,'Travel & Outdoor',NULL,15,'2017-12-14 17:13:01','2017-12-14 17:13:01',0,1,12,'allfields.xlsx'),(186,30,'Learning & Education',NULL,15,'2017-12-14 17:13:01','2017-12-14 17:13:01',0,1,12,'allfields.xlsx'),(187,30,'Baby & Toddler Toys',NULL,15,'2017-12-14 17:13:01','2017-12-14 17:13:01',0,1,12,'allfields.xlsx'),(188,30,'Adult Collectibles',NULL,15,'2017-12-14 17:13:01','2017-12-14 17:13:01',0,1,12,'allfields.xlsx'),(189,30,'Toys For Girls',NULL,15,'2017-12-14 17:13:01','2017-12-14 17:13:01',0,1,12,'allfields.xlsx'),(190,30,'Babycare & Maternity Store',NULL,15,'2017-12-14 17:13:01','2017-12-14 17:13:01',0,1,12,'allfields.xlsx'),(191,30,'Kids Clothing Store',NULL,15,'2017-12-14 17:13:01','2017-12-14 17:13:01',0,1,12,'allfields.xlsx'),(192,30,'Girls Clothing & Footwear',NULL,15,'2017-12-14 17:13:01','2017-12-14 17:13:01',0,1,12,'allfields.xlsx'),(193,30,'Boys Clothing & Footwear',NULL,15,'2017-12-14 17:13:01','2017-12-14 17:13:01',0,1,12,'allfields.xlsx'),(194,30,'Infants Clothing & Footwear',NULL,15,'2017-12-14 17:13:01','2017-12-14 17:13:01',0,1,12,'allfields.xlsx'),(195,30,'Kids Accessories',NULL,15,'2017-12-14 17:13:01','2017-12-14 17:13:01',0,1,12,'allfields.xlsx'),(196,31,'Sports',NULL,20,'2017-12-14 17:15:00','2017-12-14 17:15:00',0,1,12,'allfields.xlsx'),(197,31,'Cycling',NULL,20,'2017-12-14 17:15:00','2017-12-14 17:15:00',0,1,12,'allfields.xlsx'),(198,31,'Fitness Equipment',NULL,20,'2017-12-14 17:15:00','2017-12-14 17:15:00',0,1,12,'allfields.xlsx'),(199,31,'Fitness Accessories',NULL,20,'2017-12-14 17:15:00','2017-12-14 17:15:00',0,1,12,'allfields.xlsx'),(200,31,'Massagers',NULL,20,'2017-12-14 17:15:00','2017-12-14 17:15:00',0,1,12,'allfields.xlsx'),(201,31,'Indoor Games',NULL,20,'2017-12-14 17:15:00','2017-12-14 17:15:00',0,1,12,'allfields.xlsx'),(202,31,'Weighing Technology',NULL,20,'2017-12-14 17:15:00','2017-12-14 17:15:00',0,1,12,'allfields.xlsx'),(203,31,'Outdoor and Adventure Gear',NULL,20,'2017-12-14 17:15:00','2017-12-14 17:15:00',0,1,12,'allfields.xlsx'),(204,32,'Furniture',NULL,20,'2017-12-14 18:17:03','2017-12-14 18:17:03',0,1,12,'allfields.xlsx'),(205,32,'Decor',NULL,20,'2017-12-14 18:17:03','2017-12-14 18:17:03',0,1,12,'allfields.xlsx'),(206,32,'Lamps & Lighting',NULL,20,'2017-12-14 18:17:03','2017-12-14 18:17:03',0,1,12,'allfields.xlsx'),(207,32,'Furnishings',NULL,20,'2017-12-14 18:17:03','2017-12-14 18:17:03',0,1,12,'allfields.xlsx'),(208,32,'Kitchen',NULL,20,'2017-12-14 18:17:03','2017-12-14 18:17:03',0,1,12,'allfields.xlsx'),(209,32,'Dining ',NULL,20,'2017-12-14 18:17:03','2017-12-14 18:17:03',0,1,12,'allfields.xlsx'),(210,32,'Hardware & Electricals',NULL,20,'2017-12-14 18:17:03','2017-12-14 18:17:03',0,1,12,'allfields.xlsx'),(211,34,'Christmas',NULL,20,'2017-12-15 16:44:46','2017-12-15 16:44:46',0,1,12,'allfields.xlsx'),(212,34,'New Year',NULL,20,'2017-12-15 16:44:46','2017-12-15 16:44:46',0,1,12,'allfields.xlsx'),(213,34,'Same Day',NULL,20,'2017-12-15 16:44:46','2017-12-15 16:44:46',0,1,12,'allfields.xlsx'),(214,34,'Birthday',NULL,20,'2017-12-15 16:44:46','2017-12-15 16:44:46',0,1,12,'allfields.xlsx'),(215,34,'Anniversary',NULL,20,'2017-12-15 16:44:46','2017-12-15 16:44:46',0,1,12,'allfields.xlsx'),(216,34,'Occasions',NULL,20,'2017-12-15 16:44:46','2017-12-15 16:44:46',0,1,12,'allfields.xlsx'),(217,34,'Gift Type',NULL,20,'2017-12-15 16:44:46','2017-12-15 16:44:46',0,1,12,'allfields.xlsx'),(218,34,'By Recipient',NULL,20,'2017-12-15 16:44:46','2017-12-15 16:44:46',0,1,12,'allfields.xlsx'),(219,22,'Audio Store',NULL,20,'2017-12-15 17:04:07','2017-12-15 17:04:07',0,1,12,'Electroniccomputerspeakers.xlsx'),(220,35,'Bags & Backpacks',NULL,20,'2017-12-15 17:34:33','2017-12-15 17:34:33',0,1,12,'bagscategoryfile.xlsx'),(221,35,'Luggage',NULL,20,'2017-12-15 17:34:33','2017-12-15 17:34:33',0,1,12,'bagscategoryfile.xlsx'),(222,35,'Handbags & Clutches',NULL,20,'2017-12-15 17:34:33','2017-12-15 17:34:33',0,1,12,'bagscategoryfile.xlsx'),(223,35,'Wallets',NULL,20,'2017-12-15 17:34:33','2017-12-15 17:34:33',0,1,12,'allfields.xlsx'),(224,35,'Stores',NULL,20,'2017-12-15 17:34:33','2017-12-15 17:34:33',0,1,12,'allfields.xlsx'),(225,35,'Camping & Hiking',NULL,20,'2017-12-15 17:34:33','2017-12-15 17:34:33',0,1,12,'allfields.xlsx'),(226,20,'Android',NULL,20,'2017-12-15 17:38:48','2017-12-15 17:38:48',0,1,12,'Electroniccategoryfilemobiles.xlsx'),(227,20,'Windows',NULL,20,'2017-12-15 17:38:48','2017-12-15 17:38:48',0,1,12,'Electroniccategoryfilemobiles.xlsx'),(228,20,'IOS',NULL,20,'2017-12-15 17:38:48','2017-12-15 17:38:48',0,1,12,'Electroniccategoryfilemobiles.xlsx'),(229,20,'Symbian ',NULL,20,'2017-12-18 11:32:24','2017-12-18 11:32:24',0,1,12,'Electroniccategoryfilemobiles.xlsx'),(230,20,'Basic',NULL,20,'2017-12-15 17:38:48','2017-12-15 17:38:48',0,1,12,'Electroniccategoryfilemobiles.xlsx'),(231,20,'Mobile Accessories',NULL,20,'2017-12-15 17:38:48','2017-12-15 17:38:48',0,1,12,'Electroniccategoryfilemobiles.xlsx'),(232,24,'Women\'s Formal & Causal Shoes',NULL,20,'2017-12-15 18:35:37','2017-12-15 18:35:33',0,1,12,'footwareshoe.xlsx'),(233,24,'Women\'s Sports Shoes',NULL,20,'2017-12-15 18:35:39','2017-12-15 18:35:35',0,1,12,'footwareshoe.xlsx'),(234,20,'Tablets','tablets.png',20,'2017-12-18 12:09:19','2017-12-18 12:09:19',0,1,12,NULL),(235,28,'car and bIke','g4.jpg',12,'2017-12-18 18:35:20','2017-12-18 18:35:20',0,1,12,NULL);

/*Table structure for table `subcategory` */

DROP TABLE IF EXISTS `subcategory`;

CREATE TABLE `subcategory` (
  `seller_subcategory_id` int(11) NOT NULL AUTO_INCREMENT,
  `seller_id` int(11) NOT NULL,
  `category_id` int(11) NOT NULL,
  `subcategory_id` int(11) NOT NULL,
  PRIMARY KEY (`seller_subcategory_id`)
) ENGINE=InnoDB AUTO_INCREMENT=6 DEFAULT CHARSET=latin1;

/*Data for the table `subcategory` */

insert  into `subcategory`(`seller_subcategory_id`,`seller_id`,`category_id`,`subcategory_id`) values (1,8,1,1),(2,8,2,12),(3,8,1,3),(4,8,2,16),(5,8,2,15);

/*Table structure for table `subitem_wise_filter_search` */

DROP TABLE IF EXISTS `subitem_wise_filter_search`;

CREATE TABLE `subitem_wise_filter_search` (
  `id` int(11) NOT NULL AUTO_INCREMENT,
  `ip_address` varchar(250) DEFAULT NULL,
  `subcategory_id` varchar(250) DEFAULT NULL,
  `subitemid` varchar(250) DEFAULT NULL,
  `minimum_price` varchar(250) DEFAULT NULL,
  `maximum_price` varchar(250) DEFAULT NULL,
  `offer` varchar(250) DEFAULT NULL,
  `brand` varchar(250) DEFAULT NULL,
  `discount` varchar(250) DEFAULT NULL,
  `colour` varchar(250) DEFAULT NULL,
  `size` varchar(250) DEFAULT NULL,
  `ram` varchar(250) DEFAULT NULL,
  `os` varchar(250) DEFAULT NULL,
  `sim_type` varchar(250) DEFAULT NULL,
  `camera` varchar(250) DEFAULT NULL,
  `internal_memeory` varchar(250) DEFAULT NULL,
  `screen_size` varchar(250) DEFAULT NULL,
  `Processor` varchar(250) DEFAULT NULL,
  `printer_type` varchar(250) DEFAULT NULL,
  `type` varbinary(250) DEFAULT NULL,
  `max_copies` varchar(250) DEFAULT NULL,
  `paper_size` varchar(250) DEFAULT NULL,
  `headphone_jack` varchar(250) DEFAULT NULL,
  `noise_reduction` varchar(250) DEFAULT NULL,
  `usb_port` varchar(250) DEFAULT NULL,
  `compatible_for` varchar(250) DEFAULT NULL,
  `scanner_type` varchar(250) DEFAULT NULL,
  `resolution` varchar(250) DEFAULT NULL,
  `f_stop` varchar(250) DEFAULT NULL,
  `minimum_focusing_distance` varchar(250) DEFAULT NULL,
  `aperture_withmaxfocal_length` varchar(250) DEFAULT NULL,
  `picture_angle` varchar(250) DEFAULT NULL,
  `weight` varchar(250) DEFAULT NULL,
  `occasion` varchar(250) DEFAULT NULL,
  `material` varchar(250) DEFAULT NULL,
  `collar_type` varchar(250) DEFAULT NULL,
  `gender` varchar(250) DEFAULT NULL,
  `sleeve` varchar(250) DEFAULT NULL,
  `look` varchar(250) DEFAULT NULL,
  `style_code` varchar(250) DEFAULT NULL,
  `inner_material` varchar(250) DEFAULT NULL,
  `waterproof` varchar(250) DEFAULT NULL,
  `create_at` datetime DEFAULT NULL,
  PRIMARY KEY (`id`)
) ENGINE=InnoDB AUTO_INCREMENT=3 DEFAULT CHARSET=latin1;

/*Data for the table `subitem_wise_filter_search` */

/*Table structure for table `tmpcart` */

DROP TABLE IF EXISTS `tmpcart`;

CREATE TABLE `tmpcart` (
  `cart_id` bigint(20) NOT NULL AUTO_INCREMENT,
  `cart_data` text NOT NULL,
  UNIQUE KEY `cart_id` (`cart_id`)
) ENGINE=InnoDB AUTO_INCREMENT=5 DEFAULT CHARSET=latin1;

/*Data for the table `tmpcart` */

insert  into `tmpcart`(`cart_id`,`cart_data`) values (2,'a:0:{}'),(3,'a:0:{}'),(4,'a:1:{s:32:\"1679091c5a880faf6fb5e6087eb1b2dc\";a:6:{s:5:\"rowid\";s:32:\"1679091c5a880faf6fb5e6087eb1b2dc\";s:2:\"id\";s:1:\"6\";s:3:\"qty\";s:1:\"1\";s:5:\"price\";s:3:\"500\";s:4:\"name\";s:10:\"skin cream\";s:8:\"subtotal\";i:500;}}');

/*Table structure for table `top_offers` */

DROP TABLE IF EXISTS `top_offers`;

CREATE TABLE `top_offers` (
  `top_offer_id` int(11) NOT NULL AUTO_INCREMENT,
  `item_id` int(11) DEFAULT NULL,
  `seller_id` int(11) DEFAULT NULL,
  `category_id` int(11) DEFAULT NULL,
  `subcategory_id` int(11) DEFAULT NULL,
  `item_price` varchar(250) DEFAULT NULL,
  `offer_percentage` varchar(11) DEFAULT NULL,
  `offer_amount` varchar(250) DEFAULT NULL,
  `intialdate` date DEFAULT NULL,
  `expairdate` varchar(250) DEFAULT NULL,
  `status` int(11) DEFAULT '0',
  `create_at` datetime DEFAULT NULL,
  `area` int(11) DEFAULT NULL,
  `home_page_status` int(11) DEFAULT '0',
  `preview_ok` int(11) DEFAULT '0',
  PRIMARY KEY (`top_offer_id`)
) ENGINE=InnoDB AUTO_INCREMENT=173 DEFAULT CHARSET=latin1;

/*Data for the table `top_offers` */

insert  into `top_offers`(`top_offer_id`,`item_id`,`seller_id`,`category_id`,`subcategory_id`,`item_price`,`offer_percentage`,`offer_amount`,`intialdate`,`expairdate`,`status`,`create_at`,`area`,`home_page_status`,`preview_ok`) values (166,1069,142,21,41,'500','12.00','60','2017-12-16','2017-12-23 05:45:51 PM',1,'2017-12-16 17:45:51',2,1,1),(167,1070,142,21,41,'500','12.00','60','2017-12-16','2017-12-23 05:45:51 PM',1,'2017-12-16 17:45:51',2,1,1),(168,1068,142,21,41,'500','12.00','60','2017-12-16','2017-12-23 05:45:51 PM',1,'2017-12-16 17:45:51',2,1,1),(169,1067,142,21,41,'500','12.00','60','2017-12-16','2017-12-23 05:45:52 PM',1,'2017-12-16 17:45:52',2,1,1),(170,1078,142,30,184,'5000','15.00','750','2017-12-16','2017-12-23 05:46:01 PM',1,'2017-12-16 17:46:01',2,1,1),(171,1073,142,21,41,'1953.85','18.00','351.693','2017-12-18','2017-12-25 11:45:16 AM',1,'2017-12-18 11:45:16',2,1,1),(172,1079,142,21,41,'500','20.00','100','2017-12-18','2017-12-25 11:48:09 AM',1,'2017-12-18 11:48:09',2,1,1);

/*Table structure for table `uk_sizes_list` */

DROP TABLE IF EXISTS `uk_sizes_list`;

CREATE TABLE `uk_sizes_list` (
  `size_id` int(11) NOT NULL AUTO_INCREMENT,
  `size_name` varchar(250) DEFAULT NULL,
  `status` int(11) DEFAULT '1',
  `create_at` datetime DEFAULT NULL,
  `seller_id` int(11) DEFAULT NULL,
  `seller_status` int(11) DEFAULT '1',
  PRIMARY KEY (`size_id`)
) ENGINE=MyISAM AUTO_INCREMENT=21 DEFAULT CHARSET=latin1;

/*Data for the table `uk_sizes_list` */

insert  into `uk_sizes_list`(`size_id`,`size_name`,`status`,`create_at`,`seller_id`,`seller_status`) values (16,'40',1,'2017-07-31 16:59:19',NULL,1),(17,'28',1,'2017-07-31 16:59:29',NULL,1),(18,'30',1,'2017-09-01 16:59:36',NULL,1),(19,'32',1,'2017-07-31 16:59:48',NULL,1),(20,'10',1,'2017-07-31 16:59:53',NULL,1);

/*Table structure for table `user` */

DROP TABLE IF EXISTS `user`;

CREATE TABLE `user` (
  `user_id` int(11) NOT NULL AUTO_INCREMENT,
  `user_name` varchar(20) NOT NULL,
  `user_email` varchar(50) NOT NULL,
  `user_mobile` bigint(20) NOT NULL,
  `user_password` varchar(60) NOT NULL,
  `user_summary` text NOT NULL,
  `identifier` varchar(500) NOT NULL,
  `provider` varchar(500) NOT NULL,
  `created_at` datetime NOT NULL,
  `updated_at` datetime NOT NULL,
  `status` int(11) NOT NULL DEFAULT '0',
  `forgot_status` int(11) NOT NULL DEFAULT '0',
  PRIMARY KEY (`user_id`)
) ENGINE=InnoDB AUTO_INCREMENT=13 DEFAULT CHARSET=latin1;

/*Data for the table `user` */

insert  into `user`(`user_id`,`user_name`,`user_email`,`user_mobile`,`user_password`,`user_summary`,`identifier`,`provider`,`created_at`,`updated_at`,`status`,`forgot_status`) values (1,'kiran','kiran@kateit.in',0,'cfca875af8f6742c515863628cf0bd35','','','','2017-04-14 14:02:47','2017-04-14 14:02:47',1,0),(7,'kiran','kirankmr220@gmail.com',7097919424,'cfca875af8f6742c515863628cf0bd35','','','','2017-04-25 07:10:12','2017-04-25 13:17:30',0,0),(8,'kiran','jakka.kirankumar@gmail.com',7097919424,'cfca875af8f6742c515863628cf0bd35','','','','2017-04-25 07:13:03','2017-04-25 07:13:03',0,0),(9,'ravali123','ravali@kateit.in',7789654123,'e639a42d580dee0defd607e129284c0e','','','','2017-05-01 05:45:23','2017-05-06 09:20:11',0,0),(10,'sandeep','sandeep225522@gmail.com',9160090122,'a3d3a23c14c3f6abd6b183242ef2c425','','','','2017-05-06 09:29:26','2017-05-09 10:46:56',0,0),(11,'sameer','wanjarisameer@gmail.com',9021589596,'d791233afc34c2644ad39e1d51a4bf21','','','','2017-05-09 05:13:16','2017-05-09 10:44:17',0,0),(12,'raghava','raghava@gmail.com',1234567890,'0bdac32c23df6c7276bac9bef3448f71','','','','2017-05-09 09:17:37','2017-05-09 14:49:19',0,0);

/*Table structure for table `users` */

DROP TABLE IF EXISTS `users`;

CREATE TABLE `users` (
  `id` int(32) unsigned NOT NULL AUTO_INCREMENT,
  `email` varchar(255) NOT NULL,
  `password` varchar(255) NOT NULL,
  `first_name` varchar(255) DEFAULT NULL,
  `last_name` varchar(255) DEFAULT NULL,
  PRIMARY KEY (`id`)
) ENGINE=InnoDB DEFAULT CHARSET=latin1;

/*Data for the table `users` */

/*Table structure for table `vewed_products` */

DROP TABLE IF EXISTS `vewed_products`;

CREATE TABLE `vewed_products` (
  `id` int(11) NOT NULL AUTO_INCREMENT,
  `item_id` int(11) DEFAULT NULL,
  `customer_id` int(11) DEFAULT NULL,
  `created_at` datetime DEFAULT NULL,
  PRIMARY KEY (`id`)
) ENGINE=InnoDB AUTO_INCREMENT=12 DEFAULT CHARSET=latin1;

/*Data for the table `vewed_products` */

insert  into `vewed_products`(`id`,`item_id`,`customer_id`,`created_at`) values (1,1079,0,'2017-12-19 15:02:54'),(2,1078,0,'2017-12-19 15:03:03'),(3,1079,0,'2017-12-19 15:03:25'),(4,1079,0,'2017-12-19 15:06:14'),(5,1075,0,'2017-12-19 15:06:57'),(6,851,0,'2017-12-20 10:43:58'),(7,1096,0,'2017-12-20 12:38:58'),(8,1113,0,'2017-12-22 18:03:55'),(9,1113,0,'2017-12-22 18:08:15'),(10,1106,0,'2017-12-22 18:22:34'),(11,1106,0,'2017-12-22 18:27:52');

/*Table structure for table `wishlistbanners_list` */

DROP TABLE IF EXISTS `wishlistbanners_list`;

CREATE TABLE `wishlistbanners_list` (
  `id` int(11) unsigned NOT NULL AUTO_INCREMENT,
  `image` varchar(250) DEFAULT NULL,
  `type` int(11) DEFAULT NULL,
  `status` int(11) DEFAULT '1',
  `create_at` datetime DEFAULT NULL,
  PRIMARY KEY (`id`)
) ENGINE=InnoDB AUTO_INCREMENT=8 DEFAULT CHARSET=latin1;

/*Data for the table `wishlistbanners_list` */

insert  into `wishlistbanners_list`(`id`,`image`,`type`,`status`,`create_at`) values (5,'6a3cce.jpg',NULL,1,'2017-10-18 14:26:07'),(6,'96c8f2.jpg',NULL,1,'2017-10-18 14:26:07'),(7,'6a3cce.jpg',NULL,1,'2017-10-18 14:26:07');

/*!40101 SET SQL_MODE=@OLD_SQL_MODE */;
/*!40014 SET FOREIGN_KEY_CHECKS=@OLD_FOREIGN_KEY_CHECKS */;
/*!40014 SET UNIQUE_CHECKS=@OLD_UNIQUE_CHECKS */;
/*!40111 SET SQL_NOTES=@OLD_SQL_NOTES */;
